Image1,Image2,Similarity
ISIC_1510820.jpg,ISIC_1539596.jpg,0.649649977684021
ISIC_1510820.jpg,ISIC_1541719.jpg,0.881115734577179
ISIC_1510820.jpg,ISIC_1541919.jpg,0.7334553599357605
ISIC_1510820.jpg,ISIC_1542403.jpg,0.775873601436615
ISIC_1510820.jpg,ISIC_1543649.jpg,0.7860082387924194
ISIC_1510820.jpg,ISIC_1544307.jpg,0.7145696878433228
ISIC_1510820.jpg,ISIC_1544376.jpg,0.7584273219108582
ISIC_1510820.jpg,ISIC_1545466.jpg,0.8396351337432861
ISIC_1510820.jpg,ISIC_1545645.jpg,0.7103214263916016
ISIC_1510820.jpg,ISIC_1551763.jpg,0.6305050253868103
ISIC_1510820.jpg,ISIC_1552117.jpg,0.7204477787017822
ISIC_1510820.jpg,ISIC_1554000.jpg,0.26263195276260376
ISIC_1510820.jpg,ISIC_1558004.jpg,0.414737343788147
ISIC_1510820.jpg,ISIC_1560689.jpg,0.5047681927680969
ISIC_1510820.jpg,ISIC_1560978.jpg,0.5977525115013123
ISIC_1510820.jpg,ISIC_1561927.jpg,0.777765691280365
ISIC_1510820.jpg,ISIC_1564663.jpg,0.816008985042572
ISIC_1510820.jpg,ISIC_1565187.jpg,0.8029971122741699
ISIC_1510820.jpg,ISIC_1565504.jpg,0.30688562989234924
ISIC_1510820.jpg,ISIC_1566553.jpg,0.6699280738830566
ISIC_1510820.jpg,ISIC_1567171.jpg,0.7222689390182495
ISIC_1510820.jpg,ISIC_1567755.jpg,0.7176480889320374
ISIC_1510820.jpg,ISIC_1569193.jpg,0.499947190284729
ISIC_1510820.jpg,ISIC_1570233.jpg,0.5791909694671631
ISIC_1510820.jpg,ISIC_1571910.jpg,0.12492401897907257
ISIC_1510820.jpg,ISIC_1576440.jpg,0.5196856260299683
ISIC_1510820.jpg,ISIC_1577307.jpg,0.7822323441505432
ISIC_1510820.jpg,ISIC_1577729.jpg,0.8703469038009644
ISIC_1510820.jpg,ISIC_1578405.jpg,0.6031538844108582
ISIC_1510820.jpg,ISIC_1579773.jpg,0.7958226799964905
ISIC_1510820.jpg,ISIC_1581247.jpg,0.5371047854423523
ISIC_1510820.jpg,ISIC_1582062.jpg,0.12981118261814117
ISIC_1510820.jpg,ISIC_1582282.jpg,0.7870098948478699
ISIC_1510820.jpg,ISIC_1584462.jpg,0.7697830200195312
ISIC_1510820.jpg,ISIC_1586288.jpg,0.8145458698272705
ISIC_1510820.jpg,ISIC_1586360.jpg,0.7882994413375854
ISIC_1510820.jpg,ISIC_1589060.jpg,0.8553416132926941
ISIC_1510820.jpg,ISIC_1589872.jpg,0.43270403146743774
ISIC_1510820.jpg,ISIC_1589895.jpg,0.6402282118797302
ISIC_1510820.jpg,ISIC_1590307.jpg,0.8589274883270264
ISIC_1510820.jpg,ISIC_1591962.jpg,0.8187224268913269
ISIC_1510820.jpg,ISIC_1592464.jpg,0.7328168749809265
ISIC_1510820.jpg,ISIC_1593714.jpg,0.19027210772037506
ISIC_1510820.jpg,ISIC_1596422.jpg,0.5562915802001953
ISIC_1510820.jpg,ISIC_1599454.jpg,0.595803439617157
ISIC_1510820.jpg,ISIC_1600890.jpg,0.7235155701637268
ISIC_1510820.jpg,ISIC_1601014.jpg,0.5249692797660828
ISIC_1510820.jpg,ISIC_1603921.jpg,0.43525126576423645
ISIC_1510820.jpg,ISIC_1605133.jpg,0.8157498836517334
ISIC_1510820.jpg,ISIC_1605633.jpg,0.3516325354576111
ISIC_1510820.jpg,ISIC_1605845.jpg,0.7673344612121582
ISIC_1510820.jpg,ISIC_1607922.jpg,0.37716159224510193
ISIC_1510820.jpg,ISIC_1608729.jpg,0.7373963594436646
ISIC_1510820.jpg,ISIC_1608811.jpg,0.3561805188655853
ISIC_1510820.jpg,ISIC_1608962.jpg,0.8327543139457703
ISIC_1510820.jpg,ISIC_1611477.jpg,0.6887668371200562
ISIC_1510820.jpg,ISIC_1611666.jpg,0.8005143404006958
ISIC_1510820.jpg,ISIC_1612523.jpg,0.8192178606987
ISIC_1510820.jpg,ISIC_1613476.jpg,0.901441752910614
ISIC_1510820.jpg,ISIC_1613528.jpg,0.708377480506897
ISIC_1510820.jpg,ISIC_1613780.jpg,0.9068529009819031
ISIC_1510820.jpg,ISIC_1614037.jpg,0.6179376244544983
ISIC_1510820.jpg,ISIC_1615667.jpg,0.8378639817237854
ISIC_1510820.jpg,ISIC_1615785.jpg,0.2896685302257538
ISIC_1510820.jpg,ISIC_1619137.jpg,0.8498249650001526
ISIC_1510820.jpg,ISIC_1621521.jpg,0.7657452821731567
ISIC_1510820.jpg,ISIC_1621972.jpg,0.3720872104167938
ISIC_1510820.jpg,ISIC_1624232.jpg,0.8173139691352844
ISIC_1510820.jpg,ISIC_1624465.jpg,0.7410444021224976
ISIC_1510820.jpg,ISIC_1624776.jpg,0.8585322499275208
ISIC_1510820.jpg,ISIC_1626751.jpg,0.6371436715126038
ISIC_1510820.jpg,ISIC_1627413.jpg,0.7808825969696045
ISIC_1510820.jpg,ISIC_1627619.jpg,0.49197518825531006
ISIC_1510820.jpg,ISIC_1628162.jpg,0.5789480805397034
ISIC_1510820.jpg,ISIC_1628721.jpg,0.8718003630638123
ISIC_1510820.jpg,ISIC_1630003.jpg,0.5851726531982422
ISIC_1510820.jpg,ISIC_1630017.jpg,0.23564426600933075
ISIC_1510820.jpg,ISIC_1631155.jpg,0.8822049498558044
ISIC_1510820.jpg,ISIC_1632378.jpg,0.502537190914154
ISIC_1510820.jpg,ISIC_1632938.jpg,0.4809598922729492
ISIC_1510820.jpg,ISIC_1634129.jpg,0.7280104160308838
ISIC_1510820.jpg,ISIC_1637450.jpg,0.7691087126731873
ISIC_1510820.jpg,ISIC_1637595.jpg,0.7177211046218872
ISIC_1510820.jpg,ISIC_1639429.jpg,0.7839420437812805
ISIC_1510820.jpg,ISIC_1640686.jpg,0.6910409927368164
ISIC_1510820.jpg,ISIC_1641015.jpg,0.6519900560379028
ISIC_1510820.jpg,ISIC_1642210.jpg,0.6351614594459534
ISIC_1510820.jpg,ISIC_1642626.jpg,0.8444898128509521
ISIC_1510820.jpg,ISIC_1643353.jpg,0.7081915140151978
ISIC_1510820.jpg,ISIC_1643380.jpg,0.5568640232086182
ISIC_1510820.jpg,ISIC_1643383.jpg,0.8677729368209839
ISIC_1510820.jpg,ISIC_1643984.jpg,0.6507670283317566
ISIC_1510820.jpg,ISIC_1644228.jpg,0.7116224765777588
ISIC_1510820.jpg,ISIC_1644845.jpg,0.8078411817550659
ISIC_1510820.jpg,ISIC_1645390.jpg,0.7771043181419373
ISIC_1510820.jpg,ISIC_1645689.jpg,0.7292318344116211
ISIC_1510820.jpg,ISIC_1646877.jpg,0.5612420439720154
ISIC_1510820.jpg,ISIC_1646969.jpg,0.8572086691856384
ISIC_1510820.jpg,ISIC_1648251.jpg,0.42968693375587463
ISIC_1510820.jpg,ISIC_1648791.jpg,0.7888512015342712
ISIC_1510820.jpg,ISIC_1649659.jpg,0.755965530872345
ISIC_1510820.jpg,ISIC_1649760.jpg,0.8697357177734375
ISIC_1510820.jpg,ISIC_1650615.jpg,0.6310911178588867
ISIC_1510820.jpg,ISIC_1651006.jpg,0.8093516826629639
ISIC_1510820.jpg,ISIC_1651164.jpg,0.7674680948257446
ISIC_1510820.jpg,ISIC_1653663.jpg,0.6176815032958984
ISIC_1510820.jpg,ISIC_1653866.jpg,0.8447952270507812
ISIC_1510820.jpg,ISIC_1654007.jpg,0.7995367646217346
ISIC_1510820.jpg,ISIC_1656201.jpg,0.7283194065093994
ISIC_1510820.jpg,ISIC_1656828.jpg,0.650615394115448
ISIC_1510820.jpg,ISIC_1657960.jpg,0.8112331032752991
ISIC_1510820.jpg,ISIC_1658310.jpg,0.7323986887931824
ISIC_1510820.jpg,ISIC_1661254.jpg,0.9068540930747986
ISIC_1510820.jpg,ISIC_1663074.jpg,0.14085158705711365
ISIC_1510820.jpg,ISIC_1663587.jpg,0.7366634011268616
ISIC_1510820.jpg,ISIC_1663846.jpg,0.7262312173843384
ISIC_1510820.jpg,ISIC_1665747.jpg,0.756517231464386
ISIC_1510820.jpg,ISIC_1666748.jpg,0.5013043284416199
ISIC_1510820.jpg,ISIC_1667112.jpg,0.8428311944007874
ISIC_1510820.jpg,ISIC_1667159.jpg,0.16371966898441315
ISIC_1510820.jpg,ISIC_1667598.jpg,0.7090571522712708
ISIC_1510820.jpg,ISIC_1668197.jpg,0.8540675640106201
ISIC_1510820.jpg,ISIC_1668229.jpg,0.8123028874397278
ISIC_1510820.jpg,ISIC_1668526.jpg,0.8605800271034241
ISIC_1510820.jpg,ISIC_1669403.jpg,0.8109612464904785
ISIC_1510820.jpg,ISIC_1670585.jpg,0.4340127110481262
ISIC_1510820.jpg,ISIC_1672482.jpg,0.8027418851852417
ISIC_1510820.jpg,ISIC_1673959.jpg,0.43778547644615173
ISIC_1510820.jpg,ISIC_1674796.jpg,0.34048551321029663
ISIC_1510820.jpg,ISIC_1675841.jpg,0.5737266540527344
ISIC_1510820.jpg,ISIC_1676054.jpg,0.17410537600517273
ISIC_1510820.jpg,ISIC_1678192.jpg,0.5067540407180786
ISIC_1510820.jpg,ISIC_1678274.jpg,0.8522351980209351
ISIC_1510820.jpg,ISIC_1679661.jpg,0.8761897087097168
ISIC_1510820.jpg,ISIC_1681968.jpg,0.552781343460083
ISIC_1510820.jpg,ISIC_1682504.jpg,0.7961155772209167
ISIC_1510820.jpg,ISIC_1683990.jpg,0.5999916791915894
ISIC_1510820.jpg,ISIC_1684260.jpg,0.5943353176116943
ISIC_1510820.jpg,ISIC_1687730.jpg,0.6127989888191223
ISIC_1510820.jpg,ISIC_1688603.jpg,0.8971714973449707
ISIC_1510820.jpg,ISIC_1692314.jpg,0.9191651344299316
ISIC_1510820.jpg,ISIC_1692403.jpg,0.5392457246780396
ISIC_1510820.jpg,ISIC_1693098.jpg,0.44144898653030396
ISIC_1510820.jpg,ISIC_1694285.jpg,0.24413160979747772
ISIC_1510820.jpg,ISIC_1700495.jpg,0.5428013801574707
ISIC_1510820.jpg,ISIC_1754841.jpg,0.7528335452079773
ISIC_1510820.jpg,ISIC_1754913.jpg,0.7574834227561951
ISIC_1510820.jpg,ISIC_1756367.jpg,0.45640942454338074
ISIC_1510820.jpg,ISIC_1756907.jpg,0.8289964199066162
ISIC_1510820.jpg,ISIC_1764662.jpg,0.771279513835907
ISIC_1510820.jpg,ISIC_1769691.jpg,0.23546846210956573
ISIC_1510820.jpg,ISIC_1774238.jpg,0.6747939586639404
ISIC_1510820.jpg,ISIC_1775703.jpg,0.7805222272872925
ISIC_1510820.jpg,ISIC_1776632.jpg,0.3382055163383484
ISIC_1510820.jpg,ISIC_1777932.jpg,0.2680644989013672
ISIC_1510820.jpg,ISIC_1778659.jpg,0.5774741172790527
ISIC_1510820.jpg,ISIC_1781813.jpg,0.769018828868866
ISIC_1510820.jpg,ISIC_1782165.jpg,0.4831998944282532
ISIC_1510820.jpg,ISIC_1782744.jpg,0.8787293434143066
ISIC_1510820.jpg,ISIC_1784054.jpg,0.7493177652359009
ISIC_1510820.jpg,ISIC_1786585.jpg,0.8618059754371643
ISIC_1510820.jpg,ISIC_1786786.jpg,0.9041239023208618
ISIC_1510820.jpg,ISIC_1788431.jpg,0.14803446829319
ISIC_1510820.jpg,ISIC_1789614.jpg,0.8314115405082703
ISIC_1510820.jpg,ISIC_1790656.jpg,0.6466710567474365
ISIC_1510820.jpg,ISIC_1790730.jpg,0.9373046159744263
ISIC_1510820.jpg,ISIC_1790991.jpg,0.8975680470466614
ISIC_1510820.jpg,ISIC_1792101.jpg,0.6562989354133606
ISIC_1510820.jpg,ISIC_1793248.jpg,0.6691436171531677
ISIC_1510820.jpg,ISIC_1794017.jpg,0.10259829461574554
ISIC_1510820.jpg,ISIC_1794134.jpg,0.5927721261978149
ISIC_1510820.jpg,ISIC_1794778.jpg,0.5849027037620544
ISIC_1510820.jpg,ISIC_1796766.jpg,0.6973001956939697
ISIC_1510820.jpg,ISIC_1797636.jpg,0.7850217223167419
ISIC_1510820.jpg,ISIC_1799075.jpg,0.7330783009529114
ISIC_1510820.jpg,ISIC_1799089.jpg,0.6778609156608582
ISIC_1510820.jpg,ISIC_1799448.jpg,0.7200518250465393
ISIC_1510820.jpg,ISIC_1801652.jpg,0.6988263130187988
ISIC_1510820.jpg,ISIC_1804301.jpg,0.8131659626960754
ISIC_1510820.jpg,ISIC_1804517.jpg,0.8631910681724548
ISIC_1510820.jpg,ISIC_1806150.jpg,0.71864253282547
ISIC_1510820.jpg,ISIC_1806229.jpg,0.9136254191398621
ISIC_1510820.jpg,ISIC_1807544.jpg,0.7954888343811035
ISIC_1510820.jpg,ISIC_1808187.jpg,0.8494160771369934
ISIC_1510820.jpg,ISIC_1808628.jpg,0.8505891561508179
ISIC_1510820.jpg,ISIC_1809213.jpg,0.877816915512085
ISIC_1510820.jpg,ISIC_1809407.jpg,0.7034903764724731
ISIC_1510820.jpg,ISIC_1809790.jpg,0.5156658887863159
ISIC_1510820.jpg,ISIC_1812060.jpg,0.15416641533374786
ISIC_1510820.jpg,ISIC_1813039.jpg,0.8149151802062988
ISIC_1510820.jpg,ISIC_1814693.jpg,0.36595794558525085
ISIC_1510820.jpg,ISIC_1816112.jpg,0.7664098739624023
ISIC_1510820.jpg,ISIC_1816391.jpg,0.7592796087265015
ISIC_1510820.jpg,ISIC_1818358.jpg,0.7872810363769531
ISIC_1510820.jpg,ISIC_1819117.jpg,0.20577865839004517
ISIC_1510820.jpg,ISIC_1819538.jpg,0.7944063544273376
ISIC_1510820.jpg,ISIC_1822720.jpg,0.7242693901062012
ISIC_1510820.jpg,ISIC_1822797.jpg,0.69060218334198
ISIC_1510820.jpg,ISIC_1822809.jpg,0.8047175407409668
ISIC_1510820.jpg,ISIC_1824174.jpg,0.6305497288703918
ISIC_1510820.jpg,ISIC_1826106.jpg,0.8244210481643677
ISIC_1510820.jpg,ISIC_1827695.jpg,0.7944476008415222
ISIC_1510820.jpg,ISIC_1828583.jpg,0.8621102571487427
ISIC_1510820.jpg,ISIC_1829787.jpg,0.5728919506072998
ISIC_1510820.jpg,ISIC_1830939.jpg,0.6895809173583984
ISIC_1510820.jpg,ISIC_1831149.jpg,0.7839435338973999
ISIC_1510820.jpg,ISIC_1831532.jpg,0.7097540497779846
ISIC_1510820.jpg,ISIC_1836525.jpg,0.5455018877983093
ISIC_1510820.jpg,ISIC_1837240.jpg,0.754551112651825
ISIC_1510820.jpg,ISIC_1837615.jpg,0.7718428373336792
ISIC_1510820.jpg,ISIC_1838229.jpg,0.8376191258430481
ISIC_1510820.jpg,ISIC_1841330.jpg,0.3025660812854767
ISIC_1510820.jpg,ISIC_1841540.jpg,0.509148895740509
ISIC_1510820.jpg,ISIC_1841758.jpg,0.7235499024391174
ISIC_1510820.jpg,ISIC_1842338.jpg,0.5912404656410217
ISIC_1510820.jpg,ISIC_1842457.jpg,0.7677751183509827
ISIC_1510820.jpg,ISIC_1843255.jpg,0.7568358182907104
ISIC_1510820.jpg,ISIC_1843948.jpg,0.7627245783805847
ISIC_1510820.jpg,ISIC_1844023.jpg,0.37832850217819214
ISIC_1510820.jpg,ISIC_1845160.jpg,0.21180374920368195
ISIC_1510820.jpg,ISIC_1845560.jpg,0.6463770866394043
ISIC_1510820.jpg,ISIC_1847600.jpg,0.5162745118141174
ISIC_1510820.jpg,ISIC_1847981.jpg,0.8212302923202515
ISIC_1510820.jpg,ISIC_1848625.jpg,0.6963934302330017
ISIC_1510820.jpg,ISIC_1848959.jpg,0.836555004119873
ISIC_1510820.jpg,ISIC_1849238.jpg,0.728263258934021
ISIC_1510820.jpg,ISIC_1849240.jpg,0.35952305793762207
ISIC_1510820.jpg,ISIC_1849415.jpg,0.8658060431480408
ISIC_1510820.jpg,ISIC_1850537.jpg,0.13058823347091675
ISIC_1510820.jpg,ISIC_1852113.jpg,0.6683021783828735
ISIC_1510820.jpg,ISIC_1853428.jpg,0.4672400951385498
ISIC_1510820.jpg,ISIC_1853981.jpg,0.8640692234039307
ISIC_1510820.jpg,ISIC_1854252.jpg,0.7431960105895996
ISIC_1510820.jpg,ISIC_1854364.jpg,0.6383448243141174
ISIC_1510820.jpg,ISIC_1854712.jpg,0.8000352382659912
ISIC_1510820.jpg,ISIC_1854733.jpg,0.5409915447235107
ISIC_1510820.jpg,ISIC_1855110.jpg,0.8148497939109802
ISIC_1510820.jpg,ISIC_1855861.jpg,0.8404883146286011
ISIC_1510820.jpg,ISIC_1856864.jpg,0.8401255011558533
ISIC_1510820.jpg,ISIC_1857341.jpg,0.6463698148727417
ISIC_1510820.jpg,ISIC_1859623.jpg,0.8360198140144348
ISIC_1510820.jpg,ISIC_1861560.jpg,0.7279973030090332
ISIC_1510820.jpg,ISIC_1861675.jpg,0.8737722635269165
ISIC_1510820.jpg,ISIC_1862054.jpg,0.8000076413154602
ISIC_1510820.jpg,ISIC_1862370.jpg,0.5822580456733704
ISIC_1510820.jpg,ISIC_1862706.jpg,0.249452605843544
ISIC_1510820.jpg,ISIC_1864809.jpg,0.8023748397827148
ISIC_1510820.jpg,ISIC_1867969.jpg,0.7287660241127014
ISIC_1510820.jpg,ISIC_1868591.jpg,0.890947163105011
ISIC_1510820.jpg,ISIC_1868616.jpg,0.40761613845825195
ISIC_1510820.jpg,ISIC_1869144.jpg,0.9325772523880005
ISIC_1510820.jpg,ISIC_1869410.jpg,0.6633676290512085
ISIC_1510820.jpg,ISIC_1869472.jpg,0.3736726939678192
ISIC_1510820.jpg,ISIC_1869524.jpg,0.8693045377731323
ISIC_1510820.jpg,ISIC_1870646.jpg,0.8729826211929321
ISIC_1510820.jpg,ISIC_1871539.jpg,0.7468871474266052
ISIC_1510820.jpg,ISIC_1871802.jpg,0.12319590151309967
ISIC_1510820.jpg,ISIC_1872208.jpg,0.7628822326660156
ISIC_1510820.jpg,ISIC_1872429.jpg,0.7008025050163269
ISIC_1510820.jpg,ISIC_1872664.jpg,0.3910220265388489
ISIC_1510820.jpg,ISIC_1873885.jpg,0.8586648106575012
ISIC_1510820.jpg,ISIC_1875012.jpg,0.4878080189228058
ISIC_1510820.jpg,ISIC_1876605.jpg,0.7344014048576355
ISIC_1510820.jpg,ISIC_1879385.jpg,0.6822361350059509
ISIC_1510820.jpg,ISIC_1884196.jpg,0.8772297501564026
ISIC_1510820.jpg,ISIC_1889076.jpg,0.26959842443466187
ISIC_1510820.jpg,ISIC_1889661.jpg,0.6278892755508423
ISIC_1510820.jpg,ISIC_1890526.jpg,0.5688017010688782
ISIC_1510820.jpg,ISIC_1892060.jpg,0.5277734994888306
ISIC_1510820.jpg,ISIC_1893315.jpg,0.5171126127243042
ISIC_1510820.jpg,ISIC_1896169.jpg,0.5600482225418091
ISIC_1510820.jpg,ISIC_1899151.jpg,0.42043963074684143
ISIC_1510820.jpg,ISIC_1899160.jpg,0.7070268392562866
ISIC_1510820.jpg,ISIC_1899951.jpg,0.6594858765602112
ISIC_1510820.jpg,ISIC_1901233.jpg,0.865103006362915
ISIC_1510820.jpg,ISIC_1901270.jpg,0.45497578382492065
ISIC_1510820.jpg,ISIC_1901914.jpg,0.7587444186210632
ISIC_1510820.jpg,ISIC_1901966.jpg,0.8005785942077637
ISIC_1510820.jpg,ISIC_1903251.jpg,0.6661840081214905
ISIC_1510820.jpg,ISIC_1903896.jpg,0.7320860028266907
ISIC_1510820.jpg,ISIC_1904819.jpg,0.1876857876777649
ISIC_1510820.jpg,ISIC_1904851.jpg,0.8411733508110046
ISIC_1510820.jpg,ISIC_1905336.jpg,0.3324184715747833
ISIC_1510820.jpg,ISIC_1905650.jpg,0.5172590613365173
ISIC_1510820.jpg,ISIC_1907520.jpg,0.550037145614624
ISIC_1510820.jpg,ISIC_1908456.jpg,0.3814890384674072
ISIC_1510820.jpg,ISIC_1909382.jpg,0.6889609098434448
ISIC_1510820.jpg,ISIC_1909444.jpg,0.762689471244812
ISIC_1510820.jpg,ISIC_1909792.jpg,0.3752021789550781
ISIC_1510820.jpg,ISIC_1911649.jpg,0.8728381991386414
ISIC_1510820.jpg,ISIC_1914789.jpg,0.12788045406341553
ISIC_1510820.jpg,ISIC_1915703.jpg,0.4793531894683838
ISIC_1510820.jpg,ISIC_1915940.jpg,0.9063591957092285
ISIC_1510820.jpg,ISIC_1916336.jpg,0.7438094019889832
ISIC_1510820.jpg,ISIC_1916926.jpg,0.7241693139076233
ISIC_1510820.jpg,ISIC_1918712.jpg,0.44346243143081665
ISIC_1510820.jpg,ISIC_1919639.jpg,0.9064607620239258
ISIC_1510820.jpg,ISIC_1919653.jpg,0.7710742950439453
ISIC_1510820.jpg,ISIC_1921353.jpg,0.1460774540901184
ISIC_1510820.jpg,ISIC_1921535.jpg,0.8513070940971375
ISIC_1510820.jpg,ISIC_1922297.jpg,0.924374520778656
ISIC_1510820.jpg,ISIC_1923321.jpg,0.8264166712760925
ISIC_1510820.jpg,ISIC_1923548.jpg,0.8492730855941772
ISIC_1510820.jpg,ISIC_1925250.jpg,0.5513325333595276
ISIC_1510820.jpg,ISIC_1925361.jpg,0.31582286953926086
ISIC_1510820.jpg,ISIC_1928148.jpg,0.6366926431655884
ISIC_1510820.jpg,ISIC_1928950.jpg,0.7667922973632812
ISIC_1510820.jpg,ISIC_1929568.jpg,0.7779623866081238
ISIC_1510820.jpg,ISIC_1930126.jpg,0.496640682220459
ISIC_1510820.jpg,ISIC_1930217.jpg,0.8206700086593628
ISIC_1510820.jpg,ISIC_1930434.jpg,0.6631642580032349
ISIC_1510820.jpg,ISIC_1930714.jpg,0.8435246348381042
ISIC_1510820.jpg,ISIC_1931106.jpg,0.7707183957099915
ISIC_1510820.jpg,ISIC_1932316.jpg,0.577545166015625
ISIC_1510820.jpg,ISIC_1933590.jpg,0.7907562255859375
ISIC_1510820.jpg,ISIC_1933796.jpg,0.3113301992416382
ISIC_1510820.jpg,ISIC_1938413.jpg,0.8263059854507446
ISIC_1510820.jpg,ISIC_1939295.jpg,0.7385440468788147
ISIC_1510820.jpg,ISIC_1939639.jpg,0.8833033442497253
ISIC_1510820.jpg,ISIC_1939694.jpg,0.1613769680261612
ISIC_1510820.jpg,ISIC_1943452.jpg,0.5912529230117798
ISIC_1510820.jpg,ISIC_1943685.jpg,0.9368208646774292
ISIC_1510820.jpg,ISIC_1944579.jpg,0.4778795540332794
ISIC_1510820.jpg,ISIC_1945063.jpg,0.6691176891326904
ISIC_1510820.jpg,ISIC_1945834.jpg,0.5950522422790527
ISIC_1510820.jpg,ISIC_1948461.jpg,0.4020349085330963
ISIC_1510820.jpg,ISIC_1948821.jpg,0.6524314880371094
ISIC_1510820.jpg,ISIC_1950045.jpg,0.34454748034477234
ISIC_1510820.jpg,ISIC_1950615.jpg,0.913209855556488
ISIC_1510820.jpg,ISIC_1950638.jpg,0.893036961555481
ISIC_1510820.jpg,ISIC_1955599.jpg,0.6859575510025024
ISIC_1510820.jpg,ISIC_1957738.jpg,0.6583427786827087
ISIC_1510820.jpg,ISIC_1958290.jpg,0.7645789980888367
ISIC_1510820.jpg,ISIC_1958365.jpg,0.5483059883117676
ISIC_1510820.jpg,ISIC_1959304.jpg,0.8300775289535522
ISIC_1510820.jpg,ISIC_1960265.jpg,0.7946951389312744
ISIC_1510820.jpg,ISIC_1960412.jpg,0.7519016861915588
ISIC_1510820.jpg,ISIC_1960896.jpg,0.26173165440559387
ISIC_1510820.jpg,ISIC_1961320.jpg,0.786571741104126
ISIC_1510820.jpg,ISIC_1962149.jpg,0.7672579288482666
ISIC_1510820.jpg,ISIC_1962284.jpg,0.20112842321395874
ISIC_1510820.jpg,ISIC_1963216.jpg,0.5831203460693359
ISIC_1510820.jpg,ISIC_1963859.jpg,0.27703043818473816
ISIC_1510820.jpg,ISIC_1964225.jpg,0.2948717474937439
ISIC_1510820.jpg,ISIC_1964359.jpg,0.3952495753765106
ISIC_1510820.jpg,ISIC_1964684.jpg,0.7409766912460327
ISIC_1510820.jpg,ISIC_1964724.jpg,0.4810487627983093
ISIC_1510820.jpg,ISIC_1965370.jpg,0.488660603761673
ISIC_1510820.jpg,ISIC_1966654.jpg,0.24936918914318085
ISIC_1510820.jpg,ISIC_1967981.jpg,0.7641510963439941
ISIC_1510820.jpg,ISIC_1968238.jpg,0.8779187798500061
ISIC_1510820.jpg,ISIC_1971054.jpg,0.8546440005302429
ISIC_1510820.jpg,ISIC_1971195.jpg,0.7212607860565186
ISIC_1510820.jpg,ISIC_1972102.jpg,0.8287142515182495
ISIC_1510820.jpg,ISIC_1972390.jpg,0.7053347826004028
ISIC_1510820.jpg,ISIC_1972980.jpg,0.7519588470458984
ISIC_1510820.jpg,ISIC_1973133.jpg,0.6188340783119202
ISIC_1510820.jpg,ISIC_1973435.jpg,0.5125017166137695
ISIC_1510820.jpg,ISIC_1974608.jpg,0.8115848302841187
ISIC_1510820.jpg,ISIC_1975904.jpg,0.6354247331619263
ISIC_1510820.jpg,ISIC_1976012.jpg,0.8834570050239563
ISIC_1510820.jpg,ISIC_1976458.jpg,0.7349606156349182
ISIC_1510820.jpg,ISIC_1977344.jpg,0.6110924482345581
ISIC_1510820.jpg,ISIC_1978029.jpg,0.7001846432685852
ISIC_1510820.jpg,ISIC_1978115.jpg,0.8315889835357666
ISIC_1510820.jpg,ISIC_1979700.jpg,0.7315059900283813
ISIC_1510820.jpg,ISIC_1979791.jpg,0.6798413991928101
ISIC_1510820.jpg,ISIC_1979834.jpg,0.368778258562088
ISIC_1510820.jpg,ISIC_1981662.jpg,0.7314635515213013
ISIC_1510820.jpg,ISIC_1983776.jpg,0.7081864476203918
ISIC_1510820.jpg,ISIC_1984907.jpg,0.7427752614021301
ISIC_1510820.jpg,ISIC_1985866.jpg,0.7163721919059753
ISIC_1510820.jpg,ISIC_1985997.jpg,0.8844638466835022
ISIC_1510820.jpg,ISIC_1987915.jpg,0.7313433289527893
ISIC_1510820.jpg,ISIC_1989507.jpg,0.19653405249118805
ISIC_1510820.jpg,ISIC_1989748.jpg,0.8532169461250305
ISIC_1510820.jpg,ISIC_1990737.jpg,0.20089656114578247
ISIC_1510820.jpg,ISIC_1991199.jpg,0.7315880060195923
ISIC_1510820.jpg,ISIC_1991799.jpg,0.7191687822341919
ISIC_1510820.jpg,ISIC_1991846.jpg,0.5679987072944641
ISIC_1510820.jpg,ISIC_1991948.jpg,0.6448038816452026
ISIC_1510820.jpg,ISIC_1993038.jpg,0.79782634973526
ISIC_1510820.jpg,ISIC_1993897.jpg,0.6797245740890503
ISIC_1510820.jpg,ISIC_1994540.jpg,0.8471705317497253
ISIC_1510820.jpg,ISIC_1994651.jpg,0.6595349311828613
ISIC_1510820.jpg,ISIC_1995421.jpg,0.5007059574127197
ISIC_1510820.jpg,ISIC_1997899.jpg,0.7474232912063599
ISIC_1510820.jpg,ISIC_1998888.jpg,0.19485598802566528
ISIC_1510820.jpg,ISIC_1999001.jpg,0.49582621455192566
ISIC_1510820.jpg,ISIC_1999035.jpg,0.7310318350791931
ISIC_1510820.jpg,ISIC_2001020.jpg,0.8435171246528625
ISIC_1510820.jpg,ISIC_2002073.jpg,0.3519386053085327
ISIC_1510820.jpg,ISIC_2002894.jpg,0.830085277557373
ISIC_1510820.jpg,ISIC_2003875.jpg,0.4689621925354004
ISIC_1510820.jpg,ISIC_2004591.jpg,0.5695492029190063
ISIC_1510820.jpg,ISIC_2005414.jpg,0.8604368567466736
ISIC_1510820.jpg,ISIC_2006136.jpg,0.7961690425872803
ISIC_1510820.jpg,ISIC_2006348.jpg,0.8107139468193054
ISIC_1510820.jpg,ISIC_2007351.jpg,0.8254637122154236
ISIC_1510820.jpg,ISIC_2008775.jpg,0.8790957927703857
ISIC_1510820.jpg,ISIC_2010437.jpg,0.736977756023407
ISIC_1510820.jpg,ISIC_2010488.jpg,0.2705664336681366
ISIC_1510820.jpg,ISIC_2010708.jpg,0.7280730605125427
ISIC_1510820.jpg,ISIC_2011318.jpg,0.7973798513412476
ISIC_1510820.jpg,ISIC_2012132.jpg,0.3701794445514679
ISIC_1510820.jpg,ISIC_2012835.jpg,0.6231269836425781
ISIC_1510820.jpg,ISIC_2013071.jpg,0.5564513206481934
ISIC_1510820.jpg,ISIC_2014416.jpg,0.5895717740058899
ISIC_1510820.jpg,ISIC_2016398.jpg,0.7383607029914856
ISIC_1510820.jpg,ISIC_2017339.jpg,0.6932263970375061
ISIC_1510820.jpg,ISIC_2018731.jpg,0.6170220375061035
ISIC_1510820.jpg,ISIC_2019118.jpg,0.8917662501335144
ISIC_1510820.jpg,ISIC_2020304.jpg,0.6119258403778076
ISIC_1510820.jpg,ISIC_2020310.jpg,0.8858654499053955
ISIC_1510820.jpg,ISIC_2021463.jpg,0.8176718354225159
ISIC_1510820.jpg,ISIC_2022961.jpg,0.225211501121521
ISIC_1510820.jpg,ISIC_2023025.jpg,0.6763074398040771
ISIC_1510820.jpg,ISIC_2024876.jpg,0.8498177528381348
ISIC_1510820.jpg,ISIC_2025954.jpg,0.7559028267860413
ISIC_1510820.jpg,ISIC_2026740.jpg,0.4123300611972809
ISIC_1510820.jpg,ISIC_2026783.jpg,0.7571113705635071
ISIC_1510820.jpg,ISIC_2027169.jpg,0.8997315168380737
ISIC_1510820.jpg,ISIC_2027217.jpg,0.7025352716445923
ISIC_1510820.jpg,ISIC_2028270.jpg,0.4536522328853607
ISIC_1510820.jpg,ISIC_2028661.jpg,0.8994740843772888
ISIC_1510820.jpg,ISIC_2028814.jpg,0.8167328238487244
ISIC_1510820.jpg,ISIC_2030300.jpg,0.8444955945014954
ISIC_1510820.jpg,ISIC_2030721.jpg,0.6875885725021362
ISIC_1510820.jpg,ISIC_2031662.jpg,0.27956151962280273
ISIC_1510820.jpg,ISIC_2031854.jpg,0.8579931855201721
ISIC_1510820.jpg,ISIC_2036286.jpg,0.5689054727554321
ISIC_1510820.jpg,ISIC_2036808.jpg,0.5236562490463257
ISIC_1510820.jpg,ISIC_2037167.jpg,0.7688701152801514
ISIC_1510820.jpg,ISIC_2041483.jpg,0.7846682667732239
ISIC_1510820.jpg,ISIC_2042663.jpg,0.8165782690048218
ISIC_1510820.jpg,ISIC_2044484.jpg,0.25346696376800537
ISIC_1510820.jpg,ISIC_2045072.jpg,0.7758729457855225
ISIC_1510820.jpg,ISIC_2046064.jpg,0.8149256110191345
ISIC_1510820.jpg,ISIC_2047288.jpg,0.5927308797836304
ISIC_1510820.jpg,ISIC_2048015.jpg,0.6922295689582825
ISIC_1510820.jpg,ISIC_2048420.jpg,0.8118601441383362
ISIC_1510820.jpg,ISIC_2048538.jpg,0.7781803011894226
ISIC_1510820.jpg,ISIC_2052072.jpg,0.6100356578826904
ISIC_1510820.jpg,ISIC_2052123.jpg,0.17185397446155548
ISIC_1510820.jpg,ISIC_2052216.jpg,0.8753827214241028
ISIC_1510820.jpg,ISIC_2052657.jpg,0.7805806398391724
ISIC_1510820.jpg,ISIC_2053196.jpg,0.7149754166603088
ISIC_1510820.jpg,ISIC_2057421.jpg,0.8469364047050476
ISIC_1510820.jpg,ISIC_2057540.jpg,0.7578938007354736
ISIC_1510820.jpg,ISIC_2058581.jpg,0.8568570017814636
ISIC_1510820.jpg,ISIC_2060034.jpg,0.7584196329116821
ISIC_1510820.jpg,ISIC_2061280.jpg,0.6569703817367554
ISIC_1510820.jpg,ISIC_2061556.jpg,0.2615187168121338
ISIC_1510820.jpg,ISIC_2061789.jpg,0.2057366818189621
ISIC_1510820.jpg,ISIC_2062636.jpg,0.8069998025894165
ISIC_1510820.jpg,ISIC_2063499.jpg,0.4020136296749115
ISIC_1510820.jpg,ISIC_2063769.jpg,0.8715865015983582
ISIC_1510820.jpg,ISIC_2064001.jpg,0.8227277398109436
ISIC_1510820.jpg,ISIC_2064311.jpg,0.8661544322967529
ISIC_1510820.jpg,ISIC_2065096.jpg,0.4670131504535675
ISIC_1510820.jpg,ISIC_2066525.jpg,0.7624934315681458
ISIC_1510820.jpg,ISIC_2068012.jpg,0.576030969619751
ISIC_1510820.jpg,ISIC_2070985.jpg,0.8301380276679993
ISIC_1510820.jpg,ISIC_2072231.jpg,0.41245195269584656
ISIC_1510820.jpg,ISIC_2072677.jpg,0.6671836972236633
ISIC_1510820.jpg,ISIC_2073455.jpg,0.7291093468666077
ISIC_1510820.jpg,ISIC_2076513.jpg,0.782646656036377
ISIC_1510820.jpg,ISIC_2076526.jpg,0.8083595633506775
ISIC_1510820.jpg,ISIC_2077755.jpg,0.6826131939888
ISIC_1510820.jpg,ISIC_2078213.jpg,0.8503082394599915
ISIC_1510820.jpg,ISIC_2078598.jpg,0.11260458081960678
ISIC_1510820.jpg,ISIC_2081166.jpg,0.6797241568565369
ISIC_1510820.jpg,ISIC_2081747.jpg,0.47122082114219666
ISIC_1510820.jpg,ISIC_2082074.jpg,0.6857617497444153
ISIC_1510820.jpg,ISIC_2082786.jpg,0.3306253254413605
ISIC_1510820.jpg,ISIC_2083907.jpg,0.8099160194396973
ISIC_1510820.jpg,ISIC_2085335.jpg,0.7742005586624146
ISIC_1510820.jpg,ISIC_2085532.jpg,0.8166375756263733
ISIC_1510820.jpg,ISIC_2086396.jpg,0.7570884227752686
ISIC_1510820.jpg,ISIC_2086981.jpg,0.7338054776191711
ISIC_1510820.jpg,ISIC_2090096.jpg,0.715307891368866
ISIC_1510820.jpg,ISIC_2090447.jpg,0.772936224937439
ISIC_1510820.jpg,ISIC_2091124.jpg,0.6970053911209106
ISIC_1510820.jpg,ISIC_2091552.jpg,0.6429426670074463
ISIC_1510820.jpg,ISIC_2091778.jpg,0.6111258268356323
ISIC_1510820.jpg,ISIC_2091950.jpg,0.6074756383895874
ISIC_1510820.jpg,ISIC_2092207.jpg,0.7765653729438782
ISIC_1510820.jpg,ISIC_2097849.jpg,0.8134003281593323
ISIC_1510820.jpg,ISIC_2098283.jpg,0.8182883858680725
ISIC_1510820.jpg,ISIC_2098553.jpg,0.30403366684913635
ISIC_1510820.jpg,ISIC_2099194.jpg,0.776333212852478
ISIC_1510820.jpg,ISIC_2100541.jpg,0.836134672164917
ISIC_1510820.jpg,ISIC_2101606.jpg,0.8776919841766357
ISIC_1510820.jpg,ISIC_2101858.jpg,0.2808835804462433
ISIC_1510820.jpg,ISIC_2101968.jpg,0.847227156162262
ISIC_1510820.jpg,ISIC_2103282.jpg,0.7062391042709351
ISIC_1510820.jpg,ISIC_2107222.jpg,0.6331656575202942
ISIC_1510820.jpg,ISIC_2107726.jpg,0.3980296850204468
ISIC_1510820.jpg,ISIC_2109743.jpg,0.7988741397857666
ISIC_1510820.jpg,ISIC_2110127.jpg,0.6179813742637634
ISIC_1510820.jpg,ISIC_2111533.jpg,0.8623918294906616
ISIC_1510820.jpg,ISIC_2112305.jpg,0.8018269538879395
ISIC_1510820.jpg,ISIC_2112785.jpg,0.847188413143158
ISIC_1510820.jpg,ISIC_2113940.jpg,0.8070416450500488
ISIC_1510820.jpg,ISIC_2114050.jpg,0.2801606357097626
ISIC_1510820.jpg,ISIC_2114263.jpg,0.8293782472610474
ISIC_1510820.jpg,ISIC_2116270.jpg,0.7720103859901428
ISIC_1510820.jpg,ISIC_2117237.jpg,0.30829674005508423
ISIC_1510820.jpg,ISIC_2117677.jpg,0.5697712898254395
ISIC_1510820.jpg,ISIC_2121078.jpg,0.36706480383872986
ISIC_1510820.jpg,ISIC_2121807.jpg,0.38307589292526245
ISIC_1510820.jpg,ISIC_2123345.jpg,0.6000627279281616
ISIC_1510820.jpg,ISIC_2123792.jpg,0.26040464639663696
ISIC_1510820.jpg,ISIC_2124161.jpg,0.8420358896255493
ISIC_1510820.jpg,ISIC_2124346.jpg,0.8269110918045044
ISIC_1510820.jpg,ISIC_2126643.jpg,0.2661191523075104
ISIC_1510820.jpg,ISIC_2126660.jpg,0.14543703198432922
ISIC_1510820.jpg,ISIC_2127268.jpg,0.42030012607574463
ISIC_1510820.jpg,ISIC_2127295.jpg,0.7114770412445068
ISIC_1510820.jpg,ISIC_2128231.jpg,0.3513459265232086
ISIC_1510820.jpg,ISIC_2128809.jpg,0.47631800174713135
ISIC_1510820.jpg,ISIC_2130246.jpg,0.7708641886711121
ISIC_1510820.jpg,ISIC_2131119.jpg,0.8512064218521118
ISIC_1510820.jpg,ISIC_2131410.jpg,0.8766316771507263
ISIC_1510820.jpg,ISIC_2132834.jpg,0.3205189108848572
ISIC_1510820.jpg,ISIC_2133395.jpg,0.6277703642845154
ISIC_1510820.jpg,ISIC_2135080.jpg,0.7635436058044434
ISIC_1510820.jpg,ISIC_2135179.jpg,0.35900577902793884
ISIC_1510820.jpg,ISIC_2135474.jpg,0.19786737859249115
ISIC_1510820.jpg,ISIC_2137918.jpg,0.2219453603029251
ISIC_1510820.jpg,ISIC_2138606.jpg,0.7774616479873657
ISIC_1510820.jpg,ISIC_2139650.jpg,0.4334469437599182
ISIC_1510820.jpg,ISIC_2140269.jpg,0.8182189464569092
ISIC_1510820.jpg,ISIC_2141047.jpg,0.85760897397995
ISIC_1510820.jpg,ISIC_2141397.jpg,0.7676697373390198
ISIC_1510820.jpg,ISIC_2141980.jpg,0.7192022800445557
ISIC_1510820.jpg,ISIC_2143813.jpg,0.4538179039955139
ISIC_1510820.jpg,ISIC_2144820.jpg,0.5562087297439575
ISIC_1510820.jpg,ISIC_2146275.jpg,0.6293540000915527
ISIC_1510820.jpg,ISIC_2146675.jpg,0.8821203112602234
ISIC_1510820.jpg,ISIC_2147183.jpg,0.8483044505119324
ISIC_1510820.jpg,ISIC_2150591.jpg,0.3032500743865967
ISIC_1510820.jpg,ISIC_2151464.jpg,0.5076101422309875
ISIC_1510820.jpg,ISIC_2153145.jpg,0.8411840796470642
ISIC_1510820.jpg,ISIC_2153703.jpg,0.7222856283187866
ISIC_1510820.jpg,ISIC_2154611.jpg,0.7660154104232788
ISIC_1510820.jpg,ISIC_2154887.jpg,0.756661593914032
ISIC_1510820.jpg,ISIC_2156704.jpg,0.7593668103218079
ISIC_1510820.jpg,ISIC_2157987.jpg,0.7648991346359253
ISIC_1510820.jpg,ISIC_2158828.jpg,0.7243558764457703
ISIC_1510820.jpg,ISIC_2158927.jpg,0.5067992806434631
ISIC_1510820.jpg,ISIC_2160108.jpg,0.758149266242981
ISIC_1510820.jpg,ISIC_2165271.jpg,0.8679956197738647
ISIC_1510820.jpg,ISIC_2169494.jpg,0.8116640448570251
ISIC_1510820.jpg,ISIC_2175185.jpg,0.766037106513977
ISIC_1510820.jpg,ISIC_2259890.jpg,0.6786627173423767
ISIC_1510820.jpg,ISIC_2261454.jpg,0.1911642849445343
ISIC_1510820.jpg,ISIC_2261928.jpg,0.9199641942977905
ISIC_1510820.jpg,ISIC_2263660.jpg,0.7991505265235901
ISIC_1510820.jpg,ISIC_2266450.jpg,0.32326290011405945
ISIC_1510820.jpg,ISIC_2273163.jpg,0.7353038191795349
ISIC_1510820.jpg,ISIC_2287895.jpg,0.8036664724349976
ISIC_1510820.jpg,ISIC_2288903.jpg,0.7168081998825073
ISIC_1510820.jpg,ISIC_2289103.jpg,0.8373574018478394
ISIC_1510820.jpg,ISIC_2289266.jpg,0.3610387444496155
ISIC_1510820.jpg,ISIC_2289760.jpg,0.6945011019706726
ISIC_1510820.jpg,ISIC_2290433.jpg,0.7332839965820312
ISIC_1510820.jpg,ISIC_2291540.jpg,0.7205710411071777
ISIC_1510820.jpg,ISIC_2291889.jpg,0.857122540473938
ISIC_1510820.jpg,ISIC_2292060.jpg,0.2201487272977829
ISIC_1510820.jpg,ISIC_2292062.jpg,0.8470625877380371
ISIC_1510820.jpg,ISIC_2293792.jpg,0.7286269664764404
ISIC_1510820.jpg,ISIC_2294184.jpg,0.7198100686073303
ISIC_1510820.jpg,ISIC_2294460.jpg,0.729844868183136
ISIC_1510820.jpg,ISIC_2294605.jpg,0.8470712304115295
ISIC_1510820.jpg,ISIC_2294700.jpg,0.8549073338508606
ISIC_1510820.jpg,ISIC_2294715.jpg,0.8412982821464539
ISIC_1510820.jpg,ISIC_2295249.jpg,0.45129844546318054
ISIC_1510820.jpg,ISIC_2295564.jpg,0.8718520402908325
ISIC_1510820.jpg,ISIC_2295948.jpg,0.2997671663761139
ISIC_1510820.jpg,ISIC_2297362.jpg,0.7242471575737
ISIC_1510820.jpg,ISIC_2298717.jpg,0.7061223983764648
ISIC_1510820.jpg,ISIC_2299874.jpg,0.5053902864456177
ISIC_1510820.jpg,ISIC_2300548.jpg,0.1496998369693756
ISIC_1510820.jpg,ISIC_2301872.jpg,0.8234216570854187
ISIC_1510820.jpg,ISIC_2302436.jpg,0.8024427890777588
ISIC_1510820.jpg,ISIC_2302963.jpg,0.7344228625297546
ISIC_1510820.jpg,ISIC_2303199.jpg,0.3888446092605591
ISIC_1510820.jpg,ISIC_2305526.jpg,0.38799113035202026
ISIC_1510820.jpg,ISIC_2305597.jpg,0.7859716415405273
ISIC_1510820.jpg,ISIC_2305889.jpg,0.7234146595001221
ISIC_1510820.jpg,ISIC_2306515.jpg,0.40643712878227234
ISIC_1510820.jpg,ISIC_2307680.jpg,0.7329010367393494
ISIC_1510820.jpg,ISIC_2309234.jpg,0.4031558334827423
ISIC_1510820.jpg,ISIC_2309583.jpg,0.8077148795127869
ISIC_1510820.jpg,ISIC_2311833.jpg,0.8496227264404297
ISIC_1510820.jpg,ISIC_2311953.jpg,0.8508315086364746
ISIC_1510820.jpg,ISIC_2313463.jpg,0.744493842124939
ISIC_1510820.jpg,ISIC_2314122.jpg,0.8000473976135254
ISIC_1510820.jpg,ISIC_2314219.jpg,0.8583142161369324
ISIC_1510820.jpg,ISIC_2316085.jpg,0.5615733861923218
ISIC_1510820.jpg,ISIC_2316690.jpg,0.42819538712501526
ISIC_1510820.jpg,ISIC_2318474.jpg,0.5714077353477478
ISIC_1510820.jpg,ISIC_2319713.jpg,0.8899491429328918
ISIC_1510820.jpg,ISIC_2320858.jpg,0.45519596338272095
ISIC_1510820.jpg,ISIC_2321599.jpg,0.8185219168663025
ISIC_1510820.jpg,ISIC_2323273.jpg,0.8866122364997864
ISIC_1510820.jpg,ISIC_2325773.jpg,0.4557274580001831
ISIC_1510820.jpg,ISIC_2326526.jpg,0.32606446743011475
ISIC_1510820.jpg,ISIC_2328559.jpg,0.7559359669685364
ISIC_1510820.jpg,ISIC_2328759.jpg,0.8738739490509033
ISIC_1510820.jpg,ISIC_2329290.jpg,0.9152934551239014
ISIC_1510820.jpg,ISIC_2330496.jpg,0.3064745366573334
ISIC_1510820.jpg,ISIC_2331559.jpg,0.8891984820365906
ISIC_1510820.jpg,ISIC_2332472.jpg,0.4841984212398529
ISIC_1510820.jpg,ISIC_2333413.jpg,0.5492071509361267
ISIC_1510820.jpg,ISIC_2334056.jpg,0.41864219307899475
ISIC_1510820.jpg,ISIC_2334396.jpg,0.6599306464195251
ISIC_1510820.jpg,ISIC_2334432.jpg,0.6786247491836548
ISIC_1510820.jpg,ISIC_2334492.jpg,0.5992163419723511
ISIC_1510820.jpg,ISIC_2334754.jpg,0.6441516876220703
ISIC_1510820.jpg,ISIC_2334952.jpg,0.6289896368980408
ISIC_1510820.jpg,ISIC_2335211.jpg,0.5482361912727356
ISIC_1510820.jpg,ISIC_2335684.jpg,0.8228084444999695
ISIC_1510820.jpg,ISIC_2336085.jpg,0.40103569626808167
ISIC_1510820.jpg,ISIC_2336499.jpg,0.762080729007721
ISIC_1510820.jpg,ISIC_2338764.jpg,0.41060903668403625
ISIC_1510820.jpg,ISIC_2338846.jpg,0.5417247414588928
ISIC_1510820.jpg,ISIC_2341093.jpg,0.7276784181594849
ISIC_1510820.jpg,ISIC_2341309.jpg,0.33829599618911743
ISIC_1510820.jpg,ISIC_2341404.jpg,0.27731066942214966
ISIC_1510820.jpg,ISIC_2342385.jpg,0.6271744966506958
ISIC_1510820.jpg,ISIC_2343290.jpg,0.631578803062439
ISIC_1510820.jpg,ISIC_2343523.jpg,0.8054677844047546
ISIC_1510820.jpg,ISIC_2343750.jpg,0.4747157096862793
ISIC_1510820.jpg,ISIC_2345071.jpg,0.8394882082939148
ISIC_1510820.jpg,ISIC_2346299.jpg,0.7512578368186951
ISIC_1510820.jpg,ISIC_2346853.jpg,0.8374014496803284
ISIC_1510820.jpg,ISIC_2347766.jpg,0.455044150352478
ISIC_1510820.jpg,ISIC_2348669.jpg,0.9113179445266724
ISIC_1510820.jpg,ISIC_2349169.jpg,0.6712375283241272
ISIC_1510820.jpg,ISIC_2349239.jpg,0.784033477306366
ISIC_1510820.jpg,ISIC_2349311.jpg,0.2414281666278839
ISIC_1510820.jpg,ISIC_2349724.jpg,0.8665570616722107
ISIC_1510820.jpg,ISIC_2350497.jpg,0.745331883430481
ISIC_1510820.jpg,ISIC_2352123.jpg,0.6775854825973511
ISIC_1510820.jpg,ISIC_2353094.jpg,0.6357904672622681
ISIC_1510820.jpg,ISIC_2354916.jpg,0.6471496224403381
ISIC_1510820.jpg,ISIC_2356070.jpg,0.7859120965003967
ISIC_1510820.jpg,ISIC_2359511.jpg,0.7559276223182678
ISIC_1510820.jpg,ISIC_2360451.jpg,0.8929493427276611
ISIC_1510820.jpg,ISIC_2360513.jpg,0.7479108572006226
ISIC_1510820.jpg,ISIC_2361309.jpg,0.6117442846298218
ISIC_1510820.jpg,ISIC_2362115.jpg,0.7481616139411926
ISIC_1510820.jpg,ISIC_2365320.jpg,0.7507764101028442
ISIC_1510820.jpg,ISIC_2366902.jpg,0.8712869882583618
ISIC_1510820.jpg,ISIC_2367363.jpg,0.8185630440711975
ISIC_1510820.jpg,ISIC_2367894.jpg,0.49376073479652405
ISIC_1510820.jpg,ISIC_2368565.jpg,0.5371382236480713
ISIC_1510820.jpg,ISIC_2370537.jpg,0.8693042993545532
ISIC_1510820.jpg,ISIC_2370544.jpg,0.8846936821937561
ISIC_1510820.jpg,ISIC_2371211.jpg,0.8037675023078918
ISIC_1510820.jpg,ISIC_2372762.jpg,0.5702671408653259
ISIC_1510820.jpg,ISIC_2373942.jpg,0.5561622381210327
ISIC_1510820.jpg,ISIC_2374074.jpg,0.4341426193714142
ISIC_1510820.jpg,ISIC_2374969.jpg,0.703567385673523
ISIC_1510820.jpg,ISIC_2374998.jpg,0.7914948463439941
ISIC_1510820.jpg,ISIC_2375697.jpg,0.5872253179550171
ISIC_1510820.jpg,ISIC_2376329.jpg,0.7946446537971497
ISIC_1510820.jpg,ISIC_2377475.jpg,0.5461793541908264
ISIC_1510820.jpg,ISIC_2377844.jpg,0.8845294117927551
ISIC_1510820.jpg,ISIC_2378774.jpg,0.3810446858406067
ISIC_1510820.jpg,ISIC_2378781.jpg,0.6165958642959595
ISIC_1510820.jpg,ISIC_2379321.jpg,0.7545086145401001
ISIC_1510820.jpg,ISIC_2380074.jpg,0.792884349822998
ISIC_1510820.jpg,ISIC_2380257.jpg,0.16271881759166718
ISIC_1510820.jpg,ISIC_2382043.jpg,0.4789305329322815
ISIC_1510820.jpg,ISIC_2382142.jpg,0.5228766202926636
ISIC_1510820.jpg,ISIC_2382612.jpg,0.46917444467544556
ISIC_1510820.jpg,ISIC_2382928.jpg,0.48960134387016296
ISIC_1510820.jpg,ISIC_2382937.jpg,0.7659041285514832
ISIC_1510820.jpg,ISIC_2385082.jpg,0.587954580783844
ISIC_1510820.jpg,ISIC_2385269.jpg,0.5555428266525269
ISIC_1510820.jpg,ISIC_2385371.jpg,0.8559582233428955
ISIC_1510820.jpg,ISIC_2387464.jpg,0.8300327658653259
ISIC_1510820.jpg,ISIC_2387801.jpg,0.4836585223674774
ISIC_1510820.jpg,ISIC_2388019.jpg,0.7068480849266052
ISIC_1510820.jpg,ISIC_2389201.jpg,0.7824535369873047
ISIC_1510820.jpg,ISIC_2389605.jpg,0.49967828392982483
ISIC_1510820.jpg,ISIC_2391447.jpg,0.6693474054336548
ISIC_1510820.jpg,ISIC_2392314.jpg,0.890137255191803
ISIC_1510820.jpg,ISIC_2392880.jpg,0.10146579891443253
ISIC_1510820.jpg,ISIC_2393711.jpg,0.3702496886253357
ISIC_1510820.jpg,ISIC_2394570.jpg,0.4378073513507843
ISIC_1510820.jpg,ISIC_2394733.jpg,0.18359726667404175
ISIC_1510820.jpg,ISIC_2394875.jpg,0.6032421588897705
ISIC_1510820.jpg,ISIC_2395136.jpg,0.9060832262039185
ISIC_1510820.jpg,ISIC_2397085.jpg,0.7944363355636597
ISIC_1510820.jpg,ISIC_2398530.jpg,0.8074707984924316
ISIC_1510820.jpg,ISIC_2399575.jpg,0.8379285335540771
ISIC_1510820.jpg,ISIC_2400133.jpg,0.8388162851333618
ISIC_1510820.jpg,ISIC_2400256.jpg,0.7064269185066223
ISIC_1510820.jpg,ISIC_2401138.jpg,0.4034329950809479
ISIC_1510820.jpg,ISIC_2404209.jpg,0.6736153960227966
ISIC_1510820.jpg,ISIC_2405568.jpg,0.7040261626243591
ISIC_1510820.jpg,ISIC_2406681.jpg,0.5504975914955139
ISIC_1510820.jpg,ISIC_2408338.jpg,0.6172614693641663
ISIC_1510820.jpg,ISIC_2409179.jpg,0.8088288903236389
ISIC_1510820.jpg,ISIC_2414637.jpg,0.5776475071907043
ISIC_1510820.jpg,ISIC_2415304.jpg,0.20109809935092926
ISIC_1510820.jpg,ISIC_2415429.jpg,0.7901235818862915
ISIC_1510820.jpg,ISIC_2415441.jpg,0.4175289273262024
ISIC_1510820.jpg,ISIC_2416262.jpg,0.637774646282196
ISIC_1510820.jpg,ISIC_2416534.jpg,0.5670473575592041
ISIC_1510820.jpg,ISIC_2417746.jpg,0.8530856370925903
ISIC_1510820.jpg,ISIC_2417927.jpg,0.7252120971679688
ISIC_1510820.jpg,ISIC_2417982.jpg,0.5992991924285889
ISIC_1510820.jpg,ISIC_2418299.jpg,0.8014202117919922
ISIC_1510820.jpg,ISIC_2420755.jpg,0.3303202986717224
ISIC_1510820.jpg,ISIC_2421248.jpg,0.7677522301673889
ISIC_1510820.jpg,ISIC_2422421.jpg,0.1327720284461975
ISIC_1510820.jpg,ISIC_2423944.jpg,0.7712919116020203
ISIC_1510820.jpg,ISIC_2425720.jpg,0.8551135063171387
ISIC_1510820.jpg,ISIC_2426423.jpg,0.7071433663368225
ISIC_1510820.jpg,ISIC_2427838.jpg,0.5121690630912781
ISIC_1510820.jpg,ISIC_2428361.jpg,0.28636428713798523
ISIC_1510820.jpg,ISIC_2428652.jpg,0.8231076002120972
ISIC_1510820.jpg,ISIC_2428691.jpg,0.8025255799293518
ISIC_1510820.jpg,ISIC_2430330.jpg,0.6309689283370972
ISIC_1510820.jpg,ISIC_2431958.jpg,0.4240301847457886
ISIC_1510820.jpg,ISIC_2433578.jpg,0.1854606717824936
ISIC_1510820.jpg,ISIC_2434912.jpg,0.7921648025512695
ISIC_1510820.jpg,ISIC_2435805.jpg,0.7449662685394287
ISIC_1510820.jpg,ISIC_2437222.jpg,0.7499023675918579
ISIC_1510820.jpg,ISIC_2438069.jpg,0.6194354295730591
ISIC_1510820.jpg,ISIC_2438481.jpg,0.42847880721092224
ISIC_1510820.jpg,ISIC_2439227.jpg,0.5573388934135437
ISIC_1510820.jpg,ISIC_2447694.jpg,0.5568596720695496
ISIC_1510820.jpg,ISIC_2447802.jpg,0.8185274600982666
ISIC_1510820.jpg,ISIC_2453607.jpg,0.7823502421379089
ISIC_1510820.jpg,ISIC_2454187.jpg,0.6427654027938843
ISIC_1510820.jpg,ISIC_2455435.jpg,0.8337819576263428
ISIC_1510820.jpg,ISIC_2457108.jpg,0.7734004259109497
ISIC_1510820.jpg,ISIC_2457967.jpg,0.5830391645431519
ISIC_1510820.jpg,ISIC_2458215.jpg,0.8106927871704102
ISIC_1510820.jpg,ISIC_2460791.jpg,0.42820417881011963
ISIC_1510820.jpg,ISIC_2461537.jpg,0.7295082807540894
ISIC_1510820.jpg,ISIC_2461994.jpg,0.6901093125343323
ISIC_1510820.jpg,ISIC_2462762.jpg,0.641995370388031
ISIC_1510820.jpg,ISIC_2463217.jpg,0.6738466024398804
ISIC_1510820.jpg,ISIC_2463262.jpg,0.4221078157424927
ISIC_1510820.jpg,ISIC_2464369.jpg,0.6253088116645813
ISIC_1510820.jpg,ISIC_2466179.jpg,0.8387812972068787
ISIC_1510820.jpg,ISIC_2466641.jpg,0.7778880596160889
ISIC_1510820.jpg,ISIC_2467705.jpg,0.8761835694313049
ISIC_1510820.jpg,ISIC_2467742.jpg,0.835757315158844
ISIC_1510820.jpg,ISIC_2467985.jpg,0.588646650314331
ISIC_1510820.jpg,ISIC_2468035.jpg,0.6581713557243347
ISIC_1510820.jpg,ISIC_2469321.jpg,0.4880963861942291
ISIC_1510820.jpg,ISIC_2472358.jpg,0.7036313414573669
ISIC_1510820.jpg,ISIC_2474708.jpg,0.26079317927360535
ISIC_1510820.jpg,ISIC_2476534.jpg,0.4583302140235901
ISIC_1510820.jpg,ISIC_2476859.jpg,0.8218684792518616
ISIC_1510820.jpg,ISIC_2477987.jpg,0.8095524311065674
ISIC_1510820.jpg,ISIC_2478371.jpg,0.6682251691818237
ISIC_1510820.jpg,ISIC_2478446.jpg,0.6104223728179932
ISIC_1510820.jpg,ISIC_2479848.jpg,0.28032350540161133
ISIC_1510820.jpg,ISIC_2481946.jpg,0.371554434299469
ISIC_1510820.jpg,ISIC_2481958.jpg,0.862487256526947
ISIC_1510820.jpg,ISIC_2483982.jpg,0.7516016364097595
ISIC_1510820.jpg,ISIC_2484115.jpg,0.2755089998245239
ISIC_1510820.jpg,ISIC_2484178.jpg,0.49088534712791443
ISIC_1510820.jpg,ISIC_2484203.jpg,0.8024165034294128
ISIC_1510820.jpg,ISIC_2485658.jpg,0.39284512400627136
ISIC_1510820.jpg,ISIC_2485868.jpg,0.4764861762523651
ISIC_1510820.jpg,ISIC_2486784.jpg,0.4577862024307251
ISIC_1510820.jpg,ISIC_2489071.jpg,0.7358483672142029
ISIC_1510820.jpg,ISIC_2490163.jpg,0.7982875108718872
ISIC_1510820.jpg,ISIC_2490327.jpg,0.8606231808662415
ISIC_1510820.jpg,ISIC_2491883.jpg,0.582456648349762
ISIC_1510820.jpg,ISIC_2493881.jpg,0.4041336178779602
ISIC_1510820.jpg,ISIC_2495255.jpg,0.8154550194740295
ISIC_1510820.jpg,ISIC_2495802.jpg,0.466665118932724
ISIC_1510820.jpg,ISIC_2497011.jpg,0.6433790922164917
ISIC_1510820.jpg,ISIC_2497422.jpg,0.716804563999176
ISIC_1510820.jpg,ISIC_2498534.jpg,0.8088057637214661
ISIC_1510820.jpg,ISIC_2498620.jpg,0.434703528881073
ISIC_1510820.jpg,ISIC_2501699.jpg,0.5676705837249756
ISIC_1510820.jpg,ISIC_2504419.jpg,0.6253758668899536
ISIC_1510820.jpg,ISIC_2505832.jpg,0.885227620601654
ISIC_1510820.jpg,ISIC_2510291.jpg,0.7592074871063232
ISIC_1510820.jpg,ISIC_2512303.jpg,0.10754524916410446
ISIC_1510820.jpg,ISIC_2512550.jpg,0.7981850504875183
ISIC_1510820.jpg,ISIC_2513195.jpg,0.7317593693733215
ISIC_1510820.jpg,ISIC_2515419.jpg,0.6301669478416443
ISIC_1510820.jpg,ISIC_2516818.jpg,0.8109760284423828
ISIC_1510820.jpg,ISIC_2516903.jpg,0.776991605758667
ISIC_1510820.jpg,ISIC_2518102.jpg,0.5955967903137207
ISIC_1510820.jpg,ISIC_2519003.jpg,0.44007042050361633
ISIC_1510820.jpg,ISIC_2521951.jpg,0.31255459785461426
ISIC_1510820.jpg,ISIC_2524304.jpg,0.6129134297370911
ISIC_1510820.jpg,ISIC_2525897.jpg,0.24438992142677307
ISIC_1510820.jpg,ISIC_2528358.jpg,0.6792588233947754
ISIC_1510820.jpg,ISIC_2529965.jpg,0.6942970156669617
ISIC_1510820.jpg,ISIC_2530380.jpg,0.31449589133262634
ISIC_1510820.jpg,ISIC_2530646.jpg,0.7443904280662537
ISIC_1510820.jpg,ISIC_2530832.jpg,0.6486496925354004
ISIC_1510820.jpg,ISIC_2531776.jpg,0.7261150479316711
ISIC_1510820.jpg,ISIC_2535069.jpg,0.6743136048316956
ISIC_1510820.jpg,ISIC_2535128.jpg,0.6745461225509644
ISIC_1510820.jpg,ISIC_2538799.jpg,0.6627835631370544
ISIC_1510820.jpg,ISIC_2542440.jpg,0.31216099858283997
ISIC_1510820.jpg,ISIC_2543386.jpg,0.1496468335390091
ISIC_1510820.jpg,ISIC_2544347.jpg,0.4030842185020447
ISIC_1510820.jpg,ISIC_2545971.jpg,0.46692967414855957
ISIC_1510820.jpg,ISIC_2548780.jpg,0.7908242344856262
ISIC_1510820.jpg,ISIC_2550073.jpg,0.8436608910560608
ISIC_1510820.jpg,ISIC_2550217.jpg,0.7783986926078796
ISIC_1510820.jpg,ISIC_2550632.jpg,0.9115510582923889
ISIC_1510820.jpg,ISIC_2550946.jpg,0.6567829251289368
ISIC_1510820.jpg,ISIC_2550997.jpg,0.17054803669452667
ISIC_1510820.jpg,ISIC_2551086.jpg,0.8665549159049988
ISIC_1510820.jpg,ISIC_2551089.jpg,0.6622754335403442
ISIC_1510820.jpg,ISIC_2551111.jpg,0.46638479828834534
ISIC_1510820.jpg,ISIC_2552351.jpg,0.7394452095031738
ISIC_1510820.jpg,ISIC_2552770.jpg,0.7757259607315063
ISIC_1510820.jpg,ISIC_2559237.jpg,0.8468479514122009
ISIC_1510820.jpg,ISIC_2560699.jpg,0.2716571092605591
ISIC_1510820.jpg,ISIC_2561895.jpg,0.803570032119751
ISIC_1510820.jpg,ISIC_2563545.jpg,0.7914421558380127
ISIC_1510820.jpg,ISIC_2563680.jpg,0.5304365754127502
ISIC_1510820.jpg,ISIC_2566474.jpg,0.7705705761909485
ISIC_1510820.jpg,ISIC_2566780.jpg,0.7991645336151123
ISIC_1510820.jpg,ISIC_2567217.jpg,0.7891790866851807
ISIC_1510820.jpg,ISIC_2567231.jpg,0.7687673568725586
ISIC_1510820.jpg,ISIC_2568399.jpg,0.5732749700546265
ISIC_1510820.jpg,ISIC_2568903.jpg,0.06080704927444458
ISIC_1510820.jpg,ISIC_2569931.jpg,0.6191266179084778
ISIC_1510820.jpg,ISIC_2570815.jpg,0.7555533647537231
ISIC_1510820.jpg,ISIC_2571600.jpg,0.3590979278087616
ISIC_1510820.jpg,ISIC_2572301.jpg,0.17437151074409485
ISIC_1510820.jpg,ISIC_2573270.jpg,0.6847939491271973
ISIC_1510820.jpg,ISIC_2574347.jpg,0.8034377098083496
ISIC_1510820.jpg,ISIC_2574854.jpg,0.8163049817085266
ISIC_1510820.jpg,ISIC_2575740.jpg,0.6233815550804138
ISIC_1510820.jpg,ISIC_2576499.jpg,0.7516290545463562
ISIC_1510820.jpg,ISIC_2577765.jpg,0.8675993084907532
ISIC_1510820.jpg,ISIC_2578191.jpg,0.7820738554000854
ISIC_1510820.jpg,ISIC_2578562.jpg,0.8265613317489624
ISIC_1510820.jpg,ISIC_2582691.jpg,0.3510585129261017
ISIC_1510820.jpg,ISIC_2586009.jpg,0.3689114451408386
ISIC_1510820.jpg,ISIC_2586249.jpg,0.8150491118431091
ISIC_1510820.jpg,ISIC_2588457.jpg,0.8365189433097839
ISIC_1510820.jpg,ISIC_2588690.jpg,0.440644770860672
ISIC_1510820.jpg,ISIC_2588932.jpg,0.3104320764541626
ISIC_1510820.jpg,ISIC_2589886.jpg,0.7530182003974915
ISIC_1510820.jpg,ISIC_2591810.jpg,0.2969297766685486
ISIC_1510820.jpg,ISIC_2594538.jpg,0.6084467768669128
ISIC_1510820.jpg,ISIC_2594596.jpg,0.3651311993598938
ISIC_1510820.jpg,ISIC_2595762.jpg,0.7467158436775208
ISIC_1510820.jpg,ISIC_2599282.jpg,0.9069518446922302
ISIC_1510820.jpg,ISIC_2600298.jpg,0.6178207993507385
ISIC_1510820.jpg,ISIC_2600649.jpg,0.617080807685852
ISIC_1510820.jpg,ISIC_2600849.jpg,0.8621931076049805
ISIC_1510820.jpg,ISIC_2601658.jpg,0.45323413610458374
ISIC_1510820.jpg,ISIC_2601827.jpg,0.8101574182510376
ISIC_1510820.jpg,ISIC_2603428.jpg,0.7093207240104675
ISIC_1510820.jpg,ISIC_2605953.jpg,0.7783147096633911
ISIC_1510820.jpg,ISIC_2606454.jpg,0.5777592658996582
ISIC_1510820.jpg,ISIC_2607622.jpg,0.5183879137039185
ISIC_1510820.jpg,ISIC_2607761.jpg,0.813665509223938
ISIC_1510820.jpg,ISIC_2609978.jpg,0.5414992570877075
ISIC_1510820.jpg,ISIC_2610536.jpg,0.3389877378940582
ISIC_1510820.jpg,ISIC_2610835.jpg,0.7648645639419556
ISIC_1510820.jpg,ISIC_2611114.jpg,0.8417600989341736
ISIC_1510820.jpg,ISIC_2611496.jpg,0.8299078345298767
ISIC_1510820.jpg,ISIC_2613083.jpg,0.6569617390632629
ISIC_1510820.jpg,ISIC_2613282.jpg,0.813284158706665
ISIC_1510820.jpg,ISIC_2613780.jpg,0.5581928491592407
ISIC_1510820.jpg,ISIC_2613789.jpg,0.7303250432014465
ISIC_1510820.jpg,ISIC_2613930.jpg,0.5902910828590393
ISIC_1510820.jpg,ISIC_2618851.jpg,0.7503341436386108
ISIC_1510820.jpg,ISIC_2621151.jpg,0.6379456520080566
ISIC_1510820.jpg,ISIC_2625601.jpg,0.6624991297721863
ISIC_1510820.jpg,ISIC_2626522.jpg,0.7238351106643677
ISIC_1510820.jpg,ISIC_2630389.jpg,0.5368467569351196
ISIC_1510820.jpg,ISIC_2631078.jpg,0.4167816638946533
ISIC_1510820.jpg,ISIC_2632644.jpg,0.6981170773506165
ISIC_1510820.jpg,ISIC_2634029.jpg,0.9133254289627075
ISIC_1510820.jpg,ISIC_2635420.jpg,0.6681973934173584
ISIC_1510820.jpg,ISIC_2635909.jpg,0.2759034335613251
ISIC_1510820.jpg,ISIC_2636640.jpg,0.7428070902824402
ISIC_1510820.jpg,ISIC_2640777.jpg,0.7499220967292786
ISIC_1510820.jpg,ISIC_2642228.jpg,0.8647871017456055
ISIC_1510820.jpg,ISIC_2646237.jpg,0.8564906120300293
ISIC_1510820.jpg,ISIC_2647881.jpg,0.3353787362575531
ISIC_1510820.jpg,ISIC_2650588.jpg,0.1973799467086792
ISIC_1510820.jpg,ISIC_2651134.jpg,0.802935779094696
ISIC_1510820.jpg,ISIC_2653979.jpg,0.6861998438835144
ISIC_1510820.jpg,ISIC_2656229.jpg,0.7137743234634399
ISIC_1510820.jpg,ISIC_2661607.jpg,0.22048470377922058
ISIC_1510820.jpg,ISIC_2664224.jpg,0.584598958492279
ISIC_1510820.jpg,ISIC_2665667.jpg,0.41995537281036377
ISIC_1510820.jpg,ISIC_2667536.jpg,0.38864296674728394
ISIC_1510820.jpg,ISIC_2670221.jpg,0.6403762102127075
ISIC_1510820.jpg,ISIC_2672734.jpg,0.605853259563446
ISIC_1510820.jpg,ISIC_2672880.jpg,0.8479002714157104
ISIC_1510820.jpg,ISIC_2674741.jpg,0.7826138734817505
ISIC_1510820.jpg,ISIC_2675336.jpg,0.7986762523651123
ISIC_1510820.jpg,ISIC_2680409.jpg,0.7140308618545532
ISIC_1510820.jpg,ISIC_2683058.jpg,0.4182170629501343
ISIC_1510820.jpg,ISIC_2684650.jpg,0.5743960738182068
ISIC_1510820.jpg,ISIC_2690375.jpg,0.44354748725891113
ISIC_1510820.jpg,ISIC_2691534.jpg,0.5454742312431335
ISIC_1510820.jpg,ISIC_2693087.jpg,0.703304648399353
ISIC_1510820.jpg,ISIC_2695905.jpg,0.596811056137085
ISIC_1510820.jpg,ISIC_2698346.jpg,0.8598175048828125
ISIC_1510820.jpg,ISIC_2698764.jpg,0.7577995657920837
ISIC_1510820.jpg,ISIC_2701399.jpg,0.4266666769981384
ISIC_1510820.jpg,ISIC_2702465.jpg,0.6794872283935547
ISIC_1510820.jpg,ISIC_2705044.jpg,0.41563984751701355
ISIC_1510820.jpg,ISIC_2709532.jpg,0.3886701166629791
ISIC_1510820.jpg,ISIC_2757879.jpg,0.7027592062950134
ISIC_1510820.jpg,ISIC_2758441.jpg,0.8556516170501709
ISIC_1510820.jpg,ISIC_2759341.jpg,0.803960382938385
ISIC_1510820.jpg,ISIC_2761222.jpg,0.5484349131584167
ISIC_1510820.jpg,ISIC_2764446.jpg,0.4310992956161499
ISIC_1510820.jpg,ISIC_2766032.jpg,0.6349037289619446
ISIC_1510820.jpg,ISIC_2766590.jpg,0.17964719235897064
ISIC_1510820.jpg,ISIC_2768407.jpg,0.8775888681411743
ISIC_1510820.jpg,ISIC_2768840.jpg,0.6639201045036316
ISIC_1510820.jpg,ISIC_2769811.jpg,0.7550871968269348
ISIC_1510820.jpg,ISIC_2771030.jpg,0.3478628993034363
ISIC_1510820.jpg,ISIC_2775262.jpg,0.34850460290908813
ISIC_1510820.jpg,ISIC_2775569.jpg,0.7351531386375427
ISIC_1510820.jpg,ISIC_2780480.jpg,0.717723548412323
ISIC_1510820.jpg,ISIC_2781714.jpg,0.6537618637084961
ISIC_1510820.jpg,ISIC_2783061.jpg,0.6474710702896118
ISIC_1510820.jpg,ISIC_2783585.jpg,0.5141573548316956
ISIC_1510820.jpg,ISIC_2785976.jpg,0.8195730447769165
ISIC_1510820.jpg,ISIC_2786319.jpg,0.620566725730896
ISIC_1510820.jpg,ISIC_2788245.jpg,0.3394720256328583
ISIC_1510820.jpg,ISIC_2789714.jpg,0.7769864797592163
ISIC_1510820.jpg,ISIC_2791655.jpg,0.7930290102958679
ISIC_1510820.jpg,ISIC_2793133.jpg,0.7435694336891174
ISIC_1510820.jpg,ISIC_2793703.jpg,0.6733400821685791
ISIC_1510820.jpg,ISIC_2797372.jpg,0.40194717049598694
ISIC_1510820.jpg,ISIC_2799021.jpg,0.7048762440681458
ISIC_1510820.jpg,ISIC_2799268.jpg,0.8686337471008301
ISIC_1510820.jpg,ISIC_2801139.jpg,0.20944564044475555
ISIC_1510820.jpg,ISIC_2802301.jpg,0.8433182239532471
ISIC_1510820.jpg,ISIC_2802346.jpg,0.9062999486923218
ISIC_1510820.jpg,ISIC_2802408.jpg,0.7834198474884033
ISIC_1510820.jpg,ISIC_2803506.jpg,0.6615929007530212
ISIC_1510820.jpg,ISIC_2804825.jpg,0.3677045404911041
ISIC_1510820.jpg,ISIC_2806461.jpg,0.7977594137191772
ISIC_1510820.jpg,ISIC_2807040.jpg,0.7285207509994507
ISIC_1510820.jpg,ISIC_2807921.jpg,0.8078907132148743
ISIC_1510820.jpg,ISIC_2808393.jpg,0.7479454874992371
ISIC_1510820.jpg,ISIC_2809430.jpg,0.8757783770561218
ISIC_1510820.jpg,ISIC_2811093.jpg,0.8363651633262634
ISIC_1510820.jpg,ISIC_2811919.jpg,0.398319274187088
ISIC_1510820.jpg,ISIC_2812284.jpg,0.5643050670623779
ISIC_1510820.jpg,ISIC_2814272.jpg,0.8750253319740295
ISIC_1510820.jpg,ISIC_2817197.jpg,0.692301869392395
ISIC_1510820.jpg,ISIC_2818153.jpg,0.780661404132843
ISIC_1510820.jpg,ISIC_2822174.jpg,0.1346886157989502
ISIC_1510820.jpg,ISIC_2822889.jpg,0.7305166125297546
ISIC_1510820.jpg,ISIC_2823266.jpg,0.6928628087043762
ISIC_1510820.jpg,ISIC_2823299.jpg,0.684386670589447
ISIC_1510820.jpg,ISIC_2824061.jpg,0.7880164980888367
ISIC_1510820.jpg,ISIC_2824922.jpg,0.366592675447464
ISIC_1510820.jpg,ISIC_2827942.jpg,0.3086637854576111
ISIC_1510820.jpg,ISIC_2828156.jpg,0.18788236379623413
ISIC_1510820.jpg,ISIC_2828811.jpg,0.7739570736885071
ISIC_1510820.jpg,ISIC_2829040.jpg,0.16475600004196167
ISIC_1510820.jpg,ISIC_2829089.jpg,0.7959737181663513
ISIC_1510820.jpg,ISIC_2834420.jpg,0.7847570776939392
ISIC_1510820.jpg,ISIC_2835116.jpg,0.8428446054458618
ISIC_1510820.jpg,ISIC_2837857.jpg,0.6789342761039734
ISIC_1510820.jpg,ISIC_2838169.jpg,0.7893620133399963
ISIC_1510820.jpg,ISIC_2838180.jpg,0.8719524145126343
ISIC_1510820.jpg,ISIC_2839742.jpg,0.3267669081687927
ISIC_1510820.jpg,ISIC_2840019.jpg,0.27850961685180664
ISIC_1510820.jpg,ISIC_2841788.jpg,0.11014731228351593
ISIC_1510820.jpg,ISIC_2845014.jpg,0.5104510188102722
ISIC_1510820.jpg,ISIC_2845028.jpg,0.7010527849197388
ISIC_1510820.jpg,ISIC_2853193.jpg,0.552564799785614
ISIC_1510820.jpg,ISIC_2855421.jpg,0.8179639577865601
ISIC_1510820.jpg,ISIC_2855923.jpg,0.8468199968338013
ISIC_1510820.jpg,ISIC_2858057.jpg,0.2380407154560089
ISIC_1510820.jpg,ISIC_2861073.jpg,0.759271502494812
ISIC_1510820.jpg,ISIC_2861615.jpg,0.6046420931816101
ISIC_1510820.jpg,ISIC_2864571.jpg,0.7137656211853027
ISIC_1510820.jpg,ISIC_2865092.jpg,0.6905017495155334
ISIC_1510820.jpg,ISIC_2869298.jpg,0.5840573906898499
ISIC_1510820.jpg,ISIC_2869500.jpg,0.797143280506134
ISIC_1510820.jpg,ISIC_2871866.jpg,0.77321457862854
ISIC_1510820.jpg,ISIC_2879103.jpg,0.7755778431892395
ISIC_1510820.jpg,ISIC_2879319.jpg,0.7196869850158691
ISIC_1510820.jpg,ISIC_2880938.jpg,0.19274935126304626
ISIC_1510820.jpg,ISIC_2882183.jpg,0.4941020607948303
ISIC_1510820.jpg,ISIC_2882715.jpg,0.8054659366607666
ISIC_1510820.jpg,ISIC_2882963.jpg,0.5281941890716553
ISIC_1510820.jpg,ISIC_2883463.jpg,0.15870164334774017
ISIC_1510820.jpg,ISIC_2883756.jpg,0.5711385011672974
ISIC_1510820.jpg,ISIC_2884058.jpg,0.30950576066970825
ISIC_1510820.jpg,ISIC_2885348.jpg,0.8595795631408691
ISIC_1510820.jpg,ISIC_2885577.jpg,0.6709796786308289
ISIC_1510820.jpg,ISIC_2885718.jpg,0.14165246486663818
ISIC_1510820.jpg,ISIC_2885741.jpg,0.8805509209632874
ISIC_1510820.jpg,ISIC_2887299.jpg,0.21291933953762054
ISIC_1510820.jpg,ISIC_2889328.jpg,0.8315063714981079
ISIC_1510820.jpg,ISIC_2890008.jpg,0.76280677318573
ISIC_1510820.jpg,ISIC_2893969.jpg,0.8155597448348999
ISIC_1510820.jpg,ISIC_2894619.jpg,0.8699820637702942
ISIC_1510820.jpg,ISIC_2897386.jpg,0.8559488654136658
ISIC_1510820.jpg,ISIC_2899485.jpg,0.49391576647758484
ISIC_1510820.jpg,ISIC_2900065.jpg,0.796353280544281
ISIC_1510820.jpg,ISIC_2900150.jpg,0.12343062460422516
ISIC_1510820.jpg,ISIC_2901036.jpg,0.0806322991847992
ISIC_1510820.jpg,ISIC_2906353.jpg,0.6345987915992737
ISIC_1510820.jpg,ISIC_2906357.jpg,0.897578775882721
ISIC_1510820.jpg,ISIC_2906649.jpg,0.4505344033241272
ISIC_1510820.jpg,ISIC_2907414.jpg,0.38144394755363464
ISIC_1510820.jpg,ISIC_2908210.jpg,0.41424769163131714
ISIC_1510820.jpg,ISIC_2909250.jpg,0.8346939086914062
ISIC_1510820.jpg,ISIC_2909747.jpg,0.8542853593826294
ISIC_1510820.jpg,ISIC_2910374.jpg,0.4496801495552063
ISIC_1510820.jpg,ISIC_2911033.jpg,0.7596935033798218
ISIC_1510820.jpg,ISIC_2911378.jpg,0.4915485382080078
ISIC_1510820.jpg,ISIC_2912359.jpg,0.778128981590271
ISIC_1510820.jpg,ISIC_2914164.jpg,0.5221560597419739
ISIC_1510820.jpg,ISIC_2914431.jpg,0.5544925928115845
ISIC_1510820.jpg,ISIC_2914650.jpg,0.5481979250907898
ISIC_1510820.jpg,ISIC_2919248.jpg,0.8862404823303223
ISIC_1510820.jpg,ISIC_2922450.jpg,0.2868008017539978
ISIC_1510820.jpg,ISIC_2922876.jpg,0.6133377552032471
ISIC_1510820.jpg,ISIC_2927268.jpg,0.8120287656784058
ISIC_1510820.jpg,ISIC_2928166.jpg,0.3721708059310913
ISIC_1510820.jpg,ISIC_2928329.jpg,0.8739581108093262
ISIC_1510820.jpg,ISIC_2929442.jpg,0.8574059009552002
ISIC_1510820.jpg,ISIC_2930982.jpg,0.261388897895813
ISIC_1510820.jpg,ISIC_2931955.jpg,0.2774288058280945
ISIC_1510820.jpg,ISIC_2933054.jpg,0.7977823615074158
ISIC_1510820.jpg,ISIC_2939559.jpg,0.7182868123054504
ISIC_1510820.jpg,ISIC_2939632.jpg,0.3900304436683655
ISIC_1510820.jpg,ISIC_2940341.jpg,0.7623826265335083
ISIC_1510820.jpg,ISIC_2941506.jpg,0.6541646122932434
ISIC_1510820.jpg,ISIC_2944785.jpg,0.8356629014015198
ISIC_1510820.jpg,ISIC_2945698.jpg,0.5779139995574951
ISIC_1510820.jpg,ISIC_2945726.jpg,0.8662969470024109
ISIC_1510820.jpg,ISIC_2946358.jpg,0.5258610844612122
ISIC_1510820.jpg,ISIC_2947373.jpg,0.8987010717391968
ISIC_1510820.jpg,ISIC_2948729.jpg,0.5362187027931213
ISIC_1510820.jpg,ISIC_2950913.jpg,0.3425843417644501
ISIC_1510820.jpg,ISIC_2952110.jpg,0.39077451825141907
ISIC_1510820.jpg,ISIC_2953931.jpg,0.6942486763000488
ISIC_1510820.jpg,ISIC_2954422.jpg,0.47493818402290344
ISIC_1510820.jpg,ISIC_2954737.jpg,0.6743647456169128
ISIC_1510820.jpg,ISIC_2955552.jpg,0.24717511236667633
ISIC_1510820.jpg,ISIC_2958724.jpg,0.3695887625217438
ISIC_1510820.jpg,ISIC_2961790.jpg,0.38826078176498413
ISIC_1510820.jpg,ISIC_2961837.jpg,0.7377583980560303
ISIC_1510820.jpg,ISIC_2962245.jpg,0.7949602603912354
ISIC_1510820.jpg,ISIC_2964421.jpg,0.6080251336097717
ISIC_1510820.jpg,ISIC_2966319.jpg,0.7967119216918945
ISIC_1510820.jpg,ISIC_2966600.jpg,0.3752095401287079
ISIC_1510820.jpg,ISIC_2968104.jpg,0.6190068125724792
ISIC_1510820.jpg,ISIC_2970783.jpg,0.7716490626335144
ISIC_1510820.jpg,ISIC_2973598.jpg,0.8077555894851685
ISIC_1510820.jpg,ISIC_2973910.jpg,0.8617604374885559
ISIC_1510820.jpg,ISIC_2974420.jpg,0.762610137462616
ISIC_1510820.jpg,ISIC_2976697.jpg,0.2419564574956894
ISIC_1510820.jpg,ISIC_2976936.jpg,0.5930693745613098
ISIC_1510820.jpg,ISIC_2979177.jpg,0.5546079874038696
ISIC_1510820.jpg,ISIC_2982140.jpg,0.6796557307243347
ISIC_1510820.jpg,ISIC_2987555.jpg,0.3338555097579956
ISIC_1510820.jpg,ISIC_2988031.jpg,0.8117473721504211
ISIC_1510820.jpg,ISIC_2989863.jpg,0.4665495753288269
ISIC_1510820.jpg,ISIC_2990790.jpg,0.46614140272140503
ISIC_1510820.jpg,ISIC_2990982.jpg,0.628387451171875
ISIC_1510820.jpg,ISIC_2994593.jpg,0.8985342383384705
ISIC_1510820.jpg,ISIC_2995868.jpg,0.5446277856826782
ISIC_1510820.jpg,ISIC_2996554.jpg,0.3594309985637665
ISIC_1510820.jpg,ISIC_2997653.jpg,0.7879165410995483
ISIC_1510820.jpg,ISIC_2999870.jpg,0.7677903175354004
ISIC_1510820.jpg,ISIC_3003131.jpg,0.36871659755706787
ISIC_1510820.jpg,ISIC_3004536.jpg,0.7160431146621704
ISIC_1510820.jpg,ISIC_3006001.jpg,0.8314350247383118
ISIC_1510820.jpg,ISIC_3006353.jpg,0.8416123390197754
ISIC_1510820.jpg,ISIC_3006985.jpg,0.6636167168617249
ISIC_1510820.jpg,ISIC_3009035.jpg,0.25809597969055176
ISIC_1510820.jpg,ISIC_3010492.jpg,0.7461796998977661
ISIC_1510820.jpg,ISIC_3016106.jpg,0.5029945373535156
ISIC_1510820.jpg,ISIC_3016243.jpg,0.3798849582672119
ISIC_1510820.jpg,ISIC_3016409.jpg,0.41527730226516724
ISIC_1510820.jpg,ISIC_3017624.jpg,0.8358096480369568
ISIC_1510820.jpg,ISIC_3017944.jpg,0.5264118909835815
ISIC_1510820.jpg,ISIC_3018548.jpg,0.7969683408737183
ISIC_1510820.jpg,ISIC_3018869.jpg,0.8957783579826355
ISIC_1510820.jpg,ISIC_3019231.jpg,0.5865112543106079
ISIC_1510820.jpg,ISIC_3019849.jpg,0.8303189873695374
ISIC_1510820.jpg,ISIC_3021712.jpg,0.3905327022075653
ISIC_1510820.jpg,ISIC_3024297.jpg,0.38949599862098694
ISIC_1510820.jpg,ISIC_3025179.jpg,0.8669657707214355
ISIC_1510820.jpg,ISIC_3025776.jpg,0.6526356339454651
ISIC_1510820.jpg,ISIC_3026301.jpg,0.554065465927124
ISIC_1510820.jpg,ISIC_3029757.jpg,0.899219274520874
ISIC_1510820.jpg,ISIC_3031742.jpg,0.3304157257080078
ISIC_1510820.jpg,ISIC_3034496.jpg,0.45662572979927063
ISIC_1510820.jpg,ISIC_3035013.jpg,0.8270557522773743
ISIC_1510820.jpg,ISIC_3035671.jpg,0.8259181380271912
ISIC_1510820.jpg,ISIC_3035934.jpg,0.5063338875770569
ISIC_1510820.jpg,ISIC_3036806.jpg,0.6537509560585022
ISIC_1510820.jpg,ISIC_3038801.jpg,0.892088770866394
ISIC_1510820.jpg,ISIC_3040215.jpg,0.5785638093948364
ISIC_1510820.jpg,ISIC_3046579.jpg,0.8226637244224548
ISIC_1510820.jpg,ISIC_3048391.jpg,0.6463837623596191
ISIC_1510820.jpg,ISIC_3048601.jpg,0.8815967440605164
ISIC_1510820.jpg,ISIC_3050241.jpg,0.27653923630714417
ISIC_1510820.jpg,ISIC_3050591.jpg,0.6137390732765198
ISIC_1510820.jpg,ISIC_3050726.jpg,0.5069872140884399
ISIC_1510820.jpg,ISIC_3051087.jpg,0.7049534916877747
ISIC_1510820.jpg,ISIC_3051428.jpg,0.7785640358924866
ISIC_1510820.jpg,ISIC_3052742.jpg,0.7940419912338257
ISIC_1510820.jpg,ISIC_3053615.jpg,0.7020955681800842
ISIC_1510820.jpg,ISIC_3054208.jpg,0.7987430691719055
ISIC_1510820.jpg,ISIC_3056153.jpg,0.40493690967559814
ISIC_1510820.jpg,ISIC_3056816.jpg,0.6436477303504944
ISIC_1510820.jpg,ISIC_3057622.jpg,0.7537962794303894
ISIC_1510820.jpg,ISIC_3059224.jpg,0.6788668632507324
ISIC_1510820.jpg,ISIC_3059916.jpg,0.45562744140625
ISIC_1510820.jpg,ISIC_3060292.jpg,0.883842945098877
ISIC_1510820.jpg,ISIC_3061715.jpg,0.5576736330986023
ISIC_1510820.jpg,ISIC_3061920.jpg,0.6865902543067932
ISIC_1510820.jpg,ISIC_3064913.jpg,0.6867100596427917
ISIC_1510820.jpg,ISIC_3065173.jpg,0.5790228247642517
ISIC_1510820.jpg,ISIC_3069602.jpg,0.4933256506919861
ISIC_1510820.jpg,ISIC_3073305.jpg,0.6025905013084412
ISIC_1510820.jpg,ISIC_3073626.jpg,0.6817556619644165
ISIC_1510820.jpg,ISIC_3073822.jpg,0.3141821324825287
ISIC_1510820.jpg,ISIC_3075041.jpg,0.7848910689353943
ISIC_1510820.jpg,ISIC_3077337.jpg,0.5429129004478455
ISIC_1510820.jpg,ISIC_3077737.jpg,0.7163931727409363
ISIC_1510820.jpg,ISIC_3078390.jpg,0.23649176955223083
ISIC_1510820.jpg,ISIC_3078669.jpg,0.6681489944458008
ISIC_1510820.jpg,ISIC_3078876.jpg,0.4266137182712555
ISIC_1510820.jpg,ISIC_3080264.jpg,0.8513407707214355
ISIC_1510820.jpg,ISIC_3080291.jpg,0.8503783345222473
ISIC_1510820.jpg,ISIC_3080994.jpg,0.54960697889328
ISIC_1510820.jpg,ISIC_3081722.jpg,0.32266417145729065
ISIC_1510820.jpg,ISIC_3082434.jpg,0.8559238314628601
ISIC_1510820.jpg,ISIC_3082829.jpg,0.725777804851532
ISIC_1510820.jpg,ISIC_3084021.jpg,0.5668414235115051
ISIC_1510820.jpg,ISIC_3085039.jpg,0.5354381203651428
ISIC_1510820.jpg,ISIC_3086004.jpg,0.8014938235282898
ISIC_1510820.jpg,ISIC_3086392.jpg,0.5059888362884521
ISIC_1510820.jpg,ISIC_3086566.jpg,0.8752116560935974
ISIC_1510820.jpg,ISIC_3086993.jpg,0.853503942489624
ISIC_1510820.jpg,ISIC_3088239.jpg,0.8032132387161255
ISIC_1510820.jpg,ISIC_3090818.jpg,0.7862651348114014
ISIC_1510820.jpg,ISIC_3091500.jpg,0.21668697893619537
ISIC_1510820.jpg,ISIC_3091594.jpg,0.827575147151947
ISIC_1510820.jpg,ISIC_3091975.jpg,0.7085418105125427
ISIC_1510820.jpg,ISIC_3092993.jpg,0.4399620294570923
ISIC_1510820.jpg,ISIC_3097494.jpg,0.3929125666618347
ISIC_1510820.jpg,ISIC_3100039.jpg,0.8247408866882324
ISIC_1510820.jpg,ISIC_3100379.jpg,0.6398358941078186
ISIC_1510820.jpg,ISIC_3100513.jpg,0.8815733790397644
ISIC_1510820.jpg,ISIC_3101113.jpg,0.7959499359130859
ISIC_1510820.jpg,ISIC_3101558.jpg,0.715556800365448
ISIC_1510820.jpg,ISIC_3105094.jpg,0.3500513732433319
ISIC_1510820.jpg,ISIC_3105463.jpg,0.3651222586631775
ISIC_1510820.jpg,ISIC_3105863.jpg,0.8395480513572693
ISIC_1510820.jpg,ISIC_3109975.jpg,0.7007175087928772
ISIC_1510820.jpg,ISIC_3111332.jpg,0.5483757257461548
ISIC_1510820.jpg,ISIC_3112707.jpg,0.5260387659072876
ISIC_1510820.jpg,ISIC_3113447.jpg,0.771833062171936
ISIC_1510820.jpg,ISIC_3114484.jpg,0.7309501767158508
ISIC_1510820.jpg,ISIC_3115114.jpg,0.5893501043319702
ISIC_1510820.jpg,ISIC_3115397.jpg,0.1362728774547577
ISIC_1510820.jpg,ISIC_3115713.jpg,0.6245200037956238
ISIC_1510820.jpg,ISIC_3116793.jpg,0.20047177374362946
ISIC_1510820.jpg,ISIC_3117522.jpg,0.7507152557373047
ISIC_1510820.jpg,ISIC_3118476.jpg,0.31023991107940674
ISIC_1510820.jpg,ISIC_3125596.jpg,0.8448148965835571
ISIC_1510820.jpg,ISIC_3130286.jpg,0.3674023747444153
ISIC_1510820.jpg,ISIC_3130826.jpg,0.16478341817855835
ISIC_1510820.jpg,ISIC_3133510.jpg,0.7628565430641174
ISIC_1510820.jpg,ISIC_3136416.jpg,0.8131607174873352
ISIC_1510820.jpg,ISIC_3136517.jpg,0.753445029258728
ISIC_1510820.jpg,ISIC_3137228.jpg,0.8749308586120605
ISIC_1510820.jpg,ISIC_3140781.jpg,0.8308533430099487
ISIC_1510820.jpg,ISIC_3140894.jpg,0.6779512763023376
ISIC_1510820.jpg,ISIC_3143811.jpg,0.5913884043693542
ISIC_1510820.jpg,ISIC_3144013.jpg,0.5312130451202393
ISIC_1510820.jpg,ISIC_3147141.jpg,0.612906277179718
ISIC_1510820.jpg,ISIC_3149300.jpg,0.44182342290878296
ISIC_1510820.jpg,ISIC_3150364.jpg,0.7370925545692444
ISIC_1510820.jpg,ISIC_3150831.jpg,0.8577183485031128
ISIC_1510820.jpg,ISIC_3158528.jpg,0.6711568832397461
ISIC_1510820.jpg,ISIC_3159265.jpg,0.1846960335969925
ISIC_1510820.jpg,ISIC_3160366.jpg,0.787689745426178
ISIC_1510820.jpg,ISIC_3161587.jpg,0.8640463948249817
ISIC_1510820.jpg,ISIC_3162378.jpg,0.6352799534797668
ISIC_1510820.jpg,ISIC_3162606.jpg,0.6383976936340332
ISIC_1510820.jpg,ISIC_3163483.jpg,0.7796189785003662
ISIC_1510820.jpg,ISIC_3164325.jpg,0.7768983840942383
ISIC_1510820.jpg,ISIC_3166213.jpg,0.5965274572372437
ISIC_1510820.jpg,ISIC_3166913.jpg,0.7482356429100037
ISIC_1510820.jpg,ISIC_3169364.jpg,0.8227559924125671
ISIC_1510820.jpg,ISIC_3169421.jpg,0.5803744196891785
ISIC_1510820.jpg,ISIC_3169710.jpg,0.6521726250648499
ISIC_1510820.jpg,ISIC_3169779.jpg,0.6240378618240356
ISIC_1510820.jpg,ISIC_3170107.jpg,0.5761749148368835
ISIC_1510820.jpg,ISIC_3170352.jpg,0.5735127329826355
ISIC_1510820.jpg,ISIC_3171000.jpg,0.41438066959381104
ISIC_1510820.jpg,ISIC_3172378.jpg,0.18802130222320557
ISIC_1510820.jpg,ISIC_3174508.jpg,0.820210874080658
ISIC_1510820.jpg,ISIC_3174720.jpg,0.7497367858886719
ISIC_1510820.jpg,ISIC_3174785.jpg,0.6699075102806091
ISIC_1510820.jpg,ISIC_3177069.jpg,0.3282930552959442
ISIC_1510820.jpg,ISIC_3177698.jpg,0.7604596614837646
ISIC_1510820.jpg,ISIC_3178424.jpg,0.7799042463302612
ISIC_1510820.jpg,ISIC_3178543.jpg,0.6210368275642395
ISIC_1510820.jpg,ISIC_3182083.jpg,0.5360485911369324
ISIC_1510820.jpg,ISIC_3182255.jpg,0.8390929698944092
ISIC_1510820.jpg,ISIC_3182801.jpg,0.1613965630531311
ISIC_1510820.jpg,ISIC_3187460.jpg,0.6244783997535706
ISIC_1510820.jpg,ISIC_3187793.jpg,0.8255087733268738
ISIC_1510820.jpg,ISIC_3188729.jpg,0.898875892162323
ISIC_1510820.jpg,ISIC_3191573.jpg,0.6000868678092957
ISIC_1510820.jpg,ISIC_3191607.jpg,0.8022848963737488
ISIC_1510820.jpg,ISIC_3192101.jpg,0.5639599561691284
ISIC_1510820.jpg,ISIC_3193920.jpg,0.8473817110061646
ISIC_1510820.jpg,ISIC_3196004.jpg,0.6197911500930786
ISIC_1510820.jpg,ISIC_3197088.jpg,0.48677289485931396
ISIC_1510820.jpg,ISIC_3197746.jpg,0.8614423871040344
ISIC_1510820.jpg,ISIC_3197993.jpg,0.4276752173900604
ISIC_1510820.jpg,ISIC_3199911.jpg,0.3740280270576477
ISIC_1510820.jpg,ISIC_3201901.jpg,0.7062746286392212
ISIC_1510820.jpg,ISIC_3202345.jpg,0.7790086269378662
ISIC_1510820.jpg,ISIC_3203927.jpg,0.894201397895813
ISIC_1510820.jpg,ISIC_3204260.jpg,0.8520210385322571
ISIC_1510820.jpg,ISIC_3205782.jpg,0.8324127793312073
ISIC_1510820.jpg,ISIC_3206928.jpg,0.7474659085273743
ISIC_1510820.jpg,ISIC_3207493.jpg,0.5388020873069763
ISIC_1510820.jpg,ISIC_3208994.jpg,0.49856650829315186
ISIC_1510820.jpg,ISIC_3209894.jpg,0.6100054979324341
ISIC_1510820.jpg,ISIC_3210295.jpg,0.8206273913383484
ISIC_1510820.jpg,ISIC_3211391.jpg,0.6879679560661316
ISIC_1510820.jpg,ISIC_3212230.jpg,0.46273091435432434
ISIC_1510820.jpg,ISIC_3214327.jpg,0.7964321374893188
ISIC_1510820.jpg,ISIC_3216128.jpg,0.2140776365995407
ISIC_1510820.jpg,ISIC_3217925.jpg,0.4118727445602417
ISIC_1510820.jpg,ISIC_3221148.jpg,0.20986391603946686
ISIC_1510820.jpg,ISIC_3223721.jpg,0.8282442688941956
ISIC_1510820.jpg,ISIC_3224219.jpg,0.4027668833732605
ISIC_1510820.jpg,ISIC_3224330.jpg,0.28167709708213806
ISIC_1510820.jpg,ISIC_3224580.jpg,0.5812283754348755
ISIC_1510820.jpg,ISIC_3226112.jpg,0.5227556228637695
ISIC_1510820.jpg,ISIC_3226250.jpg,0.8255902528762817
ISIC_1510820.jpg,ISIC_3227329.jpg,0.8382024168968201
ISIC_1510820.jpg,ISIC_3228270.jpg,0.8759962916374207
ISIC_1510820.jpg,ISIC_3230995.jpg,0.15749864280223846
ISIC_1510820.jpg,ISIC_3231416.jpg,0.8084291219711304
ISIC_1510820.jpg,ISIC_3231502.jpg,0.09507814049720764
ISIC_1510820.jpg,ISIC_3232262.jpg,0.763615071773529
ISIC_1510820.jpg,ISIC_3233449.jpg,0.584824800491333
ISIC_1510820.jpg,ISIC_3233743.jpg,0.6622340679168701
ISIC_1510820.jpg,ISIC_3235082.jpg,0.10916800796985626
ISIC_1510820.jpg,ISIC_3235363.jpg,0.8356834650039673
ISIC_1510820.jpg,ISIC_3240195.jpg,0.3325740694999695
ISIC_1510820.jpg,ISIC_3242339.jpg,0.6754501461982727
ISIC_1510820.jpg,ISIC_3242898.jpg,0.6918400526046753
ISIC_1510820.jpg,ISIC_3243897.jpg,0.8871607780456543
ISIC_1510820.jpg,ISIC_3245209.jpg,0.734899640083313
ISIC_1510820.jpg,ISIC_3248430.jpg,0.2939806878566742
ISIC_1510820.jpg,ISIC_3249230.jpg,0.8585983514785767
ISIC_1510820.jpg,ISIC_3249625.jpg,0.233733132481575
ISIC_1510820.jpg,ISIC_3250051.jpg,0.8152710795402527
ISIC_1510820.jpg,ISIC_3250526.jpg,0.6102296710014343
ISIC_1510820.jpg,ISIC_3252554.jpg,0.5819153189659119
ISIC_1510820.jpg,ISIC_3254014.jpg,0.855617105960846
ISIC_1510820.jpg,ISIC_3254862.jpg,0.7443113327026367
ISIC_1510820.jpg,ISIC_3258116.jpg,0.4599511921405792
ISIC_1510820.jpg,ISIC_3260623.jpg,0.1756565123796463
ISIC_1510820.jpg,ISIC_3263214.jpg,0.7530958652496338
ISIC_1510820.jpg,ISIC_3263776.jpg,0.6526601910591125
ISIC_1510820.jpg,ISIC_3264572.jpg,0.80609130859375
ISIC_1510820.jpg,ISIC_3265261.jpg,0.5040917992591858
ISIC_1510820.jpg,ISIC_3265514.jpg,0.31534358859062195
ISIC_1510820.jpg,ISIC_3266762.jpg,0.5464452505111694
ISIC_1510820.jpg,ISIC_3266844.jpg,0.8744910359382629
ISIC_1510820.jpg,ISIC_3269036.jpg,0.8566305041313171
ISIC_1510820.jpg,ISIC_3269752.jpg,0.7241050004959106
ISIC_1510820.jpg,ISIC_3270093.jpg,0.6697521805763245
ISIC_1510820.jpg,ISIC_3270302.jpg,0.6218203902244568
ISIC_1510820.jpg,ISIC_3272340.jpg,0.7820456624031067
ISIC_1510820.jpg,ISIC_3273639.jpg,0.8739860653877258
ISIC_1510820.jpg,ISIC_3274488.jpg,0.4754563868045807
ISIC_1510820.jpg,ISIC_3280235.jpg,0.8728735446929932
ISIC_1510820.jpg,ISIC_3280384.jpg,0.6083431243896484
ISIC_1510820.jpg,ISIC_3280956.jpg,0.5148045420646667
ISIC_1510820.jpg,ISIC_3281881.jpg,0.8554139733314514
ISIC_1510820.jpg,ISIC_3283688.jpg,0.15093086659908295
ISIC_1510820.jpg,ISIC_3284664.jpg,0.4176608622074127
ISIC_1510820.jpg,ISIC_3288360.jpg,0.7938412427902222
ISIC_1510820.jpg,ISIC_3292354.jpg,0.2661696970462799
ISIC_1510820.jpg,ISIC_3292979.jpg,0.579240083694458
ISIC_1510820.jpg,ISIC_3293577.jpg,0.30628734827041626
ISIC_1510820.jpg,ISIC_3294265.jpg,0.6250322461128235
ISIC_1510820.jpg,ISIC_3295754.jpg,0.7631188035011292
ISIC_1510820.jpg,ISIC_3296102.jpg,0.7083972692489624
ISIC_1510820.jpg,ISIC_3299574.jpg,0.6825605034828186
ISIC_1510820.jpg,ISIC_3301470.jpg,0.11698420345783234
ISIC_1510820.jpg,ISIC_3301584.jpg,0.22699128091335297
ISIC_1510820.jpg,ISIC_3301814.jpg,0.37340638041496277
ISIC_1510820.jpg,ISIC_3303838.jpg,0.7968900203704834
ISIC_1510820.jpg,ISIC_3307624.jpg,0.7367953658103943
ISIC_1510820.jpg,ISIC_3308101.jpg,0.7520673274993896
ISIC_1510820.jpg,ISIC_3308539.jpg,0.707219660282135
ISIC_1510820.jpg,ISIC_3309618.jpg,0.5250091552734375
ISIC_1510820.jpg,ISIC_3310253.jpg,0.26432332396507263
ISIC_1510820.jpg,ISIC_3317890.jpg,0.3521929383277893
ISIC_1510820.jpg,ISIC_3318037.jpg,0.8792892694473267
ISIC_1510820.jpg,ISIC_3319446.jpg,0.8910485506057739
ISIC_1510820.jpg,ISIC_3319746.jpg,0.45481106638908386
ISIC_1510820.jpg,ISIC_3326069.jpg,0.5612868070602417
ISIC_1510820.jpg,ISIC_3327858.jpg,0.924053430557251
ISIC_1510820.jpg,ISIC_3327932.jpg,0.38412946462631226
ISIC_1510820.jpg,ISIC_3330108.jpg,0.19303663074970245
ISIC_1510820.jpg,ISIC_3330580.jpg,0.4541010558605194
ISIC_1510820.jpg,ISIC_3330773.jpg,0.371519535779953
ISIC_1510820.jpg,ISIC_3331297.jpg,0.8377286195755005
ISIC_1510820.jpg,ISIC_3332378.jpg,0.4004247486591339
ISIC_1510820.jpg,ISIC_3332687.jpg,0.8277144432067871
ISIC_1510820.jpg,ISIC_3334793.jpg,0.42368847131729126
ISIC_1510820.jpg,ISIC_3335184.jpg,0.5569109320640564
ISIC_1510820.jpg,ISIC_3335904.jpg,0.6770577430725098
ISIC_1510820.jpg,ISIC_3337583.jpg,0.5188132524490356
ISIC_1510820.jpg,ISIC_3343138.jpg,0.810297429561615
ISIC_1510820.jpg,ISIC_3343372.jpg,0.13666555285453796
ISIC_1510820.jpg,ISIC_3345936.jpg,0.8082697987556458
ISIC_1510820.jpg,ISIC_3348364.jpg,0.8025383353233337
ISIC_1510820.jpg,ISIC_3349193.jpg,0.8314116597175598
ISIC_1510820.jpg,ISIC_3350064.jpg,0.6346572041511536
ISIC_1510820.jpg,ISIC_3353247.jpg,0.5783951282501221
ISIC_1510820.jpg,ISIC_3364143.jpg,0.34664881229400635
ISIC_1510820.jpg,ISIC_3373667.jpg,0.7146279811859131
ISIC_1510820.jpg,ISIC_3373821.jpg,0.8951058387756348
ISIC_1510820.jpg,ISIC_3374412.jpg,0.6135086417198181
ISIC_1510820.jpg,ISIC_3379766.jpg,0.7848502993583679
ISIC_1510820.jpg,ISIC_3380844.jpg,0.7255576848983765
ISIC_1510820.jpg,ISIC_3382817.jpg,0.6217626929283142
ISIC_1510820.jpg,ISIC_3383938.jpg,0.7456325888633728
ISIC_1510820.jpg,ISIC_3392622.jpg,0.915075421333313
ISIC_1510820.jpg,ISIC_3393209.jpg,0.617552638053894
ISIC_1510820.jpg,ISIC_3393442.jpg,0.22659189999103546
ISIC_1510820.jpg,ISIC_3394090.jpg,0.7054844498634338
ISIC_1510820.jpg,ISIC_3397549.jpg,0.8078532218933105
ISIC_1510820.jpg,ISIC_3404515.jpg,0.19405986368656158
ISIC_1510820.jpg,ISIC_3405704.jpg,0.7990899085998535
ISIC_1510820.jpg,ISIC_3406505.jpg,0.683461606502533
ISIC_1510820.jpg,ISIC_3406688.jpg,0.38619521260261536
ISIC_1510820.jpg,ISIC_3409294.jpg,0.5814918875694275
ISIC_1510820.jpg,ISIC_3412626.jpg,0.6411033868789673
ISIC_1510820.jpg,ISIC_3537350.jpg,0.5840277075767517
ISIC_1510820.jpg,ISIC_3537735.jpg,0.7922298312187195
ISIC_1510820.jpg,ISIC_3539380.jpg,0.40369680523872375
ISIC_1510820.jpg,ISIC_3548128.jpg,0.9124990105628967
ISIC_1510820.jpg,ISIC_3549355.jpg,0.2875814139842987
ISIC_1510820.jpg,ISIC_3549689.jpg,0.8120701909065247
ISIC_1510820.jpg,ISIC_3550074.jpg,0.6615185141563416
ISIC_1510820.jpg,ISIC_3550301.jpg,0.932733416557312
ISIC_1510820.jpg,ISIC_3550427.jpg,0.5101594924926758
ISIC_1510820.jpg,ISIC_3554298.jpg,0.8314469456672668
ISIC_1510820.jpg,ISIC_3555756.jpg,0.6437550783157349
ISIC_1510820.jpg,ISIC_3556753.jpg,0.8325070142745972
ISIC_1510820.jpg,ISIC_3557281.jpg,0.7883524298667908
ISIC_1510820.jpg,ISIC_3557534.jpg,0.6073030233383179
ISIC_1510820.jpg,ISIC_3560198.jpg,0.379283607006073
ISIC_1510820.jpg,ISIC_3561053.jpg,0.2764539420604706
ISIC_1510820.jpg,ISIC_3562440.jpg,0.48101702332496643
ISIC_1510820.jpg,ISIC_3563115.jpg,0.6827493906021118
ISIC_1510820.jpg,ISIC_3566617.jpg,0.7927890419960022
ISIC_1510820.jpg,ISIC_3570453.jpg,0.6870312094688416
ISIC_1510820.jpg,ISIC_3570575.jpg,0.6490470767021179
ISIC_1510820.jpg,ISIC_3571742.jpg,0.8034626245498657
ISIC_1510820.jpg,ISIC_3571995.jpg,0.21049179136753082
ISIC_1510820.jpg,ISIC_3572957.jpg,0.34560713171958923
ISIC_1510820.jpg,ISIC_3573529.jpg,0.11535251885652542
ISIC_1510820.jpg,ISIC_3574848.jpg,0.8284260034561157
ISIC_1510820.jpg,ISIC_3575125.jpg,0.6495692729949951
ISIC_1510820.jpg,ISIC_3575423.jpg,0.4701741933822632
ISIC_1510820.jpg,ISIC_3575990.jpg,0.560704231262207
ISIC_1510820.jpg,ISIC_3576876.jpg,0.7604809403419495
ISIC_1510820.jpg,ISIC_3577035.jpg,0.7288870215415955
ISIC_1510820.jpg,ISIC_3577605.jpg,0.7783262133598328
ISIC_1510820.jpg,ISIC_3577723.jpg,0.6729745864868164
ISIC_1510820.jpg,ISIC_3580555.jpg,0.5526370406150818
ISIC_1510820.jpg,ISIC_3581674.jpg,0.16922955214977264
ISIC_1510820.jpg,ISIC_3582682.jpg,0.6523535847663879
ISIC_1510820.jpg,ISIC_3582780.jpg,0.3853166997432709
ISIC_1510820.jpg,ISIC_3584949.jpg,0.2317575216293335
ISIC_1510820.jpg,ISIC_3586356.jpg,0.6247150897979736
ISIC_1510820.jpg,ISIC_3588706.jpg,0.7728562355041504
ISIC_1510820.jpg,ISIC_3589090.jpg,0.8406726121902466
ISIC_1510820.jpg,ISIC_3590140.jpg,0.6289507746696472
ISIC_1510820.jpg,ISIC_3592077.jpg,0.6442148089408875
ISIC_1510820.jpg,ISIC_3592668.jpg,0.7063397169113159
ISIC_1510820.jpg,ISIC_3592904.jpg,0.7740921378135681
ISIC_1510820.jpg,ISIC_3594380.jpg,0.8359742760658264
ISIC_1510820.jpg,ISIC_3596358.jpg,0.33619779348373413
ISIC_1510820.jpg,ISIC_3597076.jpg,0.5607703328132629
ISIC_1510820.jpg,ISIC_3597077.jpg,0.8369565606117249
ISIC_1510820.jpg,ISIC_3597421.jpg,0.8989858627319336
ISIC_1510820.jpg,ISIC_3597902.jpg,0.4007473289966583
ISIC_1510820.jpg,ISIC_3598655.jpg,0.8427419662475586
ISIC_1510820.jpg,ISIC_3599510.jpg,0.2519310414791107
ISIC_1510820.jpg,ISIC_3600277.jpg,0.5061066746711731
ISIC_1510820.jpg,ISIC_3600426.jpg,0.42544516921043396
ISIC_1510820.jpg,ISIC_3607787.jpg,0.2947905957698822
ISIC_1510820.jpg,ISIC_3608296.jpg,0.2566961646080017
ISIC_1510820.jpg,ISIC_3608624.jpg,0.7640293836593628
ISIC_1510820.jpg,ISIC_3609057.jpg,0.5833330154418945
ISIC_1510820.jpg,ISIC_3610466.jpg,0.19066204130649567
ISIC_1510820.jpg,ISIC_3612582.jpg,0.7592126131057739
ISIC_1510820.jpg,ISIC_3613018.jpg,0.46127521991729736
ISIC_1510820.jpg,ISIC_3614842.jpg,0.4756084084510803
ISIC_1510820.jpg,ISIC_3616064.jpg,0.7176374197006226
ISIC_1510820.jpg,ISIC_3616494.jpg,0.794293224811554
ISIC_1510820.jpg,ISIC_3616814.jpg,0.516883373260498
ISIC_1510820.jpg,ISIC_3616871.jpg,0.4610373079776764
ISIC_1510820.jpg,ISIC_3617966.jpg,0.6439306139945984
ISIC_1510820.jpg,ISIC_3619413.jpg,0.6993194222450256
ISIC_1510820.jpg,ISIC_3620608.jpg,0.807267427444458
ISIC_1510820.jpg,ISIC_3622629.jpg,0.9078196883201599
ISIC_1510820.jpg,ISIC_3623502.jpg,0.8495281338691711
ISIC_1510820.jpg,ISIC_3624539.jpg,0.5995878577232361
ISIC_1510820.jpg,ISIC_3625918.jpg,0.8419032692909241
ISIC_1510820.jpg,ISIC_3626651.jpg,0.611598789691925
ISIC_1510820.jpg,ISIC_3627405.jpg,0.7934694886207581
ISIC_1510820.jpg,ISIC_3628995.jpg,0.6690892577171326
ISIC_1510820.jpg,ISIC_3630213.jpg,0.33796700835227966
ISIC_1510820.jpg,ISIC_3631216.jpg,0.2006414383649826
ISIC_1510820.jpg,ISIC_3632526.jpg,0.37629860639572144
ISIC_1510820.jpg,ISIC_3633517.jpg,0.8621209859848022
ISIC_1510820.jpg,ISIC_3634305.jpg,0.8396725058555603
ISIC_1510820.jpg,ISIC_3636661.jpg,0.6463817358016968
ISIC_1510820.jpg,ISIC_3637224.jpg,0.7071269750595093
ISIC_1510820.jpg,ISIC_3639434.jpg,0.6572992205619812
ISIC_1510820.jpg,ISIC_3641962.jpg,0.13015545904636383
ISIC_1510820.jpg,ISIC_3642019.jpg,0.8366655707359314
ISIC_1510820.jpg,ISIC_3642221.jpg,0.6610850691795349
ISIC_1510820.jpg,ISIC_3646060.jpg,0.8097039461135864
ISIC_1510820.jpg,ISIC_3648148.jpg,0.4892488420009613
ISIC_1510820.jpg,ISIC_3649426.jpg,0.6912645101547241
ISIC_1510820.jpg,ISIC_3653199.jpg,0.4182840585708618
ISIC_1510820.jpg,ISIC_3653457.jpg,0.5003682971000671
ISIC_1510820.jpg,ISIC_3656476.jpg,0.6974786520004272
ISIC_1510820.jpg,ISIC_3663431.jpg,0.6460919380187988
ISIC_1510820.jpg,ISIC_3664196.jpg,0.7219232320785522
ISIC_1510820.jpg,ISIC_3664322.jpg,0.5540600419044495
ISIC_1510820.jpg,ISIC_3665246.jpg,0.678325891494751
ISIC_1510820.jpg,ISIC_3666418.jpg,0.7210684418678284
ISIC_1510820.jpg,ISIC_3666465.jpg,0.7901214957237244
ISIC_1510820.jpg,ISIC_3666967.jpg,0.10860902070999146
ISIC_1510820.jpg,ISIC_3668633.jpg,0.8843708634376526
ISIC_1510820.jpg,ISIC_3669370.jpg,0.4678572714328766
ISIC_1510820.jpg,ISIC_3669944.jpg,0.4332680404186249
ISIC_1510820.jpg,ISIC_3670111.jpg,0.8189586997032166
ISIC_1510820.jpg,ISIC_3671995.jpg,0.6202206015586853
ISIC_1510820.jpg,ISIC_3673079.jpg,0.32416003942489624
ISIC_1510820.jpg,ISIC_3673788.jpg,0.5434240102767944
ISIC_1510820.jpg,ISIC_3674608.jpg,0.808586597442627
ISIC_1510820.jpg,ISIC_3674889.jpg,0.7583674788475037
ISIC_1510820.jpg,ISIC_3675678.jpg,0.878222644329071
ISIC_1510820.jpg,ISIC_3677875.jpg,0.7437766790390015
ISIC_1510820.jpg,ISIC_3678349.jpg,0.8288369178771973
ISIC_1510820.jpg,ISIC_3680848.jpg,0.6482766270637512
ISIC_1510820.jpg,ISIC_3681319.jpg,0.8155678510665894
ISIC_1510820.jpg,ISIC_3681605.jpg,0.25299370288848877
ISIC_1510820.jpg,ISIC_3683317.jpg,0.8537434339523315
ISIC_1510820.jpg,ISIC_3684862.jpg,0.34492501616477966
ISIC_1510820.jpg,ISIC_3685534.jpg,0.5422423481941223
ISIC_1510820.jpg,ISIC_3685585.jpg,0.698373019695282
ISIC_1510820.jpg,ISIC_3689081.jpg,0.7442275285720825
ISIC_1510820.jpg,ISIC_3689093.jpg,0.8035840392112732
ISIC_1510820.jpg,ISIC_3689148.jpg,0.8344500660896301
ISIC_1510820.jpg,ISIC_3689236.jpg,0.43834924697875977
ISIC_1510820.jpg,ISIC_3689290.jpg,0.14063255488872528
ISIC_1510820.jpg,ISIC_3689531.jpg,0.849125862121582
ISIC_1510820.jpg,ISIC_3689836.jpg,0.8568819761276245
ISIC_1510820.jpg,ISIC_3690426.jpg,0.6855837106704712
ISIC_1510820.jpg,ISIC_3691906.jpg,0.3835706114768982
ISIC_1510820.jpg,ISIC_3692505.jpg,0.8097497820854187
ISIC_1510820.jpg,ISIC_3693659.jpg,0.5698710083961487
ISIC_1510820.jpg,ISIC_3695954.jpg,0.7753294706344604
ISIC_1510820.jpg,ISIC_3697615.jpg,0.5495423674583435
ISIC_1510820.jpg,ISIC_3699368.jpg,0.7496771216392517
ISIC_1510820.jpg,ISIC_3699566.jpg,0.7395477294921875
ISIC_1510820.jpg,ISIC_3701760.jpg,0.6838005185127258
ISIC_1510820.jpg,ISIC_3701864.jpg,0.6488276720046997
ISIC_1510820.jpg,ISIC_3701985.jpg,0.6655146479606628
ISIC_1510820.jpg,ISIC_3702535.jpg,0.7780172228813171
ISIC_1510820.jpg,ISIC_3702871.jpg,0.7737516760826111
ISIC_1510820.jpg,ISIC_3703228.jpg,0.46629324555397034
ISIC_1510820.jpg,ISIC_3703571.jpg,0.76479572057724
ISIC_1510820.jpg,ISIC_3705025.jpg,0.4084426462650299
ISIC_1510820.jpg,ISIC_3705644.jpg,0.17589373886585236
ISIC_1510820.jpg,ISIC_3707677.jpg,0.8808636665344238
ISIC_1510820.jpg,ISIC_3707681.jpg,0.7922129034996033
ISIC_1510820.jpg,ISIC_3709384.jpg,0.8952592611312866
ISIC_1510820.jpg,ISIC_3710118.jpg,0.7964193820953369
ISIC_1510820.jpg,ISIC_3710566.jpg,0.650304913520813
ISIC_1510820.jpg,ISIC_3711604.jpg,0.39148011803627014
ISIC_1510820.jpg,ISIC_3712623.jpg,0.7981144785881042
ISIC_1510820.jpg,ISIC_3713521.jpg,0.5640897750854492
ISIC_1510820.jpg,ISIC_3713800.jpg,0.5118089318275452
ISIC_1510820.jpg,ISIC_3715808.jpg,0.535408616065979
ISIC_1510820.jpg,ISIC_3715917.jpg,0.6710904836654663
ISIC_1510820.jpg,ISIC_3716403.jpg,0.6932525038719177
ISIC_1510820.jpg,ISIC_3717405.jpg,0.7683056592941284
ISIC_1510820.jpg,ISIC_3721415.jpg,0.6747080087661743
ISIC_1510820.jpg,ISIC_3722094.jpg,0.352925181388855
ISIC_1510820.jpg,ISIC_3722127.jpg,0.5646461248397827
ISIC_1510820.jpg,ISIC_3722660.jpg,0.32378533482551575
ISIC_1510820.jpg,ISIC_3723953.jpg,0.3744097650051117
ISIC_1510820.jpg,ISIC_3724889.jpg,0.6661843657493591
ISIC_1510820.jpg,ISIC_3725123.jpg,0.5630553364753723
ISIC_1510820.jpg,ISIC_3727502.jpg,0.49800845980644226
ISIC_1510820.jpg,ISIC_3730304.jpg,0.3836894929409027
ISIC_1510820.jpg,ISIC_3734151.jpg,0.47994422912597656
ISIC_1510820.jpg,ISIC_3735686.jpg,0.7774945497512817
ISIC_1510820.jpg,ISIC_3735739.jpg,0.4454973340034485
ISIC_1510820.jpg,ISIC_3735944.jpg,0.6642361879348755
ISIC_1510820.jpg,ISIC_3736099.jpg,0.29458460211753845
ISIC_1510820.jpg,ISIC_3737914.jpg,0.7297245264053345
ISIC_1510820.jpg,ISIC_3738610.jpg,0.7990552186965942
ISIC_1510820.jpg,ISIC_3740111.jpg,0.5265061259269714
ISIC_1510820.jpg,ISIC_3740887.jpg,0.7985139489173889
ISIC_1510820.jpg,ISIC_3742754.jpg,0.6860917806625366
ISIC_1510820.jpg,ISIC_3744551.jpg,0.7612169981002808
ISIC_1510820.jpg,ISIC_3744571.jpg,0.8450560569763184
ISIC_1510820.jpg,ISIC_3744712.jpg,0.6671413779258728
ISIC_1510820.jpg,ISIC_3746770.jpg,0.6642011404037476
ISIC_1510820.jpg,ISIC_3751401.jpg,0.9158673882484436
ISIC_1510820.jpg,ISIC_3751463.jpg,0.2417091280221939
ISIC_1510820.jpg,ISIC_3751922.jpg,0.5732933282852173
ISIC_1510820.jpg,ISIC_3752717.jpg,0.8856539726257324
ISIC_1510820.jpg,ISIC_3752905.jpg,0.49442172050476074
ISIC_1510820.jpg,ISIC_3753916.jpg,0.7247974276542664
ISIC_1510820.jpg,ISIC_3757475.jpg,0.31461775302886963
ISIC_1510820.jpg,ISIC_3759005.jpg,0.4382820129394531
ISIC_1510820.jpg,ISIC_3760758.jpg,0.5453389286994934
ISIC_1510820.jpg,ISIC_3761263.jpg,0.18923690915107727
ISIC_1510820.jpg,ISIC_3761540.jpg,0.76280677318573
ISIC_1510820.jpg,ISIC_3764100.jpg,0.37379130721092224
ISIC_1510820.jpg,ISIC_3764369.jpg,0.818297803401947
ISIC_1510820.jpg,ISIC_3765694.jpg,0.6105996966362
ISIC_1510820.jpg,ISIC_3765884.jpg,0.5869828462600708
ISIC_1510820.jpg,ISIC_3766707.jpg,0.6291086673736572
ISIC_1510820.jpg,ISIC_3768327.jpg,0.800855815410614
ISIC_1510820.jpg,ISIC_3771998.jpg,0.7171542644500732
ISIC_1510820.jpg,ISIC_3772083.jpg,0.717734158039093
ISIC_1510820.jpg,ISIC_3773083.jpg,0.8039140105247498
ISIC_1510820.jpg,ISIC_3778164.jpg,0.5952467918395996
ISIC_1510820.jpg,ISIC_3778773.jpg,0.6118554472923279
ISIC_1510820.jpg,ISIC_3781034.jpg,0.4826465845108032
ISIC_1510820.jpg,ISIC_3784911.jpg,0.28851062059402466
ISIC_1510820.jpg,ISIC_3784989.jpg,0.819261908531189
ISIC_1510820.jpg,ISIC_3790496.jpg,0.46079757809638977
ISIC_1510820.jpg,ISIC_3793804.jpg,0.5806836485862732
ISIC_1510820.jpg,ISIC_3794213.jpg,0.34464380145072937
ISIC_1510820.jpg,ISIC_3795144.jpg,0.5780012011528015
ISIC_1510820.jpg,ISIC_3798140.jpg,0.420956015586853
ISIC_1510820.jpg,ISIC_3801213.jpg,0.44940075278282166
ISIC_1510820.jpg,ISIC_3802684.jpg,0.4323394000530243
ISIC_1510820.jpg,ISIC_3804041.jpg,0.7453002333641052
ISIC_1510820.jpg,ISIC_3804339.jpg,0.7409664392471313
ISIC_1510820.jpg,ISIC_3805982.jpg,0.7465338706970215
ISIC_1510820.jpg,ISIC_3807024.jpg,0.7444232106208801
ISIC_1510820.jpg,ISIC_3807083.jpg,0.7213972806930542
ISIC_1510820.jpg,ISIC_3809089.jpg,0.7282302379608154
ISIC_1510820.jpg,ISIC_3809167.jpg,0.637844443321228
ISIC_1510820.jpg,ISIC_3809896.jpg,0.15717358887195587
ISIC_1510820.jpg,ISIC_3809996.jpg,0.8526731729507446
ISIC_1510820.jpg,ISIC_3810006.jpg,0.6559330224990845
ISIC_1510820.jpg,ISIC_3810856.jpg,0.7550825476646423
ISIC_1510820.jpg,ISIC_3811472.jpg,0.8258640170097351
ISIC_1510820.jpg,ISIC_3812398.jpg,0.7421653866767883
ISIC_1510820.jpg,ISIC_3812758.jpg,0.584778368473053
ISIC_1510820.jpg,ISIC_3812886.jpg,0.7233964204788208
ISIC_1510820.jpg,ISIC_3813860.jpg,0.4312830865383148
ISIC_1510820.jpg,ISIC_3814018.jpg,0.914257824420929
ISIC_1510820.jpg,ISIC_3815181.jpg,0.19635748863220215
ISIC_1510820.jpg,ISIC_3815385.jpg,0.7475979328155518
ISIC_1510820.jpg,ISIC_3817642.jpg,0.5183907747268677
ISIC_1510820.jpg,ISIC_3817681.jpg,0.8675055503845215
ISIC_1510820.jpg,ISIC_3817768.jpg,0.550843358039856
ISIC_1510820.jpg,ISIC_3818797.jpg,0.7690092325210571
ISIC_1510820.jpg,ISIC_3819363.jpg,0.3306790292263031
ISIC_1510820.jpg,ISIC_3819475.jpg,0.6518819332122803
ISIC_1510820.jpg,ISIC_3819795.jpg,0.4520438313484192
ISIC_1510820.jpg,ISIC_3820411.jpg,0.34923088550567627
ISIC_1510820.jpg,ISIC_3821169.jpg,0.6581751108169556
ISIC_1510820.jpg,ISIC_3821340.jpg,0.1307084560394287
ISIC_1510820.jpg,ISIC_3822511.jpg,0.5673248767852783
ISIC_1510820.jpg,ISIC_3822853.jpg,0.7154233455657959
ISIC_1510820.jpg,ISIC_3823679.jpg,0.875063419342041
ISIC_1510820.jpg,ISIC_3824624.jpg,0.7793745398521423
ISIC_1510820.jpg,ISIC_3825943.jpg,0.7976394295692444
ISIC_1510820.jpg,ISIC_3826140.jpg,0.7603062391281128
ISIC_1510820.jpg,ISIC_3828515.jpg,0.6137725710868835
ISIC_1510820.jpg,ISIC_3829545.jpg,0.5362416505813599
ISIC_1510820.jpg,ISIC_3829596.jpg,0.7809167504310608
ISIC_1510820.jpg,ISIC_3829724.jpg,0.5734758973121643
ISIC_1510820.jpg,ISIC_3832497.jpg,0.8900372385978699
ISIC_1510820.jpg,ISIC_3833945.jpg,0.8572778105735779
ISIC_1510820.jpg,ISIC_3834329.jpg,0.5057798027992249
ISIC_1510820.jpg,ISIC_3834484.jpg,0.6369901299476624
ISIC_1510820.jpg,ISIC_3834937.jpg,0.43619969487190247
ISIC_1510820.jpg,ISIC_3835548.jpg,0.8485103845596313
ISIC_1510820.jpg,ISIC_3837036.jpg,0.7873027920722961
ISIC_1510820.jpg,ISIC_3837251.jpg,0.6999849677085876
ISIC_1510820.jpg,ISIC_3840152.jpg,0.7320191860198975
ISIC_1510820.jpg,ISIC_3840945.jpg,0.5676198601722717
ISIC_1510820.jpg,ISIC_3841665.jpg,0.8309760093688965
ISIC_1510820.jpg,ISIC_3843316.jpg,0.6764988303184509
ISIC_1510820.jpg,ISIC_3845109.jpg,0.7591869831085205
ISIC_1510820.jpg,ISIC_3849267.jpg,0.710145890712738
ISIC_1510820.jpg,ISIC_3849492.jpg,0.7545804977416992
ISIC_1510820.jpg,ISIC_3852835.jpg,0.8297113180160522
ISIC_1510820.jpg,ISIC_3853277.jpg,0.8037530779838562
ISIC_1510820.jpg,ISIC_3855425.jpg,0.7620440721511841
ISIC_1510820.jpg,ISIC_3855503.jpg,0.6349501013755798
ISIC_1510820.jpg,ISIC_3858353.jpg,0.5496854782104492
ISIC_1510820.jpg,ISIC_3861014.jpg,0.5495898127555847
ISIC_1510820.jpg,ISIC_3861559.jpg,0.20535236597061157
ISIC_1510820.jpg,ISIC_3864247.jpg,0.46089744567871094
ISIC_1510820.jpg,ISIC_3864836.jpg,0.5741474032402039
ISIC_1510820.jpg,ISIC_3867821.jpg,0.7297488451004028
ISIC_1510820.jpg,ISIC_3869964.jpg,0.18158021569252014
ISIC_1510820.jpg,ISIC_3870547.jpg,0.7609436511993408
ISIC_1510820.jpg,ISIC_3870921.jpg,0.32676994800567627
ISIC_1510820.jpg,ISIC_3871000.jpg,0.8493696451187134
ISIC_1510820.jpg,ISIC_3872067.jpg,0.6712324619293213
ISIC_1510820.jpg,ISIC_3872083.jpg,0.24558445811271667
ISIC_1510820.jpg,ISIC_3872285.jpg,0.5714850425720215
ISIC_1510820.jpg,ISIC_3874776.jpg,0.3735920190811157
ISIC_1510820.jpg,ISIC_3875284.jpg,0.8664025068283081
ISIC_1510820.jpg,ISIC_3875740.jpg,0.6484410166740417
ISIC_1510820.jpg,ISIC_3876748.jpg,0.7691775560379028
ISIC_1510820.jpg,ISIC_3878964.jpg,0.735917329788208
ISIC_1510820.jpg,ISIC_3879706.jpg,0.6633054614067078
ISIC_1510820.jpg,ISIC_3879850.jpg,0.9031918048858643
ISIC_1510820.jpg,ISIC_3880022.jpg,0.7049989104270935
ISIC_1510820.jpg,ISIC_3881407.jpg,0.6590235829353333
ISIC_1510820.jpg,ISIC_3881920.jpg,0.8145920634269714
ISIC_1510820.jpg,ISIC_3882145.jpg,0.7762089967727661
ISIC_1510820.jpg,ISIC_3883117.jpg,0.45390909910202026
ISIC_1510820.jpg,ISIC_3883863.jpg,0.8439429402351379
ISIC_1510820.jpg,ISIC_3884398.jpg,0.9144337177276611
ISIC_1510820.jpg,ISIC_3884657.jpg,0.6169707775115967
ISIC_1510820.jpg,ISIC_3885191.jpg,0.2954958379268646
ISIC_1510820.jpg,ISIC_3887326.jpg,0.6309413313865662
ISIC_1510820.jpg,ISIC_3887998.jpg,0.2727854549884796
ISIC_1510820.jpg,ISIC_3890626.jpg,0.23628351092338562
ISIC_1510820.jpg,ISIC_3891628.jpg,0.7174562215805054
ISIC_1510820.jpg,ISIC_3891712.jpg,0.6627570390701294
ISIC_1510820.jpg,ISIC_3893736.jpg,0.8742258548736572
ISIC_1510820.jpg,ISIC_3895426.jpg,0.15748851001262665
ISIC_1510820.jpg,ISIC_3895545.jpg,0.8116788864135742
ISIC_1510820.jpg,ISIC_3898500.jpg,0.638489305973053
ISIC_1510820.jpg,ISIC_3899765.jpg,0.4566984474658966
ISIC_1510820.jpg,ISIC_3901048.jpg,0.50565505027771
ISIC_1510820.jpg,ISIC_3901209.jpg,0.2885041832923889
ISIC_1510820.jpg,ISIC_3903912.jpg,0.8547684550285339
ISIC_1510820.jpg,ISIC_3907519.jpg,0.6621124148368835
ISIC_1510820.jpg,ISIC_3908046.jpg,0.2281767725944519
ISIC_1510820.jpg,ISIC_3909787.jpg,0.8479307889938354
ISIC_1510820.jpg,ISIC_3911173.jpg,0.8341524004936218
ISIC_1510820.jpg,ISIC_3912898.jpg,0.5410925149917603
ISIC_1510820.jpg,ISIC_3913043.jpg,0.5112612843513489
ISIC_1510820.jpg,ISIC_3914490.jpg,0.7946817874908447
ISIC_1510820.jpg,ISIC_3918613.jpg,0.2721893787384033
ISIC_1510820.jpg,ISIC_3918617.jpg,0.6112527847290039
ISIC_1510820.jpg,ISIC_3918811.jpg,0.7146323919296265
ISIC_1510820.jpg,ISIC_3920311.jpg,0.6336749196052551
ISIC_1510820.jpg,ISIC_3921222.jpg,0.8335193395614624
ISIC_1510820.jpg,ISIC_3922363.jpg,0.5824645757675171
ISIC_1510820.jpg,ISIC_3923249.jpg,0.6799565553665161
ISIC_1510820.jpg,ISIC_3923398.jpg,0.5955410599708557
ISIC_1510820.jpg,ISIC_3924003.jpg,0.652176558971405
ISIC_1510820.jpg,ISIC_3924221.jpg,0.667465329170227
ISIC_1510820.jpg,ISIC_3926962.jpg,0.31337565183639526
ISIC_1510820.jpg,ISIC_3927334.jpg,0.3621715307235718
ISIC_1510820.jpg,ISIC_3928059.jpg,0.8187142610549927
ISIC_1510820.jpg,ISIC_3928185.jpg,0.793354868888855
ISIC_1510820.jpg,ISIC_3928327.jpg,0.17651832103729248
ISIC_1510820.jpg,ISIC_3930196.jpg,0.765151858329773
ISIC_1510820.jpg,ISIC_3931939.jpg,0.6377732157707214
ISIC_1510820.jpg,ISIC_3934137.jpg,0.9119686484336853
ISIC_1510820.jpg,ISIC_3937563.jpg,0.08224412053823471
ISIC_1510820.jpg,ISIC_3937767.jpg,0.8135370016098022
ISIC_1510820.jpg,ISIC_3939975.jpg,0.520243763923645
ISIC_1510820.jpg,ISIC_3940305.jpg,0.5877954363822937
ISIC_1510820.jpg,ISIC_3943687.jpg,0.25918900966644287
ISIC_1510820.jpg,ISIC_3944323.jpg,0.7147757411003113
ISIC_1510820.jpg,ISIC_3945700.jpg,0.42255476117134094
ISIC_1510820.jpg,ISIC_3947097.jpg,0.8010691404342651
ISIC_1510820.jpg,ISIC_3947454.jpg,0.4495377540588379
ISIC_1510820.jpg,ISIC_3949543.jpg,0.452632337808609
ISIC_1510820.jpg,ISIC_3951614.jpg,0.636077344417572
ISIC_1510820.jpg,ISIC_3952076.jpg,0.8839511275291443
ISIC_1510820.jpg,ISIC_3955981.jpg,0.4710908830165863
ISIC_1510820.jpg,ISIC_3956322.jpg,0.8938308358192444
ISIC_1510820.jpg,ISIC_3957302.jpg,0.6533857583999634
ISIC_1510820.jpg,ISIC_3958018.jpg,0.8264932632446289
ISIC_1510820.jpg,ISIC_3958469.jpg,0.7499956488609314
ISIC_1510820.jpg,ISIC_3958513.jpg,0.6918751001358032
ISIC_1510820.jpg,ISIC_3959866.jpg,0.32645708322525024
ISIC_1510820.jpg,ISIC_3963047.jpg,0.3551575243473053
ISIC_1510820.jpg,ISIC_3963758.jpg,0.9153941869735718
ISIC_1510820.jpg,ISIC_3965027.jpg,0.6197622418403625
ISIC_1510820.jpg,ISIC_3965044.jpg,0.35949817299842834
ISIC_1510820.jpg,ISIC_3966780.jpg,0.7366663813591003
ISIC_1510820.jpg,ISIC_3968987.jpg,0.4852157533168793
ISIC_1510820.jpg,ISIC_3969038.jpg,0.49054276943206787
ISIC_1510820.jpg,ISIC_3970274.jpg,0.778400182723999
ISIC_1510820.jpg,ISIC_3970277.jpg,0.4089856445789337
ISIC_1510820.jpg,ISIC_3971465.jpg,0.369101881980896
ISIC_1510820.jpg,ISIC_3973166.jpg,0.5569319128990173
ISIC_1510820.jpg,ISIC_3974325.jpg,0.7581834197044373
ISIC_1510820.jpg,ISIC_3974947.jpg,0.27798810601234436
ISIC_1510820.jpg,ISIC_3985101.jpg,0.8727502822875977
ISIC_1510820.jpg,ISIC_3987387.jpg,0.8343374133110046
ISIC_1510820.jpg,ISIC_3988372.jpg,0.6145628690719604
ISIC_1510820.jpg,ISIC_3989004.jpg,0.8721076250076294
ISIC_1510820.jpg,ISIC_3989338.jpg,0.605428159236908
ISIC_1510820.jpg,ISIC_3990959.jpg,0.8388468623161316
ISIC_1510820.jpg,ISIC_3991293.jpg,0.5502511262893677
ISIC_1510820.jpg,ISIC_3991801.jpg,0.6998500227928162
ISIC_1510820.jpg,ISIC_3994900.jpg,0.46470513939857483
ISIC_1510820.jpg,ISIC_3995640.jpg,0.6887395977973938
ISIC_1510820.jpg,ISIC_3997576.jpg,0.4496624767780304
ISIC_1510820.jpg,ISIC_4002083.jpg,0.788244366645813
ISIC_1510820.jpg,ISIC_4003979.jpg,0.6884838342666626
ISIC_1510820.jpg,ISIC_4004059.jpg,0.8460565209388733
ISIC_1510820.jpg,ISIC_4004858.jpg,0.5996303558349609
ISIC_1510820.jpg,ISIC_4005292.jpg,0.4185502827167511
ISIC_1510820.jpg,ISIC_4006453.jpg,0.6474229693412781
ISIC_1510820.jpg,ISIC_4016138.jpg,0.8944220542907715
ISIC_1510820.jpg,ISIC_4017245.jpg,0.6837915182113647
ISIC_1510820.jpg,ISIC_4017926.jpg,0.667617678642273
ISIC_1510820.jpg,ISIC_4018651.jpg,0.5081154108047485
ISIC_1510820.jpg,ISIC_4019458.jpg,0.4875231385231018
ISIC_1510820.jpg,ISIC_4019832.jpg,0.4615463316440582
ISIC_1510820.jpg,ISIC_4021183.jpg,0.486684113740921
ISIC_1510820.jpg,ISIC_4022414.jpg,0.7772928476333618
ISIC_1510820.jpg,ISIC_4119147.jpg,0.4622747600078583
ISIC_1510820.jpg,ISIC_4123597.jpg,0.70939701795578
ISIC_1510820.jpg,ISIC_4134016.jpg,0.49549785256385803
ISIC_1510820.jpg,ISIC_4143173.jpg,0.5614164471626282
ISIC_1510820.jpg,ISIC_4156931.jpg,0.2796095907688141
ISIC_1510820.jpg,ISIC_4160484.jpg,0.500171422958374
ISIC_1510820.jpg,ISIC_4161439.jpg,0.6824548840522766
ISIC_1510820.jpg,ISIC_4163501.jpg,0.7463443875312805
ISIC_1510820.jpg,ISIC_4167596.jpg,0.8635250329971313
ISIC_1510820.jpg,ISIC_4171132.jpg,0.5791337490081787
ISIC_1510820.jpg,ISIC_4173173.jpg,0.5683243274688721
ISIC_1510820.jpg,ISIC_4174959.jpg,0.8699857592582703
ISIC_1510820.jpg,ISIC_4179187.jpg,0.5715414881706238
ISIC_1510820.jpg,ISIC_4179495.jpg,0.5527717471122742
ISIC_1510820.jpg,ISIC_4181203.jpg,0.6242716908454895
ISIC_1510820.jpg,ISIC_4181217.jpg,0.7888106107711792
ISIC_1510820.jpg,ISIC_4181903.jpg,0.6876083016395569
ISIC_1510820.jpg,ISIC_4182656.jpg,0.7182953357696533
ISIC_1510820.jpg,ISIC_4186549.jpg,0.7753452658653259
ISIC_1510820.jpg,ISIC_4186863.jpg,0.5166453719139099
ISIC_1510820.jpg,ISIC_4187088.jpg,0.671830952167511
ISIC_1510820.jpg,ISIC_4187200.jpg,0.4778785705566406
ISIC_1510820.jpg,ISIC_4187880.jpg,0.26618635654449463
ISIC_1510820.jpg,ISIC_4188214.jpg,0.7215850353240967
ISIC_1510820.jpg,ISIC_4188332.jpg,0.8339949250221252
ISIC_1510820.jpg,ISIC_4191055.jpg,0.24981798231601715
ISIC_1510820.jpg,ISIC_4192645.jpg,0.6862980127334595
ISIC_1510820.jpg,ISIC_4194430.jpg,0.25300756096839905
ISIC_1510820.jpg,ISIC_4194768.jpg,0.5374166965484619
ISIC_1510820.jpg,ISIC_4195092.jpg,0.33406397700309753
ISIC_1510820.jpg,ISIC_4197980.jpg,0.8791608214378357
ISIC_1510820.jpg,ISIC_4198983.jpg,0.474376916885376
ISIC_1510820.jpg,ISIC_4199184.jpg,0.8738729357719421
ISIC_1510820.jpg,ISIC_4199799.jpg,0.8545601963996887
ISIC_1510820.jpg,ISIC_4201584.jpg,0.3737180233001709
ISIC_1510820.jpg,ISIC_4203773.jpg,0.41489484906196594
ISIC_1510820.jpg,ISIC_4204053.jpg,0.7155963778495789
ISIC_1510820.jpg,ISIC_4204071.jpg,0.784002423286438
ISIC_1510820.jpg,ISIC_4205309.jpg,0.5428576469421387
ISIC_1510820.jpg,ISIC_4206108.jpg,0.7755959033966064
ISIC_1510820.jpg,ISIC_4206434.jpg,0.6072739362716675
ISIC_1510820.jpg,ISIC_4206778.jpg,0.8785295486450195
ISIC_1510820.jpg,ISIC_4209184.jpg,0.6101090312004089
ISIC_1510820.jpg,ISIC_4210823.jpg,0.7904949188232422
ISIC_1510820.jpg,ISIC_4211013.jpg,0.8476980328559875
ISIC_1510820.jpg,ISIC_4211964.jpg,0.8676598072052002
ISIC_1510820.jpg,ISIC_4214570.jpg,0.46497687697410583
ISIC_1510820.jpg,ISIC_4216580.jpg,0.4858457148075104
ISIC_1510820.jpg,ISIC_4218911.jpg,0.40507251024246216
ISIC_1510820.jpg,ISIC_4219443.jpg,0.2430986762046814
ISIC_1510820.jpg,ISIC_4222477.jpg,0.46389269828796387
ISIC_1510820.jpg,ISIC_4223005.jpg,0.5561534762382507
ISIC_1510820.jpg,ISIC_4225544.jpg,0.2760796844959259
ISIC_1510820.jpg,ISIC_4226938.jpg,0.7238202095031738
ISIC_1510820.jpg,ISIC_4233105.jpg,0.7625215649604797
ISIC_1510820.jpg,ISIC_4233329.jpg,0.7788282036781311
ISIC_1510820.jpg,ISIC_4235180.jpg,0.4292280077934265
ISIC_1510820.jpg,ISIC_4235197.jpg,0.18097534775733948
ISIC_1510820.jpg,ISIC_4236192.jpg,0.44328731298446655
ISIC_1510820.jpg,ISIC_4236332.jpg,0.4491662383079529
ISIC_1510820.jpg,ISIC_4240414.jpg,0.8392970561981201
ISIC_1510820.jpg,ISIC_4241007.jpg,0.7395294308662415
ISIC_1510820.jpg,ISIC_4242171.jpg,0.5452616214752197
ISIC_1510820.jpg,ISIC_4242517.jpg,0.5407662391662598
ISIC_1510820.jpg,ISIC_4247203.jpg,0.543728768825531
ISIC_1510820.jpg,ISIC_4247641.jpg,0.8047761917114258
ISIC_1510820.jpg,ISIC_4248295.jpg,0.3909487724304199
ISIC_1510820.jpg,ISIC_4249430.jpg,0.7944556474685669
ISIC_1510820.jpg,ISIC_4251600.jpg,0.16092383861541748
ISIC_1510820.jpg,ISIC_4252331.jpg,0.4018453359603882
ISIC_1510820.jpg,ISIC_4253256.jpg,0.3064914643764496
ISIC_1510820.jpg,ISIC_4255739.jpg,0.5181514620780945
ISIC_1510820.jpg,ISIC_4256374.jpg,0.6009863018989563
ISIC_1510820.jpg,ISIC_4257030.jpg,0.8577834367752075
ISIC_1510820.jpg,ISIC_4258047.jpg,0.2883152663707733
ISIC_1510820.jpg,ISIC_4258959.jpg,0.3060396611690521
ISIC_1510820.jpg,ISIC_4259013.jpg,0.38508886098861694
ISIC_1510820.jpg,ISIC_4261613.jpg,0.43194299936294556
ISIC_1510820.jpg,ISIC_4263498.jpg,0.7765269875526428
ISIC_1510820.jpg,ISIC_4266201.jpg,0.699715256690979
ISIC_1510820.jpg,ISIC_4267507.jpg,0.38678210973739624
ISIC_1510820.jpg,ISIC_4267994.jpg,0.35224437713623047
ISIC_1510820.jpg,ISIC_4270186.jpg,0.8340092301368713
ISIC_1510820.jpg,ISIC_4271057.jpg,0.2972746193408966
ISIC_1510820.jpg,ISIC_4271848.jpg,0.7804074287414551
ISIC_1510820.jpg,ISIC_4273322.jpg,0.8239143490791321
ISIC_1510820.jpg,ISIC_4274756.jpg,0.914039134979248
ISIC_1510820.jpg,ISIC_4278988.jpg,0.22726890444755554
ISIC_1510820.jpg,ISIC_4279681.jpg,0.5219649076461792
ISIC_1510820.jpg,ISIC_4281444.jpg,0.6931866407394409
ISIC_1510820.jpg,ISIC_4281475.jpg,0.6019933223724365
ISIC_1510820.jpg,ISIC_4282399.jpg,0.48680248856544495
ISIC_1510820.jpg,ISIC_4285809.jpg,0.8531657457351685
ISIC_1510820.jpg,ISIC_4286823.jpg,0.6285684108734131
ISIC_1510820.jpg,ISIC_4286970.jpg,0.14196936786174774
ISIC_1510820.jpg,ISIC_4288417.jpg,0.8768956065177917
ISIC_1510820.jpg,ISIC_4289007.jpg,0.8562221527099609
ISIC_1510820.jpg,ISIC_4290148.jpg,0.588405430316925
ISIC_1510820.jpg,ISIC_4290765.jpg,0.16307443380355835
ISIC_1510820.jpg,ISIC_4291126.jpg,0.7117772102355957
ISIC_1510820.jpg,ISIC_4293728.jpg,0.5099815726280212
ISIC_1510820.jpg,ISIC_4294619.jpg,0.2745715379714966
ISIC_1510820.jpg,ISIC_4296526.jpg,0.09822169691324234
ISIC_1510820.jpg,ISIC_4296557.jpg,0.6807708144187927
ISIC_1510820.jpg,ISIC_4296605.jpg,0.755134642124176
ISIC_1510820.jpg,ISIC_4300625.jpg,0.9000368714332581
ISIC_1510820.jpg,ISIC_4300846.jpg,0.29339373111724854
ISIC_1510820.jpg,ISIC_4301916.jpg,0.2550578713417053
ISIC_1510820.jpg,ISIC_4302347.jpg,0.8373562097549438
ISIC_1510820.jpg,ISIC_4302545.jpg,0.3725675642490387
ISIC_1510820.jpg,ISIC_4303326.jpg,0.7976694703102112
ISIC_1510820.jpg,ISIC_4305063.jpg,0.727466881275177
ISIC_1510820.jpg,ISIC_4305480.jpg,0.4267685115337372
ISIC_1510820.jpg,ISIC_4305950.jpg,0.8084004521369934
ISIC_1510820.jpg,ISIC_4305990.jpg,0.6870477795600891
ISIC_1510820.jpg,ISIC_4308121.jpg,0.6362684965133667
ISIC_1510820.jpg,ISIC_4309705.jpg,0.8226904273033142
ISIC_1510820.jpg,ISIC_4309998.jpg,0.536389946937561
ISIC_1510820.jpg,ISIC_4312836.jpg,0.903978168964386
ISIC_1510820.jpg,ISIC_4313110.jpg,0.8035826086997986
ISIC_1510820.jpg,ISIC_4313524.jpg,0.8069181442260742
ISIC_1510820.jpg,ISIC_4314656.jpg,0.7603812217712402
ISIC_1510820.jpg,ISIC_4316187.jpg,0.599098801612854
ISIC_1510820.jpg,ISIC_4316707.jpg,0.717671811580658
ISIC_1510820.jpg,ISIC_4317606.jpg,0.7542964816093445
ISIC_1510820.jpg,ISIC_4319839.jpg,0.6031427979469299
ISIC_1510820.jpg,ISIC_4320065.jpg,0.5779940485954285
ISIC_1510820.jpg,ISIC_4323634.jpg,0.7326086759567261
ISIC_1510820.jpg,ISIC_4323977.jpg,0.73841792345047
ISIC_1510820.jpg,ISIC_4327951.jpg,0.8063492774963379
ISIC_1510820.jpg,ISIC_4327964.jpg,0.4114261865615845
ISIC_1510820.jpg,ISIC_4328195.jpg,0.7927814722061157
ISIC_1510820.jpg,ISIC_4330485.jpg,0.8495410680770874
ISIC_1510820.jpg,ISIC_4331890.jpg,0.547358512878418
ISIC_1510820.jpg,ISIC_4332761.jpg,0.8014861941337585
ISIC_1510820.jpg,ISIC_4333529.jpg,0.36072197556495667
ISIC_1510820.jpg,ISIC_4333983.jpg,0.6720497608184814
ISIC_1510820.jpg,ISIC_4336438.jpg,0.6371967792510986
ISIC_1510820.jpg,ISIC_4339577.jpg,0.2645117938518524
ISIC_1510820.jpg,ISIC_4341449.jpg,0.39544832706451416
ISIC_1510820.jpg,ISIC_4341708.jpg,0.23308224976062775
ISIC_1510820.jpg,ISIC_4342558.jpg,0.7985355257987976
ISIC_1510820.jpg,ISIC_4342571.jpg,0.7743294835090637
ISIC_1510820.jpg,ISIC_4342824.jpg,0.5930041074752808
ISIC_1510820.jpg,ISIC_4342825.jpg,0.4153634011745453
ISIC_1510820.jpg,ISIC_4343422.jpg,0.6457638740539551
ISIC_1510820.jpg,ISIC_4346003.jpg,0.7526062726974487
ISIC_1510820.jpg,ISIC_4347871.jpg,0.7511858344078064
ISIC_1510820.jpg,ISIC_4348477.jpg,0.5228945016860962
ISIC_1510820.jpg,ISIC_4351185.jpg,0.4442096948623657
ISIC_1510820.jpg,ISIC_4351557.jpg,0.43870627880096436
ISIC_1510820.jpg,ISIC_4352355.jpg,0.7299081683158875
ISIC_1510820.jpg,ISIC_4355988.jpg,0.8837010264396667
ISIC_1510820.jpg,ISIC_4356606.jpg,0.8245582580566406
ISIC_1510820.jpg,ISIC_4356936.jpg,0.8319634795188904
ISIC_1510820.jpg,ISIC_4358060.jpg,0.4421609342098236
ISIC_1510820.jpg,ISIC_4359352.jpg,0.15599681437015533
ISIC_1510820.jpg,ISIC_4360093.jpg,0.5926868319511414
ISIC_1510820.jpg,ISIC_4360109.jpg,0.6667993664741516
ISIC_1510820.jpg,ISIC_4361794.jpg,0.7107687592506409
ISIC_1510820.jpg,ISIC_4365909.jpg,0.5236379504203796
ISIC_1510820.jpg,ISIC_4367244.jpg,0.8411914110183716
ISIC_1510820.jpg,ISIC_4369210.jpg,0.7142246961593628
ISIC_1510820.jpg,ISIC_4370063.jpg,0.7363830804824829
ISIC_1510820.jpg,ISIC_4371027.jpg,0.7758007645606995
ISIC_1510820.jpg,ISIC_4372186.jpg,0.19778230786323547
ISIC_1510820.jpg,ISIC_4373405.jpg,0.5902382135391235
ISIC_1510820.jpg,ISIC_4373849.jpg,0.682937502861023
ISIC_1510820.jpg,ISIC_4374956.jpg,0.3897881805896759
ISIC_1510820.jpg,ISIC_4375150.jpg,0.8498355746269226
ISIC_1510820.jpg,ISIC_4376572.jpg,0.6411365270614624
ISIC_1510820.jpg,ISIC_4377671.jpg,0.8522607088088989
ISIC_1510820.jpg,ISIC_4381076.jpg,0.46607843041419983
ISIC_1510820.jpg,ISIC_4382016.jpg,0.8314968347549438
ISIC_1510820.jpg,ISIC_4382778.jpg,0.6579960584640503
ISIC_1510820.jpg,ISIC_4383639.jpg,0.7833677530288696
ISIC_1510820.jpg,ISIC_4384149.jpg,0.8340267539024353
ISIC_1510820.jpg,ISIC_4384631.jpg,0.74177485704422
ISIC_1510820.jpg,ISIC_4387462.jpg,0.8330594301223755
ISIC_1510820.jpg,ISIC_4387742.jpg,0.4529789388179779
ISIC_1510820.jpg,ISIC_4389169.jpg,0.6146833896636963
ISIC_1510820.jpg,ISIC_4389340.jpg,0.4202888309955597
ISIC_1510820.jpg,ISIC_4390316.jpg,0.6051254868507385
ISIC_1510820.jpg,ISIC_4391116.jpg,0.8599468469619751
ISIC_1510820.jpg,ISIC_4392497.jpg,0.8312245607376099
ISIC_1510820.jpg,ISIC_4394582.jpg,0.7207470536231995
ISIC_1510820.jpg,ISIC_4395233.jpg,0.724496603012085
ISIC_1510820.jpg,ISIC_4397375.jpg,0.5205740332603455
ISIC_1510820.jpg,ISIC_4397698.jpg,0.8488261699676514
ISIC_1510820.jpg,ISIC_4398622.jpg,0.7130136489868164
ISIC_1510820.jpg,ISIC_4399176.jpg,0.5409302115440369
ISIC_1510820.jpg,ISIC_4399932.jpg,0.17733673751354218
ISIC_1510820.jpg,ISIC_4400063.jpg,0.8882085084915161
ISIC_1510820.jpg,ISIC_4400253.jpg,0.605623185634613
ISIC_1510820.jpg,ISIC_4402945.jpg,0.3893125653266907
ISIC_1510820.jpg,ISIC_4403324.jpg,0.8022922277450562
ISIC_1510820.jpg,ISIC_4403513.jpg,0.8201002478599548
ISIC_1510820.jpg,ISIC_4405508.jpg,0.5039436221122742
ISIC_1510820.jpg,ISIC_4405616.jpg,0.8519247174263
ISIC_1510820.jpg,ISIC_4408816.jpg,0.5898350477218628
ISIC_1510820.jpg,ISIC_4410698.jpg,0.8230788111686707
ISIC_1510820.jpg,ISIC_4411659.jpg,0.755266547203064
ISIC_1510820.jpg,ISIC_4411770.jpg,0.8164004683494568
ISIC_1510820.jpg,ISIC_4413303.jpg,0.8530720472335815
ISIC_1510820.jpg,ISIC_4415527.jpg,0.4264707565307617
ISIC_1510820.jpg,ISIC_4415966.jpg,0.4836397171020508
ISIC_1510820.jpg,ISIC_4416068.jpg,0.3250267505645752
ISIC_1510820.jpg,ISIC_4416545.jpg,0.3152672052383423
ISIC_1510820.jpg,ISIC_4416593.jpg,0.7543849349021912
ISIC_1510820.jpg,ISIC_4416877.jpg,0.7988249659538269
ISIC_1510820.jpg,ISIC_4418073.jpg,0.6336951851844788
ISIC_1510820.jpg,ISIC_4420890.jpg,0.16181868314743042
ISIC_1510820.jpg,ISIC_4420896.jpg,0.5457226037979126
ISIC_1510820.jpg,ISIC_4421057.jpg,0.7284327149391174
ISIC_1510820.jpg,ISIC_4422783.jpg,0.8803946375846863
ISIC_1510820.jpg,ISIC_4422883.jpg,0.802781879901886
ISIC_1510820.jpg,ISIC_4423021.jpg,0.2653879225254059
ISIC_1510820.jpg,ISIC_4423247.jpg,0.2806421220302582
ISIC_1510820.jpg,ISIC_4424749.jpg,0.704947829246521
ISIC_1510820.jpg,ISIC_4424842.jpg,0.21487478911876678
ISIC_1510820.jpg,ISIC_4426517.jpg,0.8378316164016724
ISIC_1510820.jpg,ISIC_4427247.jpg,0.2746883034706116
ISIC_1510820.jpg,ISIC_4428229.jpg,0.9072554111480713
ISIC_1510820.jpg,ISIC_4430138.jpg,0.45561063289642334
ISIC_1510820.jpg,ISIC_4430541.jpg,0.6596383452415466
ISIC_1510820.jpg,ISIC_4431794.jpg,0.22329188883304596
ISIC_1510820.jpg,ISIC_4431911.jpg,0.7871732115745544
ISIC_1510820.jpg,ISIC_4432275.jpg,0.541405439376831
ISIC_1510820.jpg,ISIC_4433924.jpg,0.6904760003089905
ISIC_1510820.jpg,ISIC_4435605.jpg,0.38344794511795044
ISIC_1510820.jpg,ISIC_4438148.jpg,0.5915119051933289
ISIC_1510820.jpg,ISIC_4438918.jpg,0.30769139528274536
ISIC_1510820.jpg,ISIC_4442628.jpg,0.8884463906288147
ISIC_1510820.jpg,ISIC_4442884.jpg,0.8643209934234619
ISIC_1510820.jpg,ISIC_4443268.jpg,0.6300179362297058
ISIC_1510820.jpg,ISIC_4443863.jpg,0.6317470669746399
ISIC_1510820.jpg,ISIC_4445424.jpg,0.7862484455108643
ISIC_1510820.jpg,ISIC_4447049.jpg,0.4259085953235626
ISIC_1510820.jpg,ISIC_4448639.jpg,0.3773769438266754
ISIC_1510820.jpg,ISIC_4454742.jpg,0.658897340297699
ISIC_1510820.jpg,ISIC_4455746.jpg,0.7743162512779236
ISIC_1510820.jpg,ISIC_4457555.jpg,0.471115380525589
ISIC_1510820.jpg,ISIC_4458831.jpg,0.7523118257522583
ISIC_1510820.jpg,ISIC_4459057.jpg,0.752653956413269
ISIC_1510820.jpg,ISIC_4459725.jpg,0.8786660432815552
ISIC_1510820.jpg,ISIC_4461030.jpg,0.7290236353874207
ISIC_1510820.jpg,ISIC_4461248.jpg,0.49024972319602966
ISIC_1510820.jpg,ISIC_4461960.jpg,0.24176707863807678
ISIC_1510820.jpg,ISIC_4462816.jpg,0.8339210152626038
ISIC_1510820.jpg,ISIC_4463349.jpg,0.3421904444694519
ISIC_1510820.jpg,ISIC_4464420.jpg,0.8281632661819458
ISIC_1510820.jpg,ISIC_4464801.jpg,0.7073582410812378
ISIC_1510820.jpg,ISIC_4466015.jpg,0.6586805582046509
ISIC_1510820.jpg,ISIC_4467372.jpg,0.8116384744644165
ISIC_1510820.jpg,ISIC_4467804.jpg,0.3783319592475891
ISIC_1510820.jpg,ISIC_4468350.jpg,0.44222721457481384
ISIC_1510820.jpg,ISIC_4468975.jpg,0.5802614092826843
ISIC_1510820.jpg,ISIC_4469799.jpg,0.740223228931427
ISIC_1510820.jpg,ISIC_4470148.jpg,0.47373950481414795
ISIC_1510820.jpg,ISIC_4470155.jpg,0.42587506771087646
ISIC_1510820.jpg,ISIC_4471395.jpg,0.4840788245201111
ISIC_1510820.jpg,ISIC_4471947.jpg,0.7589588165283203
ISIC_1510820.jpg,ISIC_4472255.jpg,0.8932215571403503
ISIC_1510820.jpg,ISIC_4473665.jpg,0.7969452142715454
ISIC_1510820.jpg,ISIC_4475717.jpg,0.7838799357414246
ISIC_1510820.jpg,ISIC_4477796.jpg,0.7561187148094177
ISIC_1510820.jpg,ISIC_4478000.jpg,0.27384158968925476
ISIC_1510820.jpg,ISIC_4480540.jpg,0.3469516336917877
ISIC_1510820.jpg,ISIC_4482611.jpg,0.7465010285377502
ISIC_1510820.jpg,ISIC_4483006.jpg,0.5153687596321106
ISIC_1510820.jpg,ISIC_4486116.jpg,0.2706485688686371
ISIC_1510820.jpg,ISIC_4486493.jpg,0.34408771991729736
ISIC_1510820.jpg,ISIC_4486657.jpg,0.8217988610267639
ISIC_1510820.jpg,ISIC_4489148.jpg,0.46687591075897217
ISIC_1510820.jpg,ISIC_4490095.jpg,0.40171462297439575
ISIC_1510820.jpg,ISIC_4490633.jpg,0.788621723651886
ISIC_1510820.jpg,ISIC_4490969.jpg,0.25342199206352234
ISIC_1510820.jpg,ISIC_4491724.jpg,0.6919621229171753
ISIC_1510820.jpg,ISIC_4494730.jpg,0.726007342338562
ISIC_1510820.jpg,ISIC_4494895.jpg,0.40580764412879944
ISIC_1510820.jpg,ISIC_4495576.jpg,0.41855210065841675
ISIC_1510820.jpg,ISIC_4495728.jpg,0.44276484847068787
ISIC_1510820.jpg,ISIC_4497053.jpg,0.8266075253486633
ISIC_1510820.jpg,ISIC_4498705.jpg,0.9093196988105774
ISIC_1510820.jpg,ISIC_4501640.jpg,0.7353440523147583
ISIC_1510820.jpg,ISIC_4502826.jpg,0.4762141704559326
ISIC_1510820.jpg,ISIC_4503813.jpg,0.672909140586853
ISIC_1510820.jpg,ISIC_4504054.jpg,0.2682096064090729
ISIC_1510820.jpg,ISIC_4504273.jpg,0.7085133194923401
ISIC_1510820.jpg,ISIC_4505694.jpg,0.5397653579711914
ISIC_1510820.jpg,ISIC_4505831.jpg,0.5123381018638611
ISIC_1510820.jpg,ISIC_4507305.jpg,0.8734877109527588
ISIC_1510820.jpg,ISIC_4510884.jpg,0.49306121468544006
ISIC_1510820.jpg,ISIC_4513283.jpg,0.3083916902542114
ISIC_1510820.jpg,ISIC_4513838.jpg,0.7556917071342468
ISIC_1510820.jpg,ISIC_4516431.jpg,0.9198395013809204
ISIC_1510820.jpg,ISIC_4520822.jpg,0.8751158118247986
ISIC_1510820.jpg,ISIC_4524070.jpg,0.8363952040672302
ISIC_1510820.jpg,ISIC_4526190.jpg,0.8884407877922058
ISIC_1510820.jpg,ISIC_4526571.jpg,0.8824780583381653
ISIC_1510820.jpg,ISIC_4527263.jpg,0.4146595895290375
ISIC_1510820.jpg,ISIC_4529482.jpg,0.7400686740875244
ISIC_1510820.jpg,ISIC_4529721.jpg,0.4239852726459503
ISIC_1510820.jpg,ISIC_4532093.jpg,0.72933030128479
ISIC_1510820.jpg,ISIC_4533109.jpg,0.8110615611076355
ISIC_1510820.jpg,ISIC_4533497.jpg,0.8191428184509277
ISIC_1510820.jpg,ISIC_4535403.jpg,0.871290922164917
ISIC_1510820.jpg,ISIC_4537621.jpg,0.7265601754188538
ISIC_1510820.jpg,ISIC_4537689.jpg,0.6096799969673157
ISIC_1510820.jpg,ISIC_4537734.jpg,0.8849587440490723
ISIC_1510820.jpg,ISIC_4537949.jpg,0.871941864490509
ISIC_1510820.jpg,ISIC_4538214.jpg,0.8569650650024414
ISIC_1510820.jpg,ISIC_4538371.jpg,0.20159874856472015
ISIC_1510820.jpg,ISIC_4539865.jpg,0.7551801800727844
ISIC_1510820.jpg,ISIC_4543297.jpg,0.5470473766326904
ISIC_1510820.jpg,ISIC_4544545.jpg,0.8071653246879578
ISIC_1510820.jpg,ISIC_4546060.jpg,0.8700792193412781
ISIC_1510820.jpg,ISIC_4546591.jpg,0.6676289439201355
ISIC_1510820.jpg,ISIC_4550711.jpg,0.7602578401565552
ISIC_1510820.jpg,ISIC_4550876.jpg,0.26165249943733215
ISIC_1510820.jpg,ISIC_4553607.jpg,0.7991208434104919
ISIC_1510820.jpg,ISIC_4555302.jpg,0.7369903922080994
ISIC_1510820.jpg,ISIC_4557263.jpg,0.16689465939998627
ISIC_1510820.jpg,ISIC_4559201.jpg,0.8733993768692017
ISIC_1510820.jpg,ISIC_4560021.jpg,0.12705697119235992
ISIC_1510820.jpg,ISIC_4560577.jpg,0.7609397172927856
ISIC_1510820.jpg,ISIC_4561222.jpg,0.393161803483963
ISIC_1510820.jpg,ISIC_4561897.jpg,0.5705142021179199
ISIC_1510820.jpg,ISIC_4563869.jpg,0.7501630187034607
ISIC_1510820.jpg,ISIC_4564430.jpg,0.7520116567611694
ISIC_1510820.jpg,ISIC_4566744.jpg,0.6865974068641663
ISIC_1510820.jpg,ISIC_4567243.jpg,0.699836790561676
ISIC_1510820.jpg,ISIC_4569441.jpg,0.8476723432540894
ISIC_1510820.jpg,ISIC_4573692.jpg,0.7966885566711426
ISIC_1510820.jpg,ISIC_4573723.jpg,0.14467239379882812
ISIC_1510820.jpg,ISIC_4574906.jpg,0.7672800421714783
ISIC_1510820.jpg,ISIC_4575527.jpg,0.5805157423019409
ISIC_1510820.jpg,ISIC_4576656.jpg,0.5924268364906311
ISIC_1510820.jpg,ISIC_4578458.jpg,0.7286021113395691
ISIC_1510820.jpg,ISIC_4578961.jpg,0.8374009728431702
ISIC_1510820.jpg,ISIC_4580050.jpg,0.3530520796775818
ISIC_1510820.jpg,ISIC_4580366.jpg,0.2617543637752533
ISIC_1510820.jpg,ISIC_4583119.jpg,0.6930366158485413
ISIC_1510820.jpg,ISIC_4583349.jpg,0.3963874578475952
ISIC_1510820.jpg,ISIC_4583712.jpg,0.9045873284339905
ISIC_1510820.jpg,ISIC_4584784.jpg,0.6246798038482666
ISIC_1510820.jpg,ISIC_4586633.jpg,0.7514564990997314
ISIC_1510820.jpg,ISIC_4587316.jpg,0.5771909952163696
ISIC_1510820.jpg,ISIC_4587366.jpg,0.8013999462127686
ISIC_1510820.jpg,ISIC_4589576.jpg,0.48606038093566895
ISIC_1510820.jpg,ISIC_4590186.jpg,0.6444442272186279
ISIC_1510820.jpg,ISIC_4590442.jpg,0.3435203433036804
ISIC_1510820.jpg,ISIC_4593553.jpg,0.6755755543708801
ISIC_1510820.jpg,ISIC_4593605.jpg,0.7868610620498657
ISIC_1510820.jpg,ISIC_4594387.jpg,0.6961041688919067
ISIC_1510820.jpg,ISIC_4597293.jpg,0.5631929636001587
ISIC_1510820.jpg,ISIC_4599325.jpg,0.8739407658576965
ISIC_1510820.jpg,ISIC_4600378.jpg,0.8035933375358582
ISIC_1510820.jpg,ISIC_4600893.jpg,0.2649371922016144
ISIC_1510820.jpg,ISIC_4605739.jpg,0.6257764101028442
ISIC_1510820.jpg,ISIC_4608543.jpg,0.8245602250099182
ISIC_1510820.jpg,ISIC_4610167.jpg,0.713909924030304
ISIC_1510820.jpg,ISIC_4610381.jpg,0.40292707085609436
ISIC_1510820.jpg,ISIC_4610774.jpg,0.8373762369155884
ISIC_1510820.jpg,ISIC_4612428.jpg,0.7528529167175293
ISIC_1510820.jpg,ISIC_4615677.jpg,0.8849458694458008
ISIC_1510820.jpg,ISIC_4616381.jpg,0.6514114141464233
ISIC_1510820.jpg,ISIC_4616408.jpg,0.6112108826637268
ISIC_1510820.jpg,ISIC_4618929.jpg,0.368330717086792
ISIC_1510820.jpg,ISIC_4619326.jpg,0.5110711455345154
ISIC_1510820.jpg,ISIC_4621064.jpg,0.7423613667488098
ISIC_1510820.jpg,ISIC_4621918.jpg,0.6286313533782959
ISIC_1510820.jpg,ISIC_4622981.jpg,0.7610080242156982
ISIC_1510820.jpg,ISIC_4625309.jpg,0.4671093821525574
ISIC_1510820.jpg,ISIC_4625562.jpg,0.8445822596549988
ISIC_1510820.jpg,ISIC_4626600.jpg,0.8463583588600159
ISIC_1510820.jpg,ISIC_4626672.jpg,0.7959188222885132
ISIC_1510820.jpg,ISIC_4627066.jpg,0.6514006853103638
ISIC_1510820.jpg,ISIC_4629020.jpg,0.8096223473548889
ISIC_1510820.jpg,ISIC_4629709.jpg,0.8029618263244629
ISIC_1510820.jpg,ISIC_4630161.jpg,0.7295047044754028
ISIC_1510820.jpg,ISIC_4630423.jpg,0.3596847355365753
ISIC_1510820.jpg,ISIC_4631399.jpg,0.7438520193099976
ISIC_1510820.jpg,ISIC_4632131.jpg,0.5784243941307068
ISIC_1510820.jpg,ISIC_4633043.jpg,0.6304759979248047
ISIC_1510820.jpg,ISIC_4634217.jpg,0.3575606644153595
ISIC_1510820.jpg,ISIC_4634556.jpg,0.3348109722137451
ISIC_1510820.jpg,ISIC_4634975.jpg,0.632358193397522
ISIC_1510820.jpg,ISIC_4638233.jpg,0.6738531589508057
ISIC_1510820.jpg,ISIC_4638451.jpg,0.4424286484718323
ISIC_1510820.jpg,ISIC_4639151.jpg,0.8458227515220642
ISIC_1510820.jpg,ISIC_4639746.jpg,0.3746774196624756
ISIC_1510820.jpg,ISIC_4640206.jpg,0.17167286574840546
ISIC_1510820.jpg,ISIC_4643058.jpg,0.22353538870811462
ISIC_1510820.jpg,ISIC_4644307.jpg,0.7519371509552002
ISIC_1510820.jpg,ISIC_4646907.jpg,0.2491595447063446
ISIC_1510820.jpg,ISIC_4649621.jpg,0.2515874207019806
ISIC_1510820.jpg,ISIC_4651671.jpg,0.8280396461486816
ISIC_1510820.jpg,ISIC_4656170.jpg,0.6662754416465759
ISIC_1510820.jpg,ISIC_4657579.jpg,0.5912263989448547
ISIC_1510820.jpg,ISIC_4790433.jpg,0.7083109617233276
ISIC_1510820.jpg,ISIC_4791409.jpg,0.470156729221344
ISIC_1510820.jpg,ISIC_4795502.jpg,0.5579075217247009
ISIC_1510820.jpg,ISIC_4797031.jpg,0.8829652667045593
ISIC_1510820.jpg,ISIC_4797111.jpg,0.3232766091823578
ISIC_1510820.jpg,ISIC_4798486.jpg,0.6534895896911621
ISIC_1510820.jpg,ISIC_4799228.jpg,0.7859140038490295
ISIC_1510820.jpg,ISIC_4799458.jpg,0.7689578533172607
ISIC_1510820.jpg,ISIC_4801332.jpg,0.273102343082428
ISIC_1510820.jpg,ISIC_4805956.jpg,0.4998936355113983
ISIC_1510820.jpg,ISIC_4806625.jpg,0.9010199904441833
ISIC_1510820.jpg,ISIC_4807050.jpg,0.4998149275779724
ISIC_1510820.jpg,ISIC_4807815.jpg,0.23561294376850128
ISIC_1510820.jpg,ISIC_4808532.jpg,0.5768006443977356
ISIC_1510820.jpg,ISIC_4808848.jpg,0.9054433107376099
ISIC_1510820.jpg,ISIC_4809071.jpg,0.4923758804798126
ISIC_1510820.jpg,ISIC_4810227.jpg,0.12578119337558746
ISIC_1510820.jpg,ISIC_4811580.jpg,0.34995022416114807
ISIC_1510820.jpg,ISIC_4811778.jpg,0.7382827401161194
ISIC_1510820.jpg,ISIC_4812485.jpg,0.6022154688835144
ISIC_1510820.jpg,ISIC_4814164.jpg,0.21285618841648102
ISIC_1510820.jpg,ISIC_4814785.jpg,0.39940395951271057
ISIC_1510820.jpg,ISIC_4815388.jpg,0.5995402932167053
ISIC_1510820.jpg,ISIC_4817313.jpg,0.5345947742462158
ISIC_1510820.jpg,ISIC_4817940.jpg,0.5423557162284851
ISIC_1510820.jpg,ISIC_4819603.jpg,0.834862470626831
ISIC_1510820.jpg,ISIC_4820261.jpg,0.8619183301925659
ISIC_1510820.jpg,ISIC_4821916.jpg,0.4315609633922577
ISIC_1510820.jpg,ISIC_4825339.jpg,0.18627068400382996
ISIC_1510820.jpg,ISIC_4825933.jpg,0.36531907320022583
ISIC_1510820.jpg,ISIC_4827036.jpg,0.8485686779022217
ISIC_1510820.jpg,ISIC_4827286.jpg,0.7959263920783997
ISIC_1510820.jpg,ISIC_4828981.jpg,0.695190966129303
ISIC_1510820.jpg,ISIC_4829446.jpg,0.1977367103099823
ISIC_1510820.jpg,ISIC_4829472.jpg,0.5449038743972778
ISIC_1510820.jpg,ISIC_4831237.jpg,0.6245336532592773
ISIC_1510820.jpg,ISIC_4831295.jpg,0.42135366797447205
ISIC_1510820.jpg,ISIC_4832339.jpg,0.7877680659294128
ISIC_1510820.jpg,ISIC_4832498.jpg,0.8457387089729309
ISIC_1510820.jpg,ISIC_4836753.jpg,0.6377006769180298
ISIC_1510820.jpg,ISIC_4837220.jpg,0.8251768350601196
ISIC_1510820.jpg,ISIC_4837951.jpg,0.6584818959236145
ISIC_1510820.jpg,ISIC_4840667.jpg,0.7868444323539734
ISIC_1510820.jpg,ISIC_4841584.jpg,0.4800111651420593
ISIC_1510820.jpg,ISIC_4841875.jpg,0.6767963171005249
ISIC_1510820.jpg,ISIC_4842020.jpg,0.43649300932884216
ISIC_1510820.jpg,ISIC_4842371.jpg,0.7630796432495117
ISIC_1510820.jpg,ISIC_4842490.jpg,0.7433936595916748
ISIC_1510820.jpg,ISIC_4844211.jpg,0.4241008460521698
ISIC_1510820.jpg,ISIC_4845699.jpg,0.7375801205635071
ISIC_1510820.jpg,ISIC_4850670.jpg,0.788600742816925
ISIC_1510820.jpg,ISIC_4852647.jpg,0.1849357932806015
ISIC_1510820.jpg,ISIC_4853617.jpg,0.23170021176338196
ISIC_1510820.jpg,ISIC_4854164.jpg,0.639408528804779
ISIC_1510820.jpg,ISIC_4854177.jpg,0.6614904403686523
ISIC_1510820.jpg,ISIC_4855263.jpg,0.5773316621780396
ISIC_1510820.jpg,ISIC_4858118.jpg,0.7185559868812561
ISIC_1510820.jpg,ISIC_4860646.jpg,0.71119624376297
ISIC_1510820.jpg,ISIC_4864264.jpg,0.7681145071983337
ISIC_1510820.jpg,ISIC_4864699.jpg,0.8328718543052673
ISIC_1510820.jpg,ISIC_4870115.jpg,0.7674818634986877
ISIC_1510820.jpg,ISIC_4870183.jpg,0.6255884766578674
ISIC_1510820.jpg,ISIC_4870714.jpg,0.8153853416442871
ISIC_1510820.jpg,ISIC_4871413.jpg,0.7517934441566467
ISIC_1510820.jpg,ISIC_4872245.jpg,0.7265601754188538
ISIC_1510820.jpg,ISIC_4872399.jpg,0.7713910341262817
ISIC_1510820.jpg,ISIC_4875186.jpg,0.8765616416931152
ISIC_1510820.jpg,ISIC_4876529.jpg,0.4035828411579132
ISIC_1510820.jpg,ISIC_4876871.jpg,0.5397610664367676
ISIC_1510820.jpg,ISIC_4878152.jpg,0.9219716787338257
ISIC_1510820.jpg,ISIC_4878732.jpg,0.8518978357315063
ISIC_1510820.jpg,ISIC_4880962.jpg,0.5921832323074341
ISIC_1510820.jpg,ISIC_4881393.jpg,0.6559303402900696
ISIC_1510820.jpg,ISIC_4885871.jpg,0.7376854419708252
ISIC_1510820.jpg,ISIC_4887134.jpg,0.8612083792686462
ISIC_1510820.jpg,ISIC_4887484.jpg,0.8447262644767761
ISIC_1510820.jpg,ISIC_4890586.jpg,0.3980110287666321
ISIC_1510820.jpg,ISIC_4892281.jpg,0.3442284166812897
ISIC_1510820.jpg,ISIC_4892438.jpg,0.6939473748207092
ISIC_1510820.jpg,ISIC_4893770.jpg,0.8641132116317749
ISIC_1510820.jpg,ISIC_4895887.jpg,0.8746492862701416
ISIC_1510820.jpg,ISIC_4899688.jpg,0.23192811012268066
ISIC_1510820.jpg,ISIC_4900231.jpg,0.8567745685577393
ISIC_1510820.jpg,ISIC_4901230.jpg,0.7899700403213501
ISIC_1510820.jpg,ISIC_4901478.jpg,0.7791174054145813
ISIC_1510820.jpg,ISIC_4903290.jpg,0.3822353184223175
ISIC_1510820.jpg,ISIC_4905375.jpg,0.44572970271110535
ISIC_1510820.jpg,ISIC_4906070.jpg,0.4929858148097992
ISIC_1510820.jpg,ISIC_4906097.jpg,0.5114398002624512
ISIC_1510820.jpg,ISIC_4906230.jpg,0.3813239336013794
ISIC_1510820.jpg,ISIC_4907312.jpg,0.4521198868751526
ISIC_1510820.jpg,ISIC_4910741.jpg,0.09117429703474045
ISIC_1510820.jpg,ISIC_4911748.jpg,0.782720148563385
ISIC_1510820.jpg,ISIC_4913954.jpg,0.40802621841430664
ISIC_1510820.jpg,ISIC_4913985.jpg,0.5345137715339661
ISIC_1510820.jpg,ISIC_4916489.jpg,0.8350366950035095
ISIC_1510820.jpg,ISIC_4917144.jpg,0.7538025975227356
ISIC_1510820.jpg,ISIC_4918167.jpg,0.5917964577674866
ISIC_1510820.jpg,ISIC_4918621.jpg,0.6698128581047058
ISIC_1510820.jpg,ISIC_4920450.jpg,0.4285926818847656
ISIC_1510820.jpg,ISIC_4920466.jpg,0.45353344082832336
ISIC_1510820.jpg,ISIC_4921590.jpg,0.6047675013542175
ISIC_1510820.jpg,ISIC_4921639.jpg,0.8485139012336731
ISIC_1510820.jpg,ISIC_4921916.jpg,0.605146050453186
ISIC_1510820.jpg,ISIC_4922339.jpg,0.13853402435779572
ISIC_1510820.jpg,ISIC_4923214.jpg,0.6771854162216187
ISIC_1510820.jpg,ISIC_4924167.jpg,0.7718276977539062
ISIC_1510820.jpg,ISIC_4924889.jpg,0.8290972113609314
ISIC_1510820.jpg,ISIC_4925317.jpg,0.8562596440315247
ISIC_1510820.jpg,ISIC_4926849.jpg,0.6675053238868713
ISIC_1510820.jpg,ISIC_4927902.jpg,0.6999635100364685
ISIC_1510820.jpg,ISIC_4928736.jpg,0.609217643737793
ISIC_1510820.jpg,ISIC_4928785.jpg,0.7249926924705505
ISIC_1510820.jpg,ISIC_4930702.jpg,0.9187564253807068
ISIC_1510820.jpg,ISIC_4933952.jpg,0.827501118183136
ISIC_1510820.jpg,ISIC_4934388.jpg,0.6472154855728149
ISIC_1510820.jpg,ISIC_4934693.jpg,0.5865983963012695
ISIC_1510820.jpg,ISIC_4935297.jpg,0.8067776560783386
ISIC_1510820.jpg,ISIC_4936935.jpg,0.6864715814590454
ISIC_1510820.jpg,ISIC_4938202.jpg,0.5288008451461792
ISIC_1510820.jpg,ISIC_4938348.jpg,0.7968332767486572
ISIC_1510820.jpg,ISIC_4939110.jpg,0.3428134024143219
ISIC_1510820.jpg,ISIC_4939299.jpg,0.7651038765907288
ISIC_1510820.jpg,ISIC_4940049.jpg,0.549481213092804
ISIC_1510820.jpg,ISIC_4940163.jpg,0.38186344504356384
ISIC_1510820.jpg,ISIC_4944703.jpg,0.8976994156837463
ISIC_1510820.jpg,ISIC_4946396.jpg,0.3311820328235626
ISIC_1510820.jpg,ISIC_4947097.jpg,0.6046195030212402
ISIC_1510820.jpg,ISIC_4949979.jpg,0.6441537141799927
ISIC_1510820.jpg,ISIC_4954090.jpg,0.5264068245887756
ISIC_1510820.jpg,ISIC_4955533.jpg,0.34109368920326233
ISIC_1510820.jpg,ISIC_4956153.jpg,0.8597829937934875
ISIC_1510820.jpg,ISIC_4957213.jpg,0.807584822177887
ISIC_1510820.jpg,ISIC_4959196.jpg,0.8700715899467468
ISIC_1510820.jpg,ISIC_4959359.jpg,0.6839698553085327
ISIC_1510820.jpg,ISIC_4961146.jpg,0.1266002207994461
ISIC_1510820.jpg,ISIC_4963175.jpg,0.5425996780395508
ISIC_1510820.jpg,ISIC_4964804.jpg,0.7375549674034119
ISIC_1510820.jpg,ISIC_4964889.jpg,0.7394519448280334
ISIC_1510820.jpg,ISIC_4965292.jpg,0.1460302770137787
ISIC_1510820.jpg,ISIC_4965436.jpg,0.8200400471687317
ISIC_1510820.jpg,ISIC_4967356.jpg,0.543728768825531
ISIC_1510820.jpg,ISIC_4968241.jpg,0.5471229553222656
ISIC_1510820.jpg,ISIC_4968384.jpg,0.5898268222808838
ISIC_1510820.jpg,ISIC_4969524.jpg,0.7942982912063599
ISIC_1510820.jpg,ISIC_4971479.jpg,0.49752771854400635
ISIC_1510820.jpg,ISIC_4973223.jpg,0.690517246723175
ISIC_1510820.jpg,ISIC_4974922.jpg,0.6322140097618103
ISIC_1510820.jpg,ISIC_4975524.jpg,0.11574175953865051
ISIC_1510820.jpg,ISIC_4979450.jpg,0.5435709953308105
ISIC_1510820.jpg,ISIC_4980704.jpg,0.7170218825340271
ISIC_1510820.jpg,ISIC_4982046.jpg,0.8235979676246643
ISIC_1510820.jpg,ISIC_4982137.jpg,0.8136158585548401
ISIC_1510820.jpg,ISIC_4985114.jpg,0.5833430290222168
ISIC_1510820.jpg,ISIC_4986320.jpg,0.4398048520088196
ISIC_1510820.jpg,ISIC_4990450.jpg,0.8306262493133545
ISIC_1510820.jpg,ISIC_4991055.jpg,0.7113088369369507
ISIC_1510820.jpg,ISIC_4991081.jpg,0.8925520181655884
ISIC_1510820.jpg,ISIC_4991866.jpg,0.8483137488365173
ISIC_1510820.jpg,ISIC_4994074.jpg,0.312233030796051
ISIC_1510820.jpg,ISIC_4998162.jpg,0.8196490406990051
ISIC_1510820.jpg,ISIC_4998467.jpg,0.9033613204956055
ISIC_1510820.jpg,ISIC_5000253.jpg,0.6639242172241211
ISIC_1510820.jpg,ISIC_5003318.jpg,0.4636569619178772
ISIC_1510820.jpg,ISIC_5003396.jpg,0.7856121063232422
ISIC_1510820.jpg,ISIC_5003515.jpg,0.28932592272758484
ISIC_1510820.jpg,ISIC_5003617.jpg,0.8003045320510864
ISIC_1510820.jpg,ISIC_5005015.jpg,0.21356333792209625
ISIC_1510820.jpg,ISIC_5005138.jpg,0.458234965801239
ISIC_1510820.jpg,ISIC_5005933.jpg,0.4883558750152588
ISIC_1510820.jpg,ISIC_5006243.jpg,0.3786103129386902
ISIC_1510820.jpg,ISIC_5006561.jpg,0.91395103931427
ISIC_1510820.jpg,ISIC_5006966.jpg,0.4683881998062134
ISIC_1510820.jpg,ISIC_5007320.jpg,0.45124948024749756
ISIC_1510820.jpg,ISIC_5007420.jpg,0.22849003970623016
ISIC_1510820.jpg,ISIC_5008110.jpg,0.4886895418167114
ISIC_1510820.jpg,ISIC_5008595.jpg,0.6975075602531433
ISIC_1510820.jpg,ISIC_5009524.jpg,0.8023322224617004
ISIC_1510820.jpg,ISIC_5011656.jpg,0.759225070476532
ISIC_1510820.jpg,ISIC_5011671.jpg,0.5912976861000061
ISIC_1510820.jpg,ISIC_5013845.jpg,0.36594873666763306
ISIC_1510820.jpg,ISIC_5014918.jpg,0.8981861472129822
ISIC_1510820.jpg,ISIC_5014922.jpg,0.4458990693092346
ISIC_1510820.jpg,ISIC_5015604.jpg,0.8036450743675232
ISIC_1510820.jpg,ISIC_5016755.jpg,0.5943057537078857
ISIC_1510820.jpg,ISIC_5017172.jpg,0.9031831622123718
ISIC_1510820.jpg,ISIC_5017576.jpg,0.7432987689971924
ISIC_1510820.jpg,ISIC_5018995.jpg,0.7551732659339905
ISIC_1510820.jpg,ISIC_5019438.jpg,0.7687951326370239
ISIC_1510820.jpg,ISIC_5021072.jpg,0.835568904876709
ISIC_1510820.jpg,ISIC_5021202.jpg,0.3660581409931183
ISIC_1510820.jpg,ISIC_5022165.jpg,0.5831727981567383
ISIC_1510820.jpg,ISIC_5024441.jpg,0.5339152216911316
ISIC_1510820.jpg,ISIC_5024697.jpg,0.7608734965324402
ISIC_1510820.jpg,ISIC_5025033.jpg,0.5525915026664734
ISIC_1510820.jpg,ISIC_5026157.jpg,0.7464760541915894
ISIC_1510820.jpg,ISIC_5027183.jpg,0.27790567278862
ISIC_1510820.jpg,ISIC_5029232.jpg,0.8692590594291687
ISIC_1510820.jpg,ISIC_5031847.jpg,0.8376254439353943
ISIC_1510820.jpg,ISIC_5032734.jpg,0.8434997200965881
ISIC_1510820.jpg,ISIC_5033399.jpg,0.751764178276062
ISIC_1510820.jpg,ISIC_5033500.jpg,0.7674990296363831
ISIC_1510820.jpg,ISIC_5033622.jpg,0.8401924967765808
ISIC_1510820.jpg,ISIC_5034479.jpg,0.5071046948432922
ISIC_1510820.jpg,ISIC_5034532.jpg,0.6872898936271667
ISIC_1510820.jpg,ISIC_5036511.jpg,0.3372514545917511
ISIC_1510820.jpg,ISIC_5039173.jpg,0.8711193799972534
ISIC_1510820.jpg,ISIC_5043590.jpg,0.4374997019767761
ISIC_1510820.jpg,ISIC_5045049.jpg,0.8576604723930359
ISIC_1510820.jpg,ISIC_5046595.jpg,0.45340240001678467
ISIC_1510820.jpg,ISIC_5046748.jpg,0.6687203049659729
ISIC_1510820.jpg,ISIC_5048708.jpg,0.31509867310523987
ISIC_1510820.jpg,ISIC_5049288.jpg,0.5993324518203735
ISIC_1510820.jpg,ISIC_5050453.jpg,0.8448724746704102
ISIC_1510820.jpg,ISIC_5050580.jpg,0.6068171858787537
ISIC_1510820.jpg,ISIC_5052489.jpg,0.8694387674331665
ISIC_1510820.jpg,ISIC_5052908.jpg,0.489962100982666
ISIC_1510820.jpg,ISIC_5053329.jpg,0.8323363065719604
ISIC_1510820.jpg,ISIC_5053923.jpg,0.3505297303199768
ISIC_1510820.jpg,ISIC_5056243.jpg,0.14445734024047852
ISIC_1510820.jpg,ISIC_5060482.jpg,0.7039791345596313
ISIC_1510820.jpg,ISIC_5061591.jpg,0.15526182949543
ISIC_1510820.jpg,ISIC_5061941.jpg,0.14779168367385864
ISIC_1510820.jpg,ISIC_5064788.jpg,0.6752665042877197
ISIC_1510820.jpg,ISIC_5066711.jpg,0.786107063293457
ISIC_1510820.jpg,ISIC_5067615.jpg,0.8184939026832581
ISIC_1510820.jpg,ISIC_5069265.jpg,0.78251051902771
ISIC_1510820.jpg,ISIC_5069634.jpg,0.8502235412597656
ISIC_1510820.jpg,ISIC_5072815.jpg,0.8754748106002808
ISIC_1510820.jpg,ISIC_5073520.jpg,0.8365499973297119
ISIC_1510820.jpg,ISIC_5081250.jpg,0.8325743079185486
ISIC_1510820.jpg,ISIC_5081326.jpg,0.8924064636230469
ISIC_1510820.jpg,ISIC_5082251.jpg,0.6524304151535034
ISIC_1510820.jpg,ISIC_5082319.jpg,0.22989562153816223
ISIC_1510820.jpg,ISIC_5082705.jpg,0.5393202304840088
ISIC_1510820.jpg,ISIC_5084762.jpg,0.794433057308197
ISIC_1510820.jpg,ISIC_5085659.jpg,0.4834204316139221
ISIC_1510820.jpg,ISIC_5085823.jpg,0.6049372553825378
ISIC_1510820.jpg,ISIC_5087344.jpg,0.3316093683242798
ISIC_1510820.jpg,ISIC_5091263.jpg,0.5838693380355835
ISIC_1510820.jpg,ISIC_5092653.jpg,0.7876575589179993
ISIC_1510820.jpg,ISIC_5093855.jpg,0.8579307198524475
ISIC_1510820.jpg,ISIC_5093941.jpg,0.4107714891433716
ISIC_1510820.jpg,ISIC_5094022.jpg,0.6781712174415588
ISIC_1510820.jpg,ISIC_5095231.jpg,0.3873058557510376
ISIC_1510820.jpg,ISIC_5097563.jpg,0.8338120579719543
ISIC_1510820.jpg,ISIC_5097951.jpg,0.7209229469299316
ISIC_1510820.jpg,ISIC_5098309.jpg,0.669494092464447
ISIC_1510820.jpg,ISIC_5098512.jpg,0.5607324838638306
ISIC_1510820.jpg,ISIC_5098519.jpg,0.5400141477584839
ISIC_1510820.jpg,ISIC_5098625.jpg,0.8758227229118347
ISIC_1510820.jpg,ISIC_5098669.jpg,0.1950172781944275
ISIC_1510820.jpg,ISIC_5099850.jpg,0.7940775156021118
ISIC_1510820.jpg,ISIC_5100308.jpg,0.24460211396217346
ISIC_1510820.jpg,ISIC_5106300.jpg,0.6203657388687134
ISIC_1510820.jpg,ISIC_5107234.jpg,0.5504927039146423
ISIC_1510820.jpg,ISIC_5107830.jpg,0.7047587633132935
ISIC_1510820.jpg,ISIC_5108974.jpg,0.8202493190765381
ISIC_1510820.jpg,ISIC_5110226.jpg,0.48620322346687317
ISIC_1510820.jpg,ISIC_5112073.jpg,0.7729344367980957
ISIC_1510820.jpg,ISIC_5112206.jpg,0.8443951606750488
ISIC_1510820.jpg,ISIC_5114735.jpg,0.4911632239818573
ISIC_1510820.jpg,ISIC_5116301.jpg,0.808276355266571
ISIC_1510820.jpg,ISIC_5116490.jpg,0.382035493850708
ISIC_1510820.jpg,ISIC_5117203.jpg,0.18923749029636383
ISIC_1510820.jpg,ISIC_5119528.jpg,0.42408138513565063
ISIC_1510820.jpg,ISIC_5120471.jpg,0.5761651992797852
ISIC_1510820.jpg,ISIC_5121946.jpg,0.47428882122039795
ISIC_1510820.jpg,ISIC_5125245.jpg,0.7922234535217285
ISIC_1510820.jpg,ISIC_5128929.jpg,0.7186653017997742
ISIC_1510820.jpg,ISIC_5129659.jpg,0.19500449299812317
ISIC_1510820.jpg,ISIC_5132018.jpg,0.7790862917900085
ISIC_1510820.jpg,ISIC_5132556.jpg,0.32688573002815247
ISIC_1510820.jpg,ISIC_5134044.jpg,0.37875115871429443
ISIC_1510820.jpg,ISIC_5135803.jpg,0.6369016170501709
ISIC_1510820.jpg,ISIC_5136208.jpg,0.8084408044815063
ISIC_1510820.jpg,ISIC_5136406.jpg,0.38543573021888733
ISIC_1510820.jpg,ISIC_5137296.jpg,0.1679433286190033
ISIC_1510820.jpg,ISIC_5137329.jpg,0.7029486298561096
ISIC_1510820.jpg,ISIC_5139650.jpg,0.7409164309501648
ISIC_1510820.jpg,ISIC_5140224.jpg,0.9036810994148254
ISIC_1510820.jpg,ISIC_5141003.jpg,0.30291277170181274
ISIC_1510820.jpg,ISIC_5143609.jpg,0.826270341873169
ISIC_1510820.jpg,ISIC_5143719.jpg,0.799888014793396
ISIC_1510820.jpg,ISIC_5143980.jpg,0.6527763605117798
ISIC_1510820.jpg,ISIC_5144800.jpg,0.7146438956260681
ISIC_1510820.jpg,ISIC_5145268.jpg,0.5301969647407532
ISIC_1510820.jpg,ISIC_5148020.jpg,0.8906551599502563
ISIC_1510820.jpg,ISIC_5149540.jpg,0.6186756491661072
ISIC_1510820.jpg,ISIC_5151708.jpg,0.7825323939323425
ISIC_1510820.jpg,ISIC_5152615.jpg,0.6947661638259888
ISIC_1510820.jpg,ISIC_5154538.jpg,0.6326003074645996
ISIC_1510820.jpg,ISIC_5154690.jpg,0.643828809261322
ISIC_1510820.jpg,ISIC_5155477.jpg,0.7441430687904358
ISIC_1510820.jpg,ISIC_5157067.jpg,0.760572075843811
ISIC_1510820.jpg,ISIC_5158115.jpg,0.9202525615692139
ISIC_1510820.jpg,ISIC_5159813.jpg,0.7471754550933838
ISIC_1510820.jpg,ISIC_5165301.jpg,0.6023535132408142
ISIC_1510820.jpg,ISIC_5167100.jpg,0.487726092338562
ISIC_1510820.jpg,ISIC_5167130.jpg,0.7892460823059082
ISIC_1510820.jpg,ISIC_5168048.jpg,0.6527905464172363
ISIC_1510820.jpg,ISIC_5172440.jpg,0.26326411962509155
ISIC_1510820.jpg,ISIC_5172576.jpg,0.5653275847434998
ISIC_1510820.jpg,ISIC_5172724.jpg,0.5932045578956604
ISIC_1510820.jpg,ISIC_5172770.jpg,0.8559058904647827
ISIC_1510820.jpg,ISIC_5173928.jpg,0.8107472658157349
ISIC_1510820.jpg,ISIC_5173944.jpg,0.7101373076438904
ISIC_1510820.jpg,ISIC_5175967.jpg,0.6511201858520508
ISIC_1510820.jpg,ISIC_5176953.jpg,0.7935909032821655
ISIC_1510820.jpg,ISIC_5176973.jpg,0.5606129169464111
ISIC_1510820.jpg,ISIC_5180609.jpg,0.6091551780700684
ISIC_1510820.jpg,ISIC_5183234.jpg,0.5182480216026306
ISIC_1510820.jpg,ISIC_5183542.jpg,0.8670455813407898
ISIC_1510820.jpg,ISIC_5184339.jpg,0.6684765815734863
ISIC_1510820.jpg,ISIC_5186148.jpg,0.770341157913208
ISIC_1510820.jpg,ISIC_5187012.jpg,0.12847162783145905
ISIC_1510820.jpg,ISIC_5187844.jpg,0.8691248297691345
ISIC_1510820.jpg,ISIC_5189120.jpg,0.21509182453155518
ISIC_1510820.jpg,ISIC_5191060.jpg,0.5261024832725525
ISIC_1510820.jpg,ISIC_5192096.jpg,0.7909597754478455
ISIC_1510820.jpg,ISIC_5194092.jpg,0.40175536274909973
ISIC_1510820.jpg,ISIC_5195456.jpg,0.6922106742858887
ISIC_1510820.jpg,ISIC_5196119.jpg,0.7054673433303833
ISIC_1510820.jpg,ISIC_5196410.jpg,0.6484169960021973
ISIC_1510820.jpg,ISIC_5196606.jpg,0.7912939786911011
ISIC_1510820.jpg,ISIC_5197483.jpg,0.8611060380935669
ISIC_1510820.jpg,ISIC_5198138.jpg,0.8435949087142944
ISIC_1510820.jpg,ISIC_5198297.jpg,0.8053727746009827
ISIC_1510820.jpg,ISIC_5200854.jpg,0.7620441317558289
ISIC_1510820.jpg,ISIC_5202792.jpg,0.7972131371498108
ISIC_1510820.jpg,ISIC_5202819.jpg,0.7906184196472168
ISIC_1510820.jpg,ISIC_5203650.jpg,0.3168395459651947
ISIC_1510820.jpg,ISIC_5209191.jpg,0.6952663064002991
ISIC_1510820.jpg,ISIC_5210778.jpg,0.8303428292274475
ISIC_1510820.jpg,ISIC_5211515.jpg,0.83293217420578
ISIC_1510820.jpg,ISIC_5213317.jpg,0.6323061585426331
ISIC_1510820.jpg,ISIC_5215433.jpg,0.22445257008075714
ISIC_1510820.jpg,ISIC_5216021.jpg,0.8351412415504456
ISIC_1510820.jpg,ISIC_5217919.jpg,0.2902580797672272
ISIC_1510820.jpg,ISIC_5219445.jpg,0.4359370768070221
ISIC_1510820.jpg,ISIC_5221781.jpg,0.638084888458252
ISIC_1510820.jpg,ISIC_5221810.jpg,0.6993940472602844
ISIC_1510820.jpg,ISIC_5224820.jpg,0.7316367030143738
ISIC_1510820.jpg,ISIC_5224893.jpg,0.7507215142250061
ISIC_1510820.jpg,ISIC_5224960.jpg,0.2024485170841217
ISIC_1510820.jpg,ISIC_5226679.jpg,0.3771887719631195
ISIC_1510820.jpg,ISIC_5228119.jpg,0.7650970220565796
ISIC_1510820.jpg,ISIC_5229373.jpg,0.6657422780990601
ISIC_1510820.jpg,ISIC_5230011.jpg,0.4349852502346039
ISIC_1510820.jpg,ISIC_5230205.jpg,0.8337875604629517
ISIC_1510820.jpg,ISIC_5231939.jpg,0.6502287983894348
ISIC_1510820.jpg,ISIC_5233054.jpg,0.7562605738639832
ISIC_1510820.jpg,ISIC_5236540.jpg,0.7422754168510437
ISIC_1510820.jpg,ISIC_5237186.jpg,0.7015218734741211
ISIC_1510820.jpg,ISIC_5239624.jpg,0.8351286053657532
ISIC_1510820.jpg,ISIC_5242261.jpg,0.8412236571311951
ISIC_1510820.jpg,ISIC_5244932.jpg,0.8278910517692566
ISIC_1510820.jpg,ISIC_5246727.jpg,0.8425549268722534
ISIC_1510820.jpg,ISIC_5247005.jpg,0.27061375975608826
ISIC_1510820.jpg,ISIC_5249675.jpg,0.15783976018428802
ISIC_1510820.jpg,ISIC_5251954.jpg,0.27565133571624756
ISIC_1510820.jpg,ISIC_5253450.jpg,0.784500777721405
ISIC_1510820.jpg,ISIC_5253465.jpg,0.6048614382743835
ISIC_1510820.jpg,ISIC_5253795.jpg,0.8495327830314636
ISIC_1510820.jpg,ISIC_5254577.jpg,0.8196508288383484
ISIC_1510820.jpg,ISIC_5256047.jpg,0.8480377793312073
ISIC_1510820.jpg,ISIC_5258301.jpg,0.786054253578186
ISIC_1510820.jpg,ISIC_5260081.jpg,0.8183379769325256
ISIC_1510820.jpg,ISIC_5260274.jpg,0.5992050766944885
ISIC_1510820.jpg,ISIC_5260558.jpg,0.21363410353660583
ISIC_1510820.jpg,ISIC_5264406.jpg,0.5876027941703796
ISIC_1510820.jpg,ISIC_5264509.jpg,0.8276490569114685
ISIC_1510820.jpg,ISIC_5265185.jpg,0.5782371759414673
ISIC_1510820.jpg,ISIC_5267225.jpg,0.6142054796218872
ISIC_1510820.jpg,ISIC_5269066.jpg,0.391920804977417
ISIC_1510820.jpg,ISIC_5269993.jpg,0.9156530499458313
ISIC_1510820.jpg,ISIC_5271610.jpg,0.5727258920669556
ISIC_1510820.jpg,ISIC_5274319.jpg,0.641716480255127
ISIC_1510820.jpg,ISIC_5275484.jpg,0.5885577201843262
ISIC_1510820.jpg,ISIC_5276317.jpg,0.8851295113563538
ISIC_1510820.jpg,ISIC_5278233.jpg,0.6804590821266174
ISIC_1510820.jpg,ISIC_5278466.jpg,0.7675901055335999
ISIC_1510820.jpg,ISIC_5280324.jpg,0.652193009853363
ISIC_1510820.jpg,ISIC_5281393.jpg,0.8308168053627014
ISIC_1510820.jpg,ISIC_5283427.jpg,0.4954521954059601
ISIC_1510820.jpg,ISIC_5284795.jpg,0.47815534472465515
ISIC_1510820.jpg,ISIC_5285042.jpg,0.8364481329917908
ISIC_1510820.jpg,ISIC_5285074.jpg,0.8196110725402832
ISIC_1510820.jpg,ISIC_5285323.jpg,0.6439159512519836
ISIC_1510820.jpg,ISIC_5287531.jpg,0.6293596625328064
ISIC_1510820.jpg,ISIC_5287696.jpg,0.5043192505836487
ISIC_1510820.jpg,ISIC_5291409.jpg,0.6779209971427917
ISIC_1510820.jpg,ISIC_5292407.jpg,0.7652685642242432
ISIC_1510820.jpg,ISIC_5294230.jpg,0.3204399049282074
ISIC_1510820.jpg,ISIC_5294387.jpg,0.5062848925590515
ISIC_1510820.jpg,ISIC_5294678.jpg,0.6994383931159973
ISIC_1510820.jpg,ISIC_5306862.jpg,0.7838307619094849
ISIC_1510820.jpg,ISIC_5307788.jpg,0.8061106204986572
ISIC_1510820.jpg,ISIC_5309403.jpg,0.7076002955436707
ISIC_1510820.jpg,ISIC_5309864.jpg,0.5052956938743591
ISIC_1510820.jpg,ISIC_5311634.jpg,0.775763988494873
ISIC_1510820.jpg,ISIC_5319047.jpg,0.6038684248924255
ISIC_1510820.jpg,ISIC_5320315.jpg,0.4926922023296356
ISIC_1510820.jpg,ISIC_5330007.jpg,0.43278029561042786
ISIC_1510820.jpg,ISIC_5386993.jpg,0.07822076231241226
ISIC_1510820.jpg,ISIC_5387264.jpg,0.41495344042778015
ISIC_1510820.jpg,ISIC_5388371.jpg,0.11112326383590698
ISIC_1510820.jpg,ISIC_5390118.jpg,0.6237484216690063
ISIC_1510820.jpg,ISIC_5390308.jpg,0.6018937826156616
ISIC_1510820.jpg,ISIC_5391024.jpg,0.617722749710083
ISIC_1510820.jpg,ISIC_5393971.jpg,0.5520856976509094
ISIC_1510820.jpg,ISIC_5399201.jpg,0.7129252552986145
ISIC_1510820.jpg,ISIC_5399722.jpg,0.9032886028289795
ISIC_1510820.jpg,ISIC_5399850.jpg,0.35130009055137634
ISIC_1510820.jpg,ISIC_5400056.jpg,0.42445889115333557
ISIC_1510820.jpg,ISIC_5401032.jpg,0.8942570686340332
ISIC_1510820.jpg,ISIC_5401768.jpg,0.40101805329322815
ISIC_1510820.jpg,ISIC_5403261.jpg,0.7321516275405884
ISIC_1510820.jpg,ISIC_5403285.jpg,0.7035314440727234
ISIC_1510820.jpg,ISIC_5403880.jpg,0.5164626836776733
ISIC_1510820.jpg,ISIC_5406945.jpg,0.5555246472358704
ISIC_1510820.jpg,ISIC_5407909.jpg,0.39441022276878357
ISIC_1510820.jpg,ISIC_5408357.jpg,0.6311202049255371
ISIC_1510820.jpg,ISIC_5410137.jpg,0.7293393611907959
ISIC_1510820.jpg,ISIC_5410641.jpg,0.6720947623252869
ISIC_1510820.jpg,ISIC_5410816.jpg,0.4503105878829956
ISIC_1510820.jpg,ISIC_5411152.jpg,0.2210097759962082
ISIC_1510820.jpg,ISIC_5412416.jpg,0.635535478591919
ISIC_1510820.jpg,ISIC_5412438.jpg,0.8869474530220032
ISIC_1510820.jpg,ISIC_5415096.jpg,0.9062903523445129
ISIC_1510820.jpg,ISIC_5415822.jpg,0.7816593050956726
ISIC_1510820.jpg,ISIC_5416338.jpg,0.750314474105835
ISIC_1510820.jpg,ISIC_5418007.jpg,0.8099609613418579
ISIC_1510820.jpg,ISIC_5418351.jpg,0.25174206495285034
ISIC_1510820.jpg,ISIC_5418992.jpg,0.7096486687660217
ISIC_1510820.jpg,ISIC_5419254.jpg,0.8180884122848511
ISIC_1510820.jpg,ISIC_5419426.jpg,0.2920730710029602
ISIC_1510820.jpg,ISIC_5419657.jpg,0.1260436475276947
ISIC_1510820.jpg,ISIC_5419668.jpg,0.7443515062332153
ISIC_1510820.jpg,ISIC_5421651.jpg,0.6843825578689575
ISIC_1510820.jpg,ISIC_5422892.jpg,0.6217641234397888
ISIC_1510820.jpg,ISIC_5423251.jpg,0.23155024647712708
ISIC_1510820.jpg,ISIC_5423554.jpg,0.6862125992774963
ISIC_1510820.jpg,ISIC_5423741.jpg,0.2761542499065399
ISIC_1510820.jpg,ISIC_5424954.jpg,0.5943310856819153
ISIC_1510820.jpg,ISIC_5426249.jpg,0.30451837182044983
ISIC_1510820.jpg,ISIC_5428000.jpg,0.8715953826904297
ISIC_1510820.jpg,ISIC_5429359.jpg,0.889385461807251
ISIC_1510820.jpg,ISIC_5430817.jpg,0.4008081257343292
ISIC_1510820.jpg,ISIC_5433808.jpg,0.4968295991420746
ISIC_1510820.jpg,ISIC_5433830.jpg,0.28284507989883423
ISIC_1510820.jpg,ISIC_5434740.jpg,0.7408787608146667
ISIC_1510820.jpg,ISIC_5435156.jpg,0.3895493149757385
ISIC_1510820.jpg,ISIC_5437769.jpg,0.6289573311805725
ISIC_1510820.jpg,ISIC_5438598.jpg,0.565950870513916
ISIC_1510820.jpg,ISIC_5438774.jpg,0.9109997749328613
ISIC_1510820.jpg,ISIC_5440349.jpg,0.404375821352005
ISIC_1510820.jpg,ISIC_5442471.jpg,0.5750192999839783
ISIC_1510820.jpg,ISIC_5443694.jpg,0.8114472031593323
ISIC_1510820.jpg,ISIC_5443967.jpg,0.6635056138038635
ISIC_1510820.jpg,ISIC_5446126.jpg,0.8040103316307068
ISIC_1510820.jpg,ISIC_5446229.jpg,0.7306714057922363
ISIC_1510820.jpg,ISIC_5447745.jpg,0.6097205877304077
ISIC_1510820.jpg,ISIC_5453550.jpg,0.5868653655052185
ISIC_1510820.jpg,ISIC_5453965.jpg,0.6186105608940125
ISIC_1510820.jpg,ISIC_5454664.jpg,0.7526977062225342
ISIC_1510820.jpg,ISIC_5458475.jpg,0.8261272311210632
ISIC_1510820.jpg,ISIC_5462474.jpg,0.8751336932182312
ISIC_1510820.jpg,ISIC_5466110.jpg,0.6043379902839661
ISIC_1510820.jpg,ISIC_5467877.jpg,0.6140676736831665
ISIC_1510820.jpg,ISIC_5470845.jpg,0.45286819338798523
ISIC_1510820.jpg,ISIC_5471585.jpg,0.8080399036407471
ISIC_1510820.jpg,ISIC_5472565.jpg,0.7618979215621948
ISIC_1510820.jpg,ISIC_5473977.jpg,0.6259270310401917
ISIC_1510820.jpg,ISIC_5475276.jpg,0.8027224540710449
ISIC_1510820.jpg,ISIC_5476552.jpg,0.5498528480529785
ISIC_1510820.jpg,ISIC_5483744.jpg,0.8062039613723755
ISIC_1510820.jpg,ISIC_5484280.jpg,0.6061563491821289
ISIC_1510820.jpg,ISIC_5484843.jpg,0.18823669850826263
ISIC_1510820.jpg,ISIC_5485368.jpg,0.643976628780365
ISIC_1510820.jpg,ISIC_5486638.jpg,0.6279509663581848
ISIC_1510820.jpg,ISIC_5488695.jpg,0.7390446066856384
ISIC_1510820.jpg,ISIC_5488923.jpg,0.5804757475852966
ISIC_1510820.jpg,ISIC_5490573.jpg,0.522988498210907
ISIC_1510820.jpg,ISIC_5490874.jpg,0.7813653349876404
ISIC_1510820.jpg,ISIC_5495612.jpg,0.5567734837532043
ISIC_1510820.jpg,ISIC_5496072.jpg,0.6611648797988892
ISIC_1510820.jpg,ISIC_5496889.jpg,0.8122933506965637
ISIC_1510820.jpg,ISIC_5497040.jpg,0.3637118935585022
ISIC_1510820.jpg,ISIC_5497586.jpg,0.26500988006591797
ISIC_1510820.jpg,ISIC_5499841.jpg,0.6747568249702454
ISIC_1510820.jpg,ISIC_5500783.jpg,0.7061126232147217
ISIC_1510820.jpg,ISIC_5501466.jpg,0.3394113779067993
ISIC_1510820.jpg,ISIC_5502735.jpg,0.7885168194770813
ISIC_1510820.jpg,ISIC_5502759.jpg,0.7835164666175842
ISIC_1510820.jpg,ISIC_5503017.jpg,0.7092562913894653
ISIC_1510820.jpg,ISIC_5503450.jpg,0.6881609559059143
ISIC_1510820.jpg,ISIC_5505130.jpg,0.8001576066017151
ISIC_1510820.jpg,ISIC_5505677.jpg,0.5175705552101135
ISIC_1510820.jpg,ISIC_5507883.jpg,0.34225693345069885
ISIC_1510820.jpg,ISIC_5508489.jpg,0.4869251251220703
ISIC_1510820.jpg,ISIC_5511356.jpg,0.566422700881958
ISIC_1510820.jpg,ISIC_5515689.jpg,0.9145635962486267
ISIC_1510820.jpg,ISIC_5515761.jpg,0.754895031452179
ISIC_1510820.jpg,ISIC_5516080.jpg,0.7401099801063538
ISIC_1510820.jpg,ISIC_5519109.jpg,0.86493319272995
ISIC_1510820.jpg,ISIC_5519153.jpg,0.42526090145111084
ISIC_1510820.jpg,ISIC_5520837.jpg,0.7700480818748474
ISIC_1510820.jpg,ISIC_5520987.jpg,0.7401830554008484
ISIC_1510820.jpg,ISIC_5527106.jpg,0.6206284165382385
ISIC_1510820.jpg,ISIC_5530515.jpg,0.8655872941017151
ISIC_1510820.jpg,ISIC_5531040.jpg,0.7405229210853577
ISIC_1510820.jpg,ISIC_5531729.jpg,0.63057941198349
ISIC_1510820.jpg,ISIC_5533324.jpg,0.8383095860481262
ISIC_1510820.jpg,ISIC_5533685.jpg,0.7918883562088013
ISIC_1510820.jpg,ISIC_5533724.jpg,0.6814861297607422
ISIC_1510820.jpg,ISIC_5533867.jpg,0.09781967103481293
ISIC_1510820.jpg,ISIC_5535061.jpg,0.2375669777393341
ISIC_1510820.jpg,ISIC_5535308.jpg,0.7727323770523071
ISIC_1510820.jpg,ISIC_5537005.jpg,0.7553619146347046
ISIC_1510820.jpg,ISIC_5537240.jpg,0.6460272073745728
ISIC_1510820.jpg,ISIC_5539423.jpg,0.19965757429599762
ISIC_1510820.jpg,ISIC_5539445.jpg,0.573189377784729
ISIC_1510820.jpg,ISIC_5539665.jpg,0.8351848125457764
ISIC_1510820.jpg,ISIC_5539687.jpg,0.6626424789428711
ISIC_1510820.jpg,ISIC_5540957.jpg,0.7689160704612732
ISIC_1510820.jpg,ISIC_5541162.jpg,0.2557634711265564
ISIC_1510820.jpg,ISIC_5541445.jpg,0.06080704927444458
ISIC_1510820.jpg,ISIC_5541526.jpg,0.7086387872695923
ISIC_1510820.jpg,ISIC_5541720.jpg,0.7107580304145813
ISIC_1510820.jpg,ISIC_5541989.jpg,0.7741826176643372
ISIC_1510820.jpg,ISIC_5542248.jpg,0.854653537273407
ISIC_1510820.jpg,ISIC_5543962.jpg,0.6823982000350952
ISIC_1510820.jpg,ISIC_5544312.jpg,0.2945307791233063
ISIC_1510820.jpg,ISIC_5545935.jpg,0.5586925148963928
ISIC_1510820.jpg,ISIC_5548310.jpg,0.7950462102890015
ISIC_1510820.jpg,ISIC_5549462.jpg,0.24861490726470947
ISIC_1510820.jpg,ISIC_5550366.jpg,0.7028073072433472
ISIC_1510820.jpg,ISIC_5554930.jpg,0.7379634976387024
ISIC_1510820.jpg,ISIC_5555122.jpg,0.7871444821357727
ISIC_1510820.jpg,ISIC_5559277.jpg,0.8702474236488342
ISIC_1510820.jpg,ISIC_5559931.jpg,0.8535611629486084
ISIC_1510820.jpg,ISIC_5560509.jpg,0.595891535282135
ISIC_1510820.jpg,ISIC_5560779.jpg,0.7430118322372437
ISIC_1510820.jpg,ISIC_5561701.jpg,0.8480563759803772
ISIC_1510820.jpg,ISIC_5563510.jpg,0.844916582107544
ISIC_1510820.jpg,ISIC_5564375.jpg,0.7881088256835938
ISIC_1510820.jpg,ISIC_5564959.jpg,0.16627532243728638
ISIC_1510820.jpg,ISIC_5565342.jpg,0.6583855152130127
ISIC_1510820.jpg,ISIC_5565859.jpg,0.8069790005683899
ISIC_1510820.jpg,ISIC_5566502.jpg,0.6599360108375549
ISIC_1510820.jpg,ISIC_5567033.jpg,0.4695003628730774
ISIC_1510820.jpg,ISIC_5567187.jpg,0.8591678142547607
ISIC_1510820.jpg,ISIC_5568321.jpg,0.7553837895393372
ISIC_1510820.jpg,ISIC_5568735.jpg,0.7691998481750488
ISIC_1510820.jpg,ISIC_5569800.jpg,0.3462880551815033
ISIC_1510820.jpg,ISIC_5571037.jpg,0.16243906319141388
ISIC_1510820.jpg,ISIC_5575241.jpg,0.47771745920181274
ISIC_1510820.jpg,ISIC_5576230.jpg,0.5528413653373718
ISIC_1510820.jpg,ISIC_5576438.jpg,0.23248811066150665
ISIC_1510820.jpg,ISIC_5576756.jpg,0.8007093071937561
ISIC_1510820.jpg,ISIC_5576762.jpg,0.7124085426330566
ISIC_1510820.jpg,ISIC_5577319.jpg,0.7937033772468567
ISIC_1510820.jpg,ISIC_5578839.jpg,0.8576050400733948
ISIC_1510820.jpg,ISIC_5580945.jpg,0.5706098079681396
ISIC_1510820.jpg,ISIC_5581560.jpg,0.6901479959487915
ISIC_1510820.jpg,ISIC_5582992.jpg,0.8758576512336731
ISIC_1510820.jpg,ISIC_5583376.jpg,0.7944042086601257
ISIC_1510820.jpg,ISIC_5583936.jpg,0.6863618493080139
ISIC_1510820.jpg,ISIC_5585090.jpg,0.7841386198997498
ISIC_1510820.jpg,ISIC_5586123.jpg,0.42421165108680725
ISIC_1510820.jpg,ISIC_5590761.jpg,0.44888928532600403
ISIC_1510820.jpg,ISIC_5592614.jpg,0.6221634745597839
ISIC_1510820.jpg,ISIC_5597578.jpg,0.8307926654815674
ISIC_1510820.jpg,ISIC_5598610.jpg,0.20301145315170288
ISIC_1510820.jpg,ISIC_5599751.jpg,0.284953773021698
ISIC_1510820.jpg,ISIC_5600375.jpg,0.7314679622650146
ISIC_1510820.jpg,ISIC_5600551.jpg,0.8325933814048767
ISIC_1510820.jpg,ISIC_5600700.jpg,0.5322909355163574
ISIC_1510820.jpg,ISIC_5602249.jpg,0.467364102602005
ISIC_1510820.jpg,ISIC_5602856.jpg,0.4599323272705078
ISIC_1510820.jpg,ISIC_5603057.jpg,0.7844162583351135
ISIC_1510820.jpg,ISIC_5605645.jpg,0.31929075717926025
ISIC_1510820.jpg,ISIC_5606526.jpg,0.7969152927398682
ISIC_1510820.jpg,ISIC_5607261.jpg,0.846710741519928
ISIC_1510820.jpg,ISIC_5612963.jpg,0.7241449356079102
ISIC_1510820.jpg,ISIC_5613408.jpg,0.8072689175605774
ISIC_1510820.jpg,ISIC_5618182.jpg,0.21966271102428436
ISIC_1510820.jpg,ISIC_5619486.jpg,0.4254187345504761
ISIC_1510820.jpg,ISIC_5620287.jpg,0.8309100866317749
ISIC_1510820.jpg,ISIC_5622428.jpg,0.33347442746162415
ISIC_1510820.jpg,ISIC_5623119.jpg,0.8206989765167236
ISIC_1510820.jpg,ISIC_5624387.jpg,0.719213604927063
ISIC_1510820.jpg,ISIC_5624407.jpg,0.8238649964332581
ISIC_1510820.jpg,ISIC_5624772.jpg,0.8652125000953674
ISIC_1510820.jpg,ISIC_5626138.jpg,0.5705691576004028
ISIC_1510820.jpg,ISIC_5626995.jpg,0.5927340984344482
ISIC_1510820.jpg,ISIC_5627557.jpg,0.5968567728996277
ISIC_1510820.jpg,ISIC_5628761.jpg,0.8769544959068298
ISIC_1510820.jpg,ISIC_5629414.jpg,0.7807741761207581
ISIC_1510820.jpg,ISIC_5630715.jpg,0.2972926199436188
ISIC_1510820.jpg,ISIC_5631254.jpg,0.8107340335845947
ISIC_1510820.jpg,ISIC_5631587.jpg,0.8699753880500793
ISIC_1510820.jpg,ISIC_5631948.jpg,0.8273072242736816
ISIC_1510820.jpg,ISIC_5635429.jpg,0.7661506533622742
ISIC_1510820.jpg,ISIC_5635478.jpg,0.8178898692131042
ISIC_1510820.jpg,ISIC_5637379.jpg,0.3752591013908386
ISIC_1510820.jpg,ISIC_5637617.jpg,0.15481194853782654
ISIC_1510820.jpg,ISIC_5638807.jpg,0.5597901940345764
ISIC_1510820.jpg,ISIC_5643279.jpg,0.6681661605834961
ISIC_1510820.jpg,ISIC_5655022.jpg,0.7695021033287048
ISIC_1510820.jpg,ISIC_5659637.jpg,0.21555058658123016
ISIC_1510820.jpg,ISIC_5662562.jpg,0.4622081220149994
ISIC_1510820.jpg,ISIC_5664024.jpg,0.6519473195075989
ISIC_1510820.jpg,ISIC_5664060.jpg,0.7798812389373779
ISIC_1510820.jpg,ISIC_5664143.jpg,0.7534487843513489
ISIC_1510820.jpg,ISIC_5664695.jpg,0.38697049021720886
ISIC_1510820.jpg,ISIC_5665733.jpg,0.8199318647384644
ISIC_1510820.jpg,ISIC_5666134.jpg,0.6666917204856873
ISIC_1510820.jpg,ISIC_5669245.jpg,0.6620189547538757
ISIC_1510820.jpg,ISIC_5670543.jpg,0.548500120639801
ISIC_1510820.jpg,ISIC_5670844.jpg,0.7431107759475708
ISIC_1510820.jpg,ISIC_5672457.jpg,0.5361604690551758
ISIC_1510820.jpg,ISIC_5673944.jpg,0.8778089880943298
ISIC_1510820.jpg,ISIC_5674930.jpg,0.8327760100364685
ISIC_1510820.jpg,ISIC_5675376.jpg,0.5410210490226746
ISIC_1510820.jpg,ISIC_5678849.jpg,0.20188403129577637
ISIC_1510820.jpg,ISIC_5679644.jpg,0.7721486687660217
ISIC_1510820.jpg,ISIC_5679779.jpg,0.20948287844657898
ISIC_1510820.jpg,ISIC_5679940.jpg,0.6249166131019592
ISIC_1510820.jpg,ISIC_5681289.jpg,0.6386581063270569
ISIC_1510820.jpg,ISIC_5681301.jpg,0.7660036087036133
ISIC_1510820.jpg,ISIC_5681752.jpg,0.1691734492778778
ISIC_1510820.jpg,ISIC_5682842.jpg,0.7697548270225525
ISIC_1510820.jpg,ISIC_5683180.jpg,0.6253135204315186
ISIC_1510820.jpg,ISIC_5689896.jpg,0.21712476015090942
ISIC_1510820.jpg,ISIC_5690889.jpg,0.6404589414596558
ISIC_1510820.jpg,ISIC_5690955.jpg,0.7380279898643494
ISIC_1510820.jpg,ISIC_5692444.jpg,0.8463587164878845
ISIC_1510820.jpg,ISIC_5693635.jpg,0.8198479413986206
ISIC_1510820.jpg,ISIC_5694968.jpg,0.6116563677787781
ISIC_1510820.jpg,ISIC_5697382.jpg,0.689358115196228
ISIC_1510820.jpg,ISIC_5698863.jpg,0.11205855011940002
ISIC_1510820.jpg,ISIC_5700242.jpg,0.4949663281440735
ISIC_1510820.jpg,ISIC_5700419.jpg,0.715785562992096
ISIC_1510820.jpg,ISIC_5701922.jpg,0.409731388092041
ISIC_1510820.jpg,ISIC_5702257.jpg,0.6452237367630005
ISIC_1510820.jpg,ISIC_5702422.jpg,0.7435422539710999
ISIC_1510820.jpg,ISIC_5703542.jpg,0.687619149684906
ISIC_1510820.jpg,ISIC_5703633.jpg,0.8303715586662292
ISIC_1510820.jpg,ISIC_5705356.jpg,0.7523629665374756
ISIC_1510820.jpg,ISIC_5706387.jpg,0.863855242729187
ISIC_1510820.jpg,ISIC_5707071.jpg,0.8463439345359802
ISIC_1510820.jpg,ISIC_5708420.jpg,0.5258204936981201
ISIC_1510820.jpg,ISIC_5709287.jpg,0.639850914478302
ISIC_1510820.jpg,ISIC_5711802.jpg,0.8226004838943481
ISIC_1510820.jpg,ISIC_5712569.jpg,0.5249308347702026
ISIC_1510820.jpg,ISIC_5712915.jpg,0.7720950841903687
ISIC_1510820.jpg,ISIC_5712969.jpg,0.6584535241127014
ISIC_1510820.jpg,ISIC_5713011.jpg,0.4936181604862213
ISIC_1510820.jpg,ISIC_5713093.jpg,0.7750140428543091
ISIC_1510820.jpg,ISIC_5713173.jpg,0.8164300322532654
ISIC_1510820.jpg,ISIC_5714065.jpg,0.7338117957115173
ISIC_1510820.jpg,ISIC_5714211.jpg,0.8739475011825562
ISIC_1510820.jpg,ISIC_5714278.jpg,0.8126554489135742
ISIC_1510820.jpg,ISIC_5714720.jpg,0.6643375158309937
ISIC_1510820.jpg,ISIC_5714747.jpg,0.8748458623886108
ISIC_1510820.jpg,ISIC_5714992.jpg,0.41903865337371826
ISIC_1510820.jpg,ISIC_5718241.jpg,0.22320400178432465
ISIC_1510820.jpg,ISIC_5718520.jpg,0.788962721824646
ISIC_1510820.jpg,ISIC_5718931.jpg,0.46629613637924194
ISIC_1510820.jpg,ISIC_5719373.jpg,0.8501031398773193
ISIC_1510820.jpg,ISIC_5719436.jpg,0.20919100940227509
ISIC_1510820.jpg,ISIC_5720944.jpg,0.5073961615562439
ISIC_1510820.jpg,ISIC_5721530.jpg,0.8707468509674072
ISIC_1510820.jpg,ISIC_5725417.jpg,0.7567278146743774
ISIC_1510820.jpg,ISIC_5725671.jpg,0.3915473222732544
ISIC_1510820.jpg,ISIC_5730606.jpg,0.6590321660041809
ISIC_1510820.jpg,ISIC_5733991.jpg,0.7949896454811096
ISIC_1510820.jpg,ISIC_5736865.jpg,0.604034423828125
ISIC_1510820.jpg,ISIC_5737211.jpg,0.7531576156616211
ISIC_1510820.jpg,ISIC_5737322.jpg,0.8710123896598816
ISIC_1510820.jpg,ISIC_5738160.jpg,0.40846532583236694
ISIC_1510820.jpg,ISIC_5739375.jpg,0.6741346716880798
ISIC_1510820.jpg,ISIC_5740353.jpg,0.3998469412326813
ISIC_1510820.jpg,ISIC_5741024.jpg,0.8895310759544373
ISIC_1510820.jpg,ISIC_5742807.jpg,0.554904580116272
ISIC_1510820.jpg,ISIC_5749591.jpg,0.753585696220398
ISIC_1510820.jpg,ISIC_5749893.jpg,0.21937195956707
ISIC_1510820.jpg,ISIC_5750800.jpg,0.7186086773872375
ISIC_1510820.jpg,ISIC_5752353.jpg,0.7787483334541321
ISIC_1510820.jpg,ISIC_5758834.jpg,0.5933104753494263
ISIC_1510820.jpg,ISIC_5761233.jpg,0.4592393934726715
ISIC_1510820.jpg,ISIC_5763460.jpg,0.5988919734954834
ISIC_1510820.jpg,ISIC_5763939.jpg,0.5619051456451416
ISIC_1510820.jpg,ISIC_5764132.jpg,0.5428760647773743
ISIC_1510820.jpg,ISIC_5764228.jpg,0.8343130350112915
ISIC_1510820.jpg,ISIC_5764234.jpg,0.40469008684158325
ISIC_1510820.jpg,ISIC_5767868.jpg,0.8555119037628174
ISIC_1510820.jpg,ISIC_5769412.jpg,0.6254070997238159
ISIC_1510820.jpg,ISIC_5774467.jpg,0.7921475172042847
ISIC_1510820.jpg,ISIC_5774484.jpg,0.347175657749176
ISIC_1510820.jpg,ISIC_5775179.jpg,0.7028682827949524
ISIC_1510820.jpg,ISIC_5775317.jpg,0.3231824040412903
ISIC_1510820.jpg,ISIC_5776649.jpg,0.8279659152030945
ISIC_1510820.jpg,ISIC_5777319.jpg,0.8665958642959595
ISIC_1510820.jpg,ISIC_5782456.jpg,0.6404842734336853
ISIC_1510820.jpg,ISIC_5784853.jpg,0.42776182293891907
ISIC_1510820.jpg,ISIC_5787155.jpg,0.8856937885284424
ISIC_1510820.jpg,ISIC_5787158.jpg,0.4261099398136139
ISIC_1510820.jpg,ISIC_5787501.jpg,0.1625644415616989
ISIC_1510820.jpg,ISIC_5787648.jpg,0.7379994988441467
ISIC_1510820.jpg,ISIC_5788972.jpg,0.4488310217857361
ISIC_1510820.jpg,ISIC_5789959.jpg,0.5952544212341309
ISIC_1510820.jpg,ISIC_5790931.jpg,0.5252044200897217
ISIC_1510820.jpg,ISIC_5791555.jpg,0.6524040102958679
ISIC_1510820.jpg,ISIC_5793340.jpg,0.3203098773956299
ISIC_1510820.jpg,ISIC_5794395.jpg,0.7870656847953796
ISIC_1510820.jpg,ISIC_5795173.jpg,0.8642136454582214
ISIC_1510820.jpg,ISIC_5795436.jpg,0.46940797567367554
ISIC_1510820.jpg,ISIC_5797446.jpg,0.2767154276371002
ISIC_1510820.jpg,ISIC_5797747.jpg,0.33955079317092896
ISIC_1510820.jpg,ISIC_5797949.jpg,0.6920332312583923
ISIC_1510820.jpg,ISIC_5798657.jpg,0.24872860312461853
ISIC_1510820.jpg,ISIC_5798789.jpg,0.8673964142799377
ISIC_1510820.jpg,ISIC_5800043.jpg,0.6663258671760559
ISIC_1510820.jpg,ISIC_5800224.jpg,0.8194372057914734
ISIC_1510820.jpg,ISIC_5800765.jpg,0.6506637334823608
ISIC_1510820.jpg,ISIC_5801108.jpg,0.2108982503414154
ISIC_1510820.jpg,ISIC_5801193.jpg,0.6490732431411743
ISIC_1510820.jpg,ISIC_5802864.jpg,0.8705819249153137
ISIC_1510820.jpg,ISIC_5802893.jpg,0.29246070981025696
ISIC_1510820.jpg,ISIC_5803768.jpg,0.769559383392334
ISIC_1510820.jpg,ISIC_5804623.jpg,0.83636873960495
ISIC_1510820.jpg,ISIC_5807012.jpg,0.8845847845077515
ISIC_1510820.jpg,ISIC_5807899.jpg,0.2508094906806946
ISIC_1510820.jpg,ISIC_5808864.jpg,0.7877557277679443
ISIC_1510820.jpg,ISIC_5815193.jpg,0.8581292629241943
ISIC_1510820.jpg,ISIC_5815409.jpg,0.10245347768068314
ISIC_1510820.jpg,ISIC_5817062.jpg,0.7391455173492432
ISIC_1510820.jpg,ISIC_5817984.jpg,0.5205796957015991
ISIC_1510820.jpg,ISIC_5818519.jpg,0.7898789048194885
ISIC_1510820.jpg,ISIC_5819533.jpg,0.18520201742649078
ISIC_1510820.jpg,ISIC_5819597.jpg,0.7076005339622498
ISIC_1510820.jpg,ISIC_5820450.jpg,0.7488077282905579
ISIC_1510820.jpg,ISIC_5821781.jpg,0.826891303062439
ISIC_1510820.jpg,ISIC_5822125.jpg,0.5483314394950867
ISIC_1510820.jpg,ISIC_5823667.jpg,0.6617998480796814
ISIC_1510820.jpg,ISIC_5827723.jpg,0.47077426314353943
ISIC_1510820.jpg,ISIC_5827759.jpg,0.8961301445960999
ISIC_1510820.jpg,ISIC_5828210.jpg,0.5766037106513977
ISIC_1510820.jpg,ISIC_5828980.jpg,0.7620710134506226
ISIC_1510820.jpg,ISIC_5831411.jpg,0.5906844139099121
ISIC_1510820.jpg,ISIC_5832048.jpg,0.7211976647377014
ISIC_1510820.jpg,ISIC_5832642.jpg,0.7317401766777039
ISIC_1510820.jpg,ISIC_5832709.jpg,0.6100290417671204
ISIC_1510820.jpg,ISIC_5842884.jpg,0.1588938683271408
ISIC_1510820.jpg,ISIC_5844164.jpg,0.8462438583374023
ISIC_1510820.jpg,ISIC_5844458.jpg,0.6283071041107178
ISIC_1510820.jpg,ISIC_5844609.jpg,0.3111075758934021
ISIC_1510820.jpg,ISIC_5845864.jpg,0.7497217059135437
ISIC_1510820.jpg,ISIC_5847839.jpg,0.7242807745933533
ISIC_1510820.jpg,ISIC_5847979.jpg,0.8450563549995422
ISIC_1510820.jpg,ISIC_5850513.jpg,0.41519680619239807
ISIC_1510820.jpg,ISIC_5852300.jpg,0.7689297199249268
ISIC_1510820.jpg,ISIC_5852478.jpg,0.5275653004646301
ISIC_1510820.jpg,ISIC_5854410.jpg,0.6713494062423706
ISIC_1510820.jpg,ISIC_5856636.jpg,0.6647523641586304
ISIC_1510820.jpg,ISIC_5856841.jpg,0.7298681139945984
ISIC_1510820.jpg,ISIC_5856952.jpg,0.8686788082122803
ISIC_1510820.jpg,ISIC_5857128.jpg,0.5332009792327881
ISIC_1510820.jpg,ISIC_5857931.jpg,0.536443829536438
ISIC_1510820.jpg,ISIC_5858452.jpg,0.8015878200531006
ISIC_1510820.jpg,ISIC_5858575.jpg,0.8841244578361511
ISIC_1510820.jpg,ISIC_5864666.jpg,0.4047566056251526
ISIC_1510820.jpg,ISIC_5865496.jpg,0.5437336564064026
ISIC_1510820.jpg,ISIC_5866313.jpg,0.6597880721092224
ISIC_1510820.jpg,ISIC_5866452.jpg,0.7296028733253479
ISIC_1510820.jpg,ISIC_5867064.jpg,0.7103618383407593
ISIC_1510820.jpg,ISIC_5867760.jpg,0.5972481369972229
ISIC_1510820.jpg,ISIC_5869109.jpg,0.7350897192955017
ISIC_1510820.jpg,ISIC_5872519.jpg,0.48654115200042725
ISIC_1510820.jpg,ISIC_5873723.jpg,0.39134857058525085
ISIC_1510820.jpg,ISIC_5874097.jpg,0.442720890045166
ISIC_1510820.jpg,ISIC_5875752.jpg,0.7495163679122925
ISIC_1510820.jpg,ISIC_5876026.jpg,0.8201820850372314
ISIC_1510820.jpg,ISIC_5876203.jpg,0.18657393753528595
ISIC_1510820.jpg,ISIC_5877881.jpg,0.6168953776359558
ISIC_1510820.jpg,ISIC_5878196.jpg,0.8864783644676208
ISIC_1510820.jpg,ISIC_5879037.jpg,0.4659005403518677
ISIC_1510820.jpg,ISIC_5879313.jpg,0.23000916838645935
ISIC_1510820.jpg,ISIC_5882237.jpg,0.765228271484375
ISIC_1510820.jpg,ISIC_5883000.jpg,0.22124083340168
ISIC_1510820.jpg,ISIC_5883709.jpg,0.6396895051002502
ISIC_1510820.jpg,ISIC_5885225.jpg,0.8572085499763489
ISIC_1510820.jpg,ISIC_5887793.jpg,0.8486811518669128
ISIC_1510820.jpg,ISIC_5888756.jpg,0.2837293744087219
ISIC_1510820.jpg,ISIC_5889171.jpg,0.18065494298934937
ISIC_1510820.jpg,ISIC_5889229.jpg,0.8093563318252563
ISIC_1510820.jpg,ISIC_5889822.jpg,0.749081015586853
ISIC_1510820.jpg,ISIC_5890128.jpg,0.3361929953098297
ISIC_1510820.jpg,ISIC_5890372.jpg,0.7626137733459473
ISIC_1510820.jpg,ISIC_5891752.jpg,0.8212076425552368
ISIC_1510820.jpg,ISIC_5892469.jpg,0.6516125798225403
ISIC_1510820.jpg,ISIC_5894347.jpg,0.6442621946334839
ISIC_1510820.jpg,ISIC_5897093.jpg,0.790255069732666
ISIC_1510820.jpg,ISIC_5898235.jpg,0.4070567786693573
ISIC_1510820.jpg,ISIC_5901955.jpg,0.12746824324131012
ISIC_1510820.jpg,ISIC_5901962.jpg,0.8363244533538818
ISIC_1510820.jpg,ISIC_5902290.jpg,0.8370503187179565
ISIC_1510820.jpg,ISIC_5904715.jpg,0.6361140012741089
ISIC_1510820.jpg,ISIC_5906485.jpg,0.5613582730293274
ISIC_1510820.jpg,ISIC_5907145.jpg,0.4764384925365448
ISIC_1510820.jpg,ISIC_5909829.jpg,0.7647115588188171
ISIC_1510820.jpg,ISIC_5910903.jpg,0.6431185603141785
ISIC_1510820.jpg,ISIC_5911171.jpg,0.6722514033317566
ISIC_1510820.jpg,ISIC_5913285.jpg,0.6344466805458069
ISIC_1510820.jpg,ISIC_5915563.jpg,0.6797696948051453
ISIC_1510820.jpg,ISIC_5916147.jpg,0.32966724038124084
ISIC_1510820.jpg,ISIC_5916689.jpg,0.5910803079605103
ISIC_1510820.jpg,ISIC_5916999.jpg,0.7956262826919556
ISIC_1510820.jpg,ISIC_5917729.jpg,0.3705253601074219
ISIC_1510820.jpg,ISIC_5917737.jpg,0.48266834020614624
ISIC_1510820.jpg,ISIC_5919372.jpg,0.7603748440742493
ISIC_1510820.jpg,ISIC_5921042.jpg,0.5696219801902771
ISIC_1510820.jpg,ISIC_5921996.jpg,0.12684881687164307
ISIC_1510820.jpg,ISIC_5922835.jpg,0.6183850169181824
ISIC_1510820.jpg,ISIC_5923107.jpg,0.5811663866043091
ISIC_1510820.jpg,ISIC_5926184.jpg,0.3361612856388092
ISIC_1510820.jpg,ISIC_5926577.jpg,0.7169643640518188
ISIC_1510820.jpg,ISIC_5928225.jpg,0.695264458656311
ISIC_1510820.jpg,ISIC_5928882.jpg,0.6539309620857239
ISIC_1510820.jpg,ISIC_5930869.jpg,0.21694740653038025
ISIC_1510820.jpg,ISIC_5930965.jpg,0.5103365182876587
ISIC_1510820.jpg,ISIC_5931154.jpg,0.12572714686393738
ISIC_1510820.jpg,ISIC_5931285.jpg,0.9006956219673157
ISIC_1510820.jpg,ISIC_5932219.jpg,0.6601218581199646
ISIC_1510820.jpg,ISIC_5933157.jpg,0.7579941749572754
ISIC_1510820.jpg,ISIC_5934718.jpg,0.11152135580778122
ISIC_1510820.jpg,ISIC_5935067.jpg,0.8821684122085571
ISIC_1510820.jpg,ISIC_5936480.jpg,0.6014716029167175
ISIC_1510820.jpg,ISIC_5936603.jpg,0.20808960497379303
ISIC_1510820.jpg,ISIC_5936614.jpg,0.7406013011932373
ISIC_1510820.jpg,ISIC_5938720.jpg,0.7202709317207336
ISIC_1510820.jpg,ISIC_5938978.jpg,0.6204403638839722
ISIC_1510820.jpg,ISIC_5940742.jpg,0.8410489559173584
ISIC_1510820.jpg,ISIC_5940904.jpg,0.3965597152709961
ISIC_1510820.jpg,ISIC_5942063.jpg,0.6870135068893433
ISIC_1510820.jpg,ISIC_5942663.jpg,0.7272186279296875
ISIC_1510820.jpg,ISIC_6048978.jpg,0.5378381013870239
ISIC_1510820.jpg,ISIC_6051029.jpg,0.6107564568519592
ISIC_1510820.jpg,ISIC_6052137.jpg,0.8541386723518372
ISIC_1510820.jpg,ISIC_6053337.jpg,0.3751441538333893
ISIC_1510820.jpg,ISIC_6057427.jpg,0.8612892031669617
ISIC_1510820.jpg,ISIC_6060411.jpg,0.7782614231109619
ISIC_1510820.jpg,ISIC_6061137.jpg,0.8125912547111511
ISIC_1510820.jpg,ISIC_6062422.jpg,0.7828125953674316
ISIC_1510820.jpg,ISIC_6064159.jpg,0.5590468049049377
ISIC_1510820.jpg,ISIC_6070288.jpg,0.42456620931625366
ISIC_1510820.jpg,ISIC_6071805.jpg,0.33447369933128357
ISIC_1510820.jpg,ISIC_6072532.jpg,0.7961655259132385
ISIC_1510820.jpg,ISIC_6073734.jpg,0.2942316234111786
ISIC_1510820.jpg,ISIC_6074397.jpg,0.7050066590309143
ISIC_1510820.jpg,ISIC_6081327.jpg,0.6987758278846741
ISIC_1510820.jpg,ISIC_6081653.jpg,0.6470390558242798
ISIC_1510820.jpg,ISIC_6087077.jpg,0.6190904974937439
ISIC_1510820.jpg,ISIC_6096565.jpg,0.3518238663673401
ISIC_1510820.jpg,ISIC_6097857.jpg,0.6333764791488647
ISIC_1510820.jpg,ISIC_6098830.jpg,0.7182798385620117
ISIC_1510820.jpg,ISIC_6102229.jpg,0.5245292782783508
ISIC_1510820.jpg,ISIC_6102805.jpg,0.40799379348754883
ISIC_1510820.jpg,ISIC_6102938.jpg,0.8261166214942932
ISIC_1510820.jpg,ISIC_6105717.jpg,0.8643916249275208
ISIC_1510820.jpg,ISIC_6107317.jpg,0.2250254899263382
ISIC_1510820.jpg,ISIC_6113741.jpg,0.8363256454467773
ISIC_1510820.jpg,ISIC_6115225.jpg,0.19597667455673218
ISIC_1510820.jpg,ISIC_6115711.jpg,0.25536301732063293
ISIC_1510820.jpg,ISIC_6118637.jpg,0.7748427987098694
ISIC_1510820.jpg,ISIC_6118712.jpg,0.249848872423172
ISIC_1510820.jpg,ISIC_6118768.jpg,0.8111546039581299
ISIC_1510820.jpg,ISIC_6120143.jpg,0.8232101798057556
ISIC_1510820.jpg,ISIC_6120158.jpg,0.6880682706832886
ISIC_1510820.jpg,ISIC_6120545.jpg,0.7547990679740906
ISIC_1510820.jpg,ISIC_6122007.jpg,0.7293226718902588
ISIC_1510820.jpg,ISIC_6122407.jpg,0.40868842601776123
ISIC_1510820.jpg,ISIC_6122897.jpg,0.4079238176345825
ISIC_1510820.jpg,ISIC_6122906.jpg,0.1421048641204834
ISIC_1510820.jpg,ISIC_6125633.jpg,0.16206015646457672
ISIC_1510820.jpg,ISIC_6128464.jpg,0.29452094435691833
ISIC_1510820.jpg,ISIC_6129073.jpg,0.23962752521038055
ISIC_1510820.jpg,ISIC_6130016.jpg,0.7162818908691406
ISIC_1510820.jpg,ISIC_6131888.jpg,0.5116324424743652
ISIC_1510820.jpg,ISIC_6132443.jpg,0.1678125560283661
ISIC_1510820.jpg,ISIC_6132521.jpg,0.6464999914169312
ISIC_1510820.jpg,ISIC_6133252.jpg,0.9052602052688599
ISIC_1510820.jpg,ISIC_6133571.jpg,0.8302773237228394
ISIC_1510820.jpg,ISIC_6135759.jpg,0.42395296692848206
ISIC_1510820.jpg,ISIC_6136227.jpg,0.7882426977157593
ISIC_1510820.jpg,ISIC_6137841.jpg,0.784413754940033
ISIC_1510820.jpg,ISIC_6139839.jpg,0.8372989892959595
ISIC_1510820.jpg,ISIC_6140475.jpg,0.6637304425239563
ISIC_1510820.jpg,ISIC_6140637.jpg,0.7611685991287231
ISIC_1510820.jpg,ISIC_6143045.jpg,0.7649175524711609
ISIC_1510820.jpg,ISIC_6144806.jpg,0.6631825566291809
ISIC_1510820.jpg,ISIC_6147174.jpg,0.39369142055511475
ISIC_1510820.jpg,ISIC_6147889.jpg,0.21867407858371735
ISIC_1510820.jpg,ISIC_6148454.jpg,0.6325414776802063
ISIC_1510820.jpg,ISIC_6148710.jpg,0.7554916739463806
ISIC_1510820.jpg,ISIC_6149394.jpg,0.39232271909713745
ISIC_1510820.jpg,ISIC_6149823.jpg,0.7710667848587036
ISIC_1510820.jpg,ISIC_6151236.jpg,0.5606661438941956
ISIC_1510820.jpg,ISIC_6153943.jpg,0.7757880091667175
ISIC_1510820.jpg,ISIC_6154102.jpg,0.5030522346496582
ISIC_1510820.jpg,ISIC_6159592.jpg,0.8304956555366516
ISIC_1510820.jpg,ISIC_6159600.jpg,0.14435310661792755
ISIC_1510820.jpg,ISIC_6164205.jpg,0.7333661317825317
ISIC_1510820.jpg,ISIC_6164865.jpg,0.6867203712463379
ISIC_1510820.jpg,ISIC_6165518.jpg,0.7011790871620178
ISIC_1510820.jpg,ISIC_6165920.jpg,0.08454755693674088
ISIC_1510820.jpg,ISIC_6166514.jpg,0.6712837219238281
ISIC_1510820.jpg,ISIC_6168190.jpg,0.44531017541885376
ISIC_1510820.jpg,ISIC_6169239.jpg,0.3837835192680359
ISIC_1510820.jpg,ISIC_6171146.jpg,0.8389266729354858
ISIC_1510820.jpg,ISIC_6174589.jpg,0.7218335270881653
ISIC_1510820.jpg,ISIC_6174690.jpg,0.7346880435943604
ISIC_1510820.jpg,ISIC_6174724.jpg,0.8489158749580383
ISIC_1510820.jpg,ISIC_6180307.jpg,0.458538293838501
ISIC_1510820.jpg,ISIC_6180603.jpg,0.8274401426315308
ISIC_1510820.jpg,ISIC_6181315.jpg,0.8106446862220764
ISIC_1510820.jpg,ISIC_6182346.jpg,0.8124019503593445
ISIC_1510820.jpg,ISIC_6182913.jpg,0.9555471539497375
ISIC_1510820.jpg,ISIC_6184049.jpg,0.691162645816803
ISIC_1510820.jpg,ISIC_6184616.jpg,0.4670628607273102
ISIC_1510820.jpg,ISIC_6184815.jpg,0.7353718280792236
ISIC_1510820.jpg,ISIC_6185319.jpg,0.6446236371994019
ISIC_1510820.jpg,ISIC_6185606.jpg,0.7789352536201477
ISIC_1510820.jpg,ISIC_6185801.jpg,0.7686687111854553
ISIC_1510820.jpg,ISIC_6186432.jpg,0.2953384816646576
ISIC_1510820.jpg,ISIC_6188565.jpg,0.6463935375213623
ISIC_1510820.jpg,ISIC_6190621.jpg,0.37499022483825684
ISIC_1510820.jpg,ISIC_6192132.jpg,0.38314682245254517
ISIC_1510820.jpg,ISIC_6192205.jpg,0.5368015170097351
ISIC_1510820.jpg,ISIC_6192610.jpg,0.14085158705711365
ISIC_1510820.jpg,ISIC_6193215.jpg,0.2672863006591797
ISIC_1510820.jpg,ISIC_6193472.jpg,0.8602588772773743
ISIC_1510820.jpg,ISIC_6195527.jpg,0.7076246738433838
ISIC_1510820.jpg,ISIC_6197041.jpg,0.6757472157478333
ISIC_1510820.jpg,ISIC_6197896.jpg,0.8065741062164307
ISIC_1510820.jpg,ISIC_6198726.jpg,0.8386105298995972
ISIC_1510820.jpg,ISIC_6199822.jpg,0.5134426951408386
ISIC_1510820.jpg,ISIC_6203295.jpg,0.8486900925636292
ISIC_1510820.jpg,ISIC_6204442.jpg,0.6810091137886047
ISIC_1510820.jpg,ISIC_6204751.jpg,0.5449038743972778
ISIC_1510820.jpg,ISIC_6206241.jpg,0.8122482299804688
ISIC_1510820.jpg,ISIC_6208151.jpg,0.10245786607265472
ISIC_1510820.jpg,ISIC_6211950.jpg,0.6817113161087036
ISIC_1510820.jpg,ISIC_6214753.jpg,0.5277225375175476
ISIC_1510820.jpg,ISIC_6218246.jpg,0.4389074444770813
ISIC_1510820.jpg,ISIC_6218648.jpg,0.8291353583335876
ISIC_1510820.jpg,ISIC_6220493.jpg,0.6366207599639893
ISIC_1510820.jpg,ISIC_6222213.jpg,0.737260639667511
ISIC_1510820.jpg,ISIC_6223199.jpg,0.7417475581169128
ISIC_1510820.jpg,ISIC_6227605.jpg,0.7103537917137146
ISIC_1510820.jpg,ISIC_6228369.jpg,0.5352861285209656
ISIC_1510820.jpg,ISIC_6230135.jpg,0.2555820047855377
ISIC_1510820.jpg,ISIC_6233969.jpg,0.8468503952026367
ISIC_1510820.jpg,ISIC_6235516.jpg,0.7469139099121094
ISIC_1510820.jpg,ISIC_6240439.jpg,0.5461212992668152
ISIC_1510820.jpg,ISIC_6240886.jpg,0.8529635071754456
ISIC_1510820.jpg,ISIC_6244226.jpg,0.716389536857605
ISIC_1510820.jpg,ISIC_6244894.jpg,0.896587610244751
ISIC_1510820.jpg,ISIC_6246998.jpg,0.61501544713974
ISIC_1510820.jpg,ISIC_6248112.jpg,0.38446083664894104
ISIC_1510820.jpg,ISIC_6248504.jpg,0.3066402077674866
ISIC_1510820.jpg,ISIC_6251679.jpg,0.6840749979019165
ISIC_1510820.jpg,ISIC_6251700.jpg,0.3261975944042206
ISIC_1510820.jpg,ISIC_6252644.jpg,0.7378284931182861
ISIC_1510820.jpg,ISIC_6256102.jpg,0.5880123972892761
ISIC_1510820.jpg,ISIC_6257335.jpg,0.7684027552604675
ISIC_1510820.jpg,ISIC_6259642.jpg,0.8101844191551208
ISIC_1510820.jpg,ISIC_6259682.jpg,0.656148374080658
ISIC_1510820.jpg,ISIC_6260052.jpg,0.6027405858039856
ISIC_1510820.jpg,ISIC_6262744.jpg,0.8689295053482056
ISIC_1510820.jpg,ISIC_6263151.jpg,0.3343130350112915
ISIC_1510820.jpg,ISIC_6264872.jpg,0.5664820671081543
ISIC_1510820.jpg,ISIC_6270723.jpg,0.3797092139720917
ISIC_1510820.jpg,ISIC_6272060.jpg,0.4482390284538269
ISIC_1510820.jpg,ISIC_6272071.jpg,0.6639171838760376
ISIC_1510820.jpg,ISIC_6272206.jpg,0.8240880370140076
ISIC_1510820.jpg,ISIC_6272978.jpg,0.4628768563270569
ISIC_1510820.jpg,ISIC_6273296.jpg,0.8422971367835999
ISIC_1510820.jpg,ISIC_6274125.jpg,0.8420456647872925
ISIC_1510820.jpg,ISIC_6275700.jpg,0.7672631740570068
ISIC_1510820.jpg,ISIC_6276358.jpg,0.31929343938827515
ISIC_1510820.jpg,ISIC_6276543.jpg,0.6674630641937256
ISIC_1510820.jpg,ISIC_6278817.jpg,0.7761557698249817
ISIC_1510820.jpg,ISIC_6279071.jpg,0.7380046248435974
ISIC_1510820.jpg,ISIC_6285105.jpg,0.5710573792457581
ISIC_1510820.jpg,ISIC_6287859.jpg,0.11096162348985672
ISIC_1510820.jpg,ISIC_6288405.jpg,0.769196093082428
ISIC_1510820.jpg,ISIC_6288517.jpg,0.43448296189308167
ISIC_1510820.jpg,ISIC_6290714.jpg,0.7185257077217102
ISIC_1510820.jpg,ISIC_6293576.jpg,0.6829990744590759
ISIC_1510820.jpg,ISIC_6295508.jpg,0.5067206025123596
ISIC_1510820.jpg,ISIC_6295805.jpg,0.6364709138870239
ISIC_1510820.jpg,ISIC_6299694.jpg,0.5911849141120911
ISIC_1510820.jpg,ISIC_6300866.jpg,0.2888999283313751
ISIC_1510820.jpg,ISIC_6302625.jpg,0.5726111531257629
ISIC_1510820.jpg,ISIC_6302745.jpg,0.6510654091835022
ISIC_1510820.jpg,ISIC_6304786.jpg,0.735142707824707
ISIC_1510820.jpg,ISIC_6304831.jpg,0.6294383406639099
ISIC_1510820.jpg,ISIC_6307097.jpg,0.8296451568603516
ISIC_1510820.jpg,ISIC_6307284.jpg,0.7771555781364441
ISIC_1510820.jpg,ISIC_6312849.jpg,0.5696841478347778
ISIC_1510820.jpg,ISIC_6315939.jpg,0.7532544732093811
ISIC_1510820.jpg,ISIC_6316211.jpg,0.5627031922340393
ISIC_1510820.jpg,ISIC_6319908.jpg,0.6864092350006104
ISIC_1510820.jpg,ISIC_6321296.jpg,0.7660682201385498
ISIC_1510820.jpg,ISIC_6321957.jpg,0.6854076385498047
ISIC_1510820.jpg,ISIC_6322638.jpg,0.7539963722229004
ISIC_1510820.jpg,ISIC_6324134.jpg,0.7663389444351196
ISIC_1510820.jpg,ISIC_6324738.jpg,0.4983278512954712
ISIC_1510820.jpg,ISIC_6326045.jpg,0.7353236675262451
ISIC_1510820.jpg,ISIC_6326439.jpg,0.6792736053466797
ISIC_1510820.jpg,ISIC_6327696.jpg,0.8634082078933716
ISIC_1510820.jpg,ISIC_6329267.jpg,0.7836520671844482
ISIC_1510820.jpg,ISIC_6330302.jpg,0.29204005002975464
ISIC_1510820.jpg,ISIC_6330336.jpg,0.8357519507408142
ISIC_1510820.jpg,ISIC_6330632.jpg,0.4290589690208435
ISIC_1510820.jpg,ISIC_6332124.jpg,0.5559525489807129
ISIC_1510820.jpg,ISIC_6332746.jpg,0.8528029918670654
ISIC_1510820.jpg,ISIC_6333868.jpg,0.6928886771202087
ISIC_1510820.jpg,ISIC_6334718.jpg,0.8842875361442566
ISIC_1510820.jpg,ISIC_6335117.jpg,0.6820358633995056
ISIC_1510820.jpg,ISIC_6336463.jpg,0.846723735332489
ISIC_1510820.jpg,ISIC_6336553.jpg,0.6314249634742737
ISIC_1510820.jpg,ISIC_6337591.jpg,0.7887486219406128
ISIC_1510820.jpg,ISIC_6337981.jpg,0.8342215418815613
ISIC_1510820.jpg,ISIC_6338356.jpg,0.1471841186285019
ISIC_1510820.jpg,ISIC_6340119.jpg,0.35638460516929626
ISIC_1510820.jpg,ISIC_6340846.jpg,0.5715826153755188
ISIC_1510820.jpg,ISIC_6341261.jpg,0.805570662021637
ISIC_1510820.jpg,ISIC_6345695.jpg,0.7916885018348694
ISIC_1510820.jpg,ISIC_6347478.jpg,0.8229213356971741
ISIC_1510820.jpg,ISIC_6348542.jpg,0.8801541924476624
ISIC_1510820.jpg,ISIC_6349053.jpg,0.8310942053794861
ISIC_1510820.jpg,ISIC_6350227.jpg,0.382850706577301
ISIC_1510820.jpg,ISIC_6350420.jpg,0.7152155041694641
ISIC_1510820.jpg,ISIC_6350718.jpg,0.3658744990825653
ISIC_1510820.jpg,ISIC_6353090.jpg,0.8764141798019409
ISIC_1510820.jpg,ISIC_6353402.jpg,0.6244328618049622
ISIC_1510820.jpg,ISIC_6354781.jpg,0.7756521105766296
ISIC_1510820.jpg,ISIC_6355799.jpg,0.8291053771972656
ISIC_1510820.jpg,ISIC_6355985.jpg,0.5609369277954102
ISIC_1510820.jpg,ISIC_6358503.jpg,0.5919731855392456
ISIC_1510820.jpg,ISIC_6359785.jpg,0.653062641620636
ISIC_1510820.jpg,ISIC_6360613.jpg,0.1910642385482788
ISIC_1510820.jpg,ISIC_6362191.jpg,0.6393044590950012
ISIC_1510820.jpg,ISIC_6362598.jpg,0.7084409594535828
ISIC_1510820.jpg,ISIC_6363298.jpg,0.7023409605026245
ISIC_1510820.jpg,ISIC_6364521.jpg,0.7990182638168335
ISIC_1510820.jpg,ISIC_6364739.jpg,0.7291717529296875
ISIC_1510820.jpg,ISIC_6365507.jpg,0.7699465751647949
ISIC_1510820.jpg,ISIC_6371918.jpg,0.4301188588142395
ISIC_1510820.jpg,ISIC_6371939.jpg,0.6125497817993164
ISIC_1510820.jpg,ISIC_6372732.jpg,0.8956092000007629
ISIC_1510820.jpg,ISIC_6376631.jpg,0.633764386177063
ISIC_1510820.jpg,ISIC_6377740.jpg,0.10545395314693451
ISIC_1510820.jpg,ISIC_6381819.jpg,0.5546829104423523
ISIC_1510820.jpg,ISIC_6383313.jpg,0.6187514066696167
ISIC_1510820.jpg,ISIC_6384675.jpg,0.5109564661979675
ISIC_1510820.jpg,ISIC_6385118.jpg,0.13031594455242157
ISIC_1510820.jpg,ISIC_6385839.jpg,0.3573809862136841
ISIC_1510820.jpg,ISIC_6387900.jpg,0.7153269648551941
ISIC_1510820.jpg,ISIC_6388741.jpg,0.7532991766929626
ISIC_1510820.jpg,ISIC_6388895.jpg,0.46580955386161804
ISIC_1510820.jpg,ISIC_6389588.jpg,0.7121845483779907
ISIC_1510820.jpg,ISIC_6390348.jpg,0.5928434729576111
ISIC_1510820.jpg,ISIC_6390419.jpg,0.8054990172386169
ISIC_1510820.jpg,ISIC_6394052.jpg,0.6978002190589905
ISIC_1510820.jpg,ISIC_6395203.jpg,0.7939942479133606
ISIC_1510820.jpg,ISIC_6396303.jpg,0.6750497221946716
ISIC_1510820.jpg,ISIC_6397215.jpg,0.6338672637939453
ISIC_1510820.jpg,ISIC_6397471.jpg,0.5761669278144836
ISIC_1510820.jpg,ISIC_6401781.jpg,0.6076181530952454
ISIC_1510820.jpg,ISIC_6404736.jpg,0.41481664776802063
ISIC_1510820.jpg,ISIC_6407209.jpg,0.6238571405410767
ISIC_1510820.jpg,ISIC_6409218.jpg,0.7733212113380432
ISIC_1510820.jpg,ISIC_6410742.jpg,0.3065739572048187
ISIC_1510820.jpg,ISIC_6410833.jpg,0.7379802465438843
ISIC_1510820.jpg,ISIC_6413760.jpg,0.3435385227203369
ISIC_1510820.jpg,ISIC_6416091.jpg,0.41182610392570496
ISIC_1510820.jpg,ISIC_6417661.jpg,0.16241063177585602
ISIC_1510820.jpg,ISIC_6417770.jpg,0.6279536485671997
ISIC_1510820.jpg,ISIC_6418859.jpg,0.8622480630874634
ISIC_1510820.jpg,ISIC_6420072.jpg,0.824774980545044
ISIC_1510820.jpg,ISIC_6420618.jpg,0.4205192029476166
ISIC_1510820.jpg,ISIC_6420980.jpg,0.8078022599220276
ISIC_1510820.jpg,ISIC_6420986.jpg,0.8822147846221924
ISIC_1510820.jpg,ISIC_6422928.jpg,0.7192242741584778
ISIC_1510820.jpg,ISIC_6423812.jpg,0.8878182172775269
ISIC_1510820.jpg,ISIC_6425676.jpg,0.7627140879631042
ISIC_1510820.jpg,ISIC_6426806.jpg,0.8084732890129089
ISIC_1510820.jpg,ISIC_6428265.jpg,0.8022048473358154
ISIC_1510820.jpg,ISIC_6432856.jpg,0.17828619480133057
ISIC_1510820.jpg,ISIC_6434719.jpg,0.6726827621459961
ISIC_1510820.jpg,ISIC_6435735.jpg,0.1992078572511673
ISIC_1510820.jpg,ISIC_6436323.jpg,0.8076300621032715
ISIC_1510820.jpg,ISIC_6437816.jpg,0.6219569444656372
ISIC_1510820.jpg,ISIC_6438534.jpg,0.7485131621360779
ISIC_1510820.jpg,ISIC_6440128.jpg,0.8088839650154114
ISIC_1510820.jpg,ISIC_6440823.jpg,0.17897434532642365
ISIC_1510820.jpg,ISIC_6441462.jpg,0.4637928307056427
ISIC_1510820.jpg,ISIC_6441653.jpg,0.7619091868400574
ISIC_1510820.jpg,ISIC_6441975.jpg,0.5595492720603943
ISIC_1510820.jpg,ISIC_6442196.jpg,0.8300382494926453
ISIC_1510820.jpg,ISIC_6442624.jpg,0.8572213649749756
ISIC_1510820.jpg,ISIC_6443328.jpg,0.6331886053085327
ISIC_1510820.jpg,ISIC_6444637.jpg,0.2239322066307068
ISIC_1510820.jpg,ISIC_6447876.jpg,0.3619970977306366
ISIC_1510820.jpg,ISIC_6450938.jpg,0.8277930617332458
ISIC_1510820.jpg,ISIC_6451105.jpg,0.7502189874649048
ISIC_1510820.jpg,ISIC_6452363.jpg,0.7247321009635925
ISIC_1510820.jpg,ISIC_6452610.jpg,0.716611921787262
ISIC_1510820.jpg,ISIC_6453432.jpg,0.5540570616722107
ISIC_1510820.jpg,ISIC_6453867.jpg,0.7515161633491516
ISIC_1510820.jpg,ISIC_6454808.jpg,0.5417807698249817
ISIC_1510820.jpg,ISIC_6454901.jpg,0.29373815655708313
ISIC_1510820.jpg,ISIC_6455851.jpg,0.6355574727058411
ISIC_1510820.jpg,ISIC_6456359.jpg,0.4019433856010437
ISIC_1510820.jpg,ISIC_6456904.jpg,0.7021011710166931
ISIC_1510820.jpg,ISIC_6456968.jpg,0.7067652940750122
ISIC_1510820.jpg,ISIC_6457041.jpg,0.8806620240211487
ISIC_1510820.jpg,ISIC_6457527.jpg,0.38032224774360657
ISIC_1510820.jpg,ISIC_6458793.jpg,0.7650900483131409
ISIC_1510820.jpg,ISIC_6465527.jpg,0.208429217338562
ISIC_1510820.jpg,ISIC_6465712.jpg,0.3342302739620209
ISIC_1510820.jpg,ISIC_6465748.jpg,0.7634636759757996
ISIC_1510820.jpg,ISIC_6465955.jpg,0.72933030128479
ISIC_1510820.jpg,ISIC_6466968.jpg,0.604339063167572
ISIC_1510820.jpg,ISIC_6467041.jpg,0.5196918845176697
ISIC_1510820.jpg,ISIC_6467817.jpg,0.8096201419830322
ISIC_1510820.jpg,ISIC_6470007.jpg,0.4004192054271698
ISIC_1510820.jpg,ISIC_6470574.jpg,0.4197022020816803
ISIC_1510820.jpg,ISIC_6471549.jpg,0.36304596066474915
ISIC_1510820.jpg,ISIC_6473784.jpg,0.29737645387649536
ISIC_1510820.jpg,ISIC_6474260.jpg,0.67268306016922
ISIC_1510820.jpg,ISIC_6474483.jpg,0.41951489448547363
ISIC_1510820.jpg,ISIC_6476591.jpg,0.4001857042312622
ISIC_1510820.jpg,ISIC_6477494.jpg,0.7475553154945374
ISIC_1510820.jpg,ISIC_6477955.jpg,0.7515632510185242
ISIC_1510820.jpg,ISIC_6477960.jpg,0.3066544830799103
ISIC_1510820.jpg,ISIC_6478369.jpg,0.752989649772644
ISIC_1510820.jpg,ISIC_6482254.jpg,0.1861032247543335
ISIC_1510820.jpg,ISIC_6482346.jpg,0.6921667456626892
ISIC_1510820.jpg,ISIC_6483735.jpg,0.5359610319137573
ISIC_1510820.jpg,ISIC_6484204.jpg,0.6554781794548035
ISIC_1510820.jpg,ISIC_6485104.jpg,0.6433507800102234
ISIC_1510820.jpg,ISIC_6485174.jpg,0.7706285715103149
ISIC_1510820.jpg,ISIC_6485524.jpg,0.8381667137145996
ISIC_1510820.jpg,ISIC_6489270.jpg,0.6294283270835876
ISIC_1510820.jpg,ISIC_6489436.jpg,0.9192962050437927
ISIC_1510820.jpg,ISIC_6492133.jpg,0.24187377095222473
ISIC_1510820.jpg,ISIC_6493546.jpg,0.6672282218933105
ISIC_1510820.jpg,ISIC_6496183.jpg,0.5956490635871887
ISIC_1510820.jpg,ISIC_6496831.jpg,0.36338067054748535
ISIC_1510820.jpg,ISIC_6499111.jpg,0.852173388004303
ISIC_1510820.jpg,ISIC_6499677.jpg,0.5634426474571228
ISIC_1510820.jpg,ISIC_6501156.jpg,0.5570347309112549
ISIC_1510820.jpg,ISIC_6501761.jpg,0.28684014081954956
ISIC_1510820.jpg,ISIC_6503955.jpg,0.6605604887008667
ISIC_1510820.jpg,ISIC_6504056.jpg,0.7956808805465698
ISIC_1510820.jpg,ISIC_6504083.jpg,0.8153619766235352
ISIC_1510820.jpg,ISIC_6504643.jpg,0.8345370888710022
ISIC_1510820.jpg,ISIC_6504764.jpg,0.6912132501602173
ISIC_1510820.jpg,ISIC_6505572.jpg,0.7198851108551025
ISIC_1510820.jpg,ISIC_6507238.jpg,0.8651455640792847
ISIC_1510820.jpg,ISIC_6508409.jpg,0.6827092170715332
ISIC_1510820.jpg,ISIC_6509669.jpg,0.7709794640541077
ISIC_1510820.jpg,ISIC_6510708.jpg,0.44226303696632385
ISIC_1510820.jpg,ISIC_6510730.jpg,0.5757859945297241
ISIC_1510820.jpg,ISIC_6510897.jpg,0.7165299654006958
ISIC_1510820.jpg,ISIC_6510933.jpg,0.8326706290245056
ISIC_1510820.jpg,ISIC_6512437.jpg,0.8352687358856201
ISIC_1510820.jpg,ISIC_6513708.jpg,0.783607542514801
ISIC_1510820.jpg,ISIC_6514347.jpg,0.2675083577632904
ISIC_1510820.jpg,ISIC_6516058.jpg,0.29591941833496094
ISIC_1510820.jpg,ISIC_6516973.jpg,0.7794844508171082
ISIC_1510820.jpg,ISIC_6517556.jpg,0.8240371346473694
ISIC_1510820.jpg,ISIC_6518088.jpg,0.4055013358592987
ISIC_1510820.jpg,ISIC_6519116.jpg,0.15098783373832703
ISIC_1510820.jpg,ISIC_6519195.jpg,0.3050173223018646
ISIC_1510820.jpg,ISIC_6519660.jpg,0.6389144659042358
ISIC_1510820.jpg,ISIC_6521534.jpg,0.7435649633407593
ISIC_1510820.jpg,ISIC_6522232.jpg,0.6087119579315186
ISIC_1510820.jpg,ISIC_6524335.jpg,0.7758558988571167
ISIC_1510820.jpg,ISIC_6524570.jpg,0.7339345216751099
ISIC_1510820.jpg,ISIC_6526343.jpg,0.6293621063232422
ISIC_1510820.jpg,ISIC_6530984.jpg,0.6274194717407227
ISIC_1510820.jpg,ISIC_6531810.jpg,0.31849852204322815
ISIC_1510820.jpg,ISIC_6533587.jpg,0.7860088348388672
ISIC_1510820.jpg,ISIC_6535708.jpg,0.8469991683959961
ISIC_1510820.jpg,ISIC_6538442.jpg,0.7250315546989441
ISIC_1510820.jpg,ISIC_6538759.jpg,0.8016304969787598
ISIC_1510820.jpg,ISIC_6539905.jpg,0.23314447700977325
ISIC_1510820.jpg,ISIC_6540771.jpg,0.3097095787525177
ISIC_1510820.jpg,ISIC_6541434.jpg,0.7122101187705994
ISIC_1510820.jpg,ISIC_6541945.jpg,0.41949331760406494
ISIC_1510820.jpg,ISIC_6542061.jpg,0.7308006882667542
ISIC_1510820.jpg,ISIC_6544818.jpg,0.8154147863388062
ISIC_1510820.jpg,ISIC_6545625.jpg,0.8324764370918274
ISIC_1510820.jpg,ISIC_6545813.jpg,0.835976243019104
ISIC_1510820.jpg,ISIC_6546383.jpg,0.8954586386680603
ISIC_1510820.jpg,ISIC_6549364.jpg,0.5185204148292542
ISIC_1510820.jpg,ISIC_6549522.jpg,0.7474792003631592
ISIC_1510820.jpg,ISIC_6550440.jpg,0.8832938075065613
ISIC_1510820.jpg,ISIC_6551637.jpg,0.7085007429122925
ISIC_1510820.jpg,ISIC_6553836.jpg,0.8693409562110901
ISIC_1510820.jpg,ISIC_6554420.jpg,0.6014509797096252
ISIC_1510820.jpg,ISIC_6555901.jpg,0.7372040748596191
ISIC_1510820.jpg,ISIC_6558015.jpg,0.766552209854126
ISIC_1510820.jpg,ISIC_6560711.jpg,0.771643877029419
ISIC_1510820.jpg,ISIC_6561134.jpg,0.3999573588371277
ISIC_1510820.jpg,ISIC_6561559.jpg,0.7160471677780151
ISIC_1510820.jpg,ISIC_6563141.jpg,0.7491490244865417
ISIC_1510820.jpg,ISIC_6570595.jpg,0.8871176242828369
ISIC_1510820.jpg,ISIC_6570791.jpg,0.8052680492401123
ISIC_1510820.jpg,ISIC_6570876.jpg,0.5537109375
ISIC_1510820.jpg,ISIC_6571223.jpg,0.14525094628334045
ISIC_1510820.jpg,ISIC_6572392.jpg,0.891972005367279
ISIC_1510820.jpg,ISIC_6572503.jpg,0.7365967631340027
ISIC_1510820.jpg,ISIC_6575327.jpg,0.8168668746948242
ISIC_1510820.jpg,ISIC_6575489.jpg,0.8091043829917908
ISIC_1510820.jpg,ISIC_6576250.jpg,0.42252495884895325
ISIC_1510820.jpg,ISIC_6578095.jpg,0.7623984217643738
ISIC_1510820.jpg,ISIC_6581064.jpg,0.7383495569229126
ISIC_1510820.jpg,ISIC_6600704.jpg,0.7934113144874573
ISIC_1510820.jpg,ISIC_6613137.jpg,0.682731568813324
ISIC_1510820.jpg,ISIC_6614545.jpg,0.20475879311561584
ISIC_1510820.jpg,ISIC_6617622.jpg,0.6860107779502869
ISIC_1510820.jpg,ISIC_6618544.jpg,0.5618056654930115
ISIC_1510820.jpg,ISIC_6618864.jpg,0.5719202160835266
ISIC_1510820.jpg,ISIC_6620053.jpg,0.5131963491439819
ISIC_1510820.jpg,ISIC_6622777.jpg,0.4714322090148926
ISIC_1510820.jpg,ISIC_6638136.jpg,0.7511101961135864
ISIC_1510820.jpg,ISIC_6639597.jpg,0.7911017537117004
ISIC_1510820.jpg,ISIC_6649139.jpg,0.47448572516441345
ISIC_1510820.jpg,ISIC_6654360.jpg,0.43362072110176086
ISIC_1510820.jpg,ISIC_6661454.jpg,0.3474337160587311
ISIC_1510820.jpg,ISIC_6679395.jpg,0.7475826740264893
ISIC_1510820.jpg,ISIC_6680545.jpg,0.84549880027771
ISIC_1510820.jpg,ISIC_6681100.jpg,0.3786647915840149
ISIC_1510820.jpg,ISIC_6682047.jpg,0.8443622589111328
ISIC_1510820.jpg,ISIC_6682323.jpg,0.45533621311187744
ISIC_1510820.jpg,ISIC_6683074.jpg,0.3053644299507141
ISIC_1510820.jpg,ISIC_6684390.jpg,0.21082371473312378
ISIC_1510820.jpg,ISIC_6684791.jpg,0.7896474599838257
ISIC_1510820.jpg,ISIC_6684827.jpg,0.8235375881195068
ISIC_1510820.jpg,ISIC_6685364.jpg,0.6458761096000671
ISIC_1510820.jpg,ISIC_6687916.jpg,0.621586799621582
ISIC_1510820.jpg,ISIC_6689584.jpg,0.678695023059845
ISIC_1510820.jpg,ISIC_6689820.jpg,0.7622453570365906
ISIC_1510820.jpg,ISIC_6690051.jpg,0.18231454491615295
ISIC_1510820.jpg,ISIC_6690278.jpg,0.8947265148162842
ISIC_1510820.jpg,ISIC_6690331.jpg,0.903350830078125
ISIC_1510820.jpg,ISIC_6694996.jpg,0.5340731739997864
ISIC_1510820.jpg,ISIC_6696474.jpg,0.8267053365707397
ISIC_1510820.jpg,ISIC_6699429.jpg,0.8189282417297363
ISIC_1510820.jpg,ISIC_6700104.jpg,0.688923180103302
ISIC_1510820.jpg,ISIC_6701908.jpg,0.7992202639579773
ISIC_1510820.jpg,ISIC_6701974.jpg,0.7972817420959473
ISIC_1510820.jpg,ISIC_6702499.jpg,0.7073944211006165
ISIC_1510820.jpg,ISIC_6703533.jpg,0.6194115877151489
ISIC_1510820.jpg,ISIC_6704967.jpg,0.3159428536891937
ISIC_1510820.jpg,ISIC_6705213.jpg,0.8095952868461609
ISIC_1510820.jpg,ISIC_6710398.jpg,0.8628895878791809
ISIC_1510820.jpg,ISIC_6711260.jpg,0.40348973870277405
ISIC_1510820.jpg,ISIC_6712374.jpg,0.3804300129413605
ISIC_1510820.jpg,ISIC_6712576.jpg,0.6171396970748901
ISIC_1510820.jpg,ISIC_6713125.jpg,0.43123435974121094
ISIC_1510820.jpg,ISIC_6715217.jpg,0.7801363468170166
ISIC_1510820.jpg,ISIC_6718057.jpg,0.8524760603904724
ISIC_1510820.jpg,ISIC_6719897.jpg,0.8569729328155518
ISIC_1510820.jpg,ISIC_6720144.jpg,0.8639352321624756
ISIC_1510820.jpg,ISIC_6720892.jpg,0.5973225831985474
ISIC_1510820.jpg,ISIC_6723980.jpg,0.5946726202964783
ISIC_1510820.jpg,ISIC_6724105.jpg,0.8820229172706604
ISIC_1510820.jpg,ISIC_6724237.jpg,0.822624146938324
ISIC_1510820.jpg,ISIC_6724343.jpg,0.9209965467453003
ISIC_1510820.jpg,ISIC_6724629.jpg,0.23194275796413422
ISIC_1510820.jpg,ISIC_6727968.jpg,0.37920618057250977
ISIC_1510820.jpg,ISIC_6728356.jpg,0.4719630479812622
ISIC_1510820.jpg,ISIC_6728492.jpg,0.7247233986854553
ISIC_1510820.jpg,ISIC_6729337.jpg,0.6972773671150208
ISIC_1510820.jpg,ISIC_6729820.jpg,0.7036822438240051
ISIC_1510820.jpg,ISIC_6730696.jpg,0.5173609852790833
ISIC_1510820.jpg,ISIC_6731469.jpg,0.45332732796669006
ISIC_1510820.jpg,ISIC_6733544.jpg,0.7037415504455566
ISIC_1510820.jpg,ISIC_6734840.jpg,0.2652735114097595
ISIC_1510820.jpg,ISIC_6736963.jpg,0.8207769393920898
ISIC_1510820.jpg,ISIC_6737042.jpg,0.5405378937721252
ISIC_1510820.jpg,ISIC_6738385.jpg,0.7241893410682678
ISIC_1510820.jpg,ISIC_6739853.jpg,0.7564019560813904
ISIC_1510820.jpg,ISIC_6740312.jpg,0.6452206373214722
ISIC_1510820.jpg,ISIC_6740393.jpg,0.7920179963111877
ISIC_1510820.jpg,ISIC_6742788.jpg,0.3853549361228943
ISIC_1510820.jpg,ISIC_6743437.jpg,0.6256224513053894
ISIC_1510820.jpg,ISIC_6744358.jpg,0.7119739651679993
ISIC_1510820.jpg,ISIC_6745056.jpg,0.7750415802001953
ISIC_1510820.jpg,ISIC_6747997.jpg,0.6138519048690796
ISIC_1510820.jpg,ISIC_6749430.jpg,0.607343852519989
ISIC_1510820.jpg,ISIC_6750286.jpg,0.16808056831359863
ISIC_1510820.jpg,ISIC_6750614.jpg,0.8298221826553345
ISIC_1510820.jpg,ISIC_6751174.jpg,0.6313341856002808
ISIC_1510820.jpg,ISIC_6751717.jpg,0.9001388549804688
ISIC_1510820.jpg,ISIC_6754458.jpg,0.6331260204315186
ISIC_1510820.jpg,ISIC_6755755.jpg,0.8997679948806763
ISIC_1510820.jpg,ISIC_6756392.jpg,0.7242152690887451
ISIC_1510820.jpg,ISIC_6756448.jpg,0.8069237470626831
ISIC_1510820.jpg,ISIC_6756925.jpg,0.38328149914741516
ISIC_1510820.jpg,ISIC_6762136.jpg,0.4400109350681305
ISIC_1510820.jpg,ISIC_6762834.jpg,0.25318819284439087
ISIC_1510820.jpg,ISIC_6764328.jpg,0.8938317894935608
ISIC_1510820.jpg,ISIC_6768098.jpg,0.611086368560791
ISIC_1510820.jpg,ISIC_6770701.jpg,0.36968785524368286
ISIC_1510820.jpg,ISIC_6771747.jpg,0.6832360029220581
ISIC_1510820.jpg,ISIC_6773252.jpg,0.6227278709411621
ISIC_1510820.jpg,ISIC_6777221.jpg,0.6863120198249817
ISIC_1510820.jpg,ISIC_6777761.jpg,0.4136246144771576
ISIC_1510820.jpg,ISIC_6777956.jpg,0.5196272730827332
ISIC_1510820.jpg,ISIC_6779189.jpg,0.11125795543193817
ISIC_1510820.jpg,ISIC_6779885.jpg,0.7557932138442993
ISIC_1510820.jpg,ISIC_6781832.jpg,0.3168363571166992
ISIC_1510820.jpg,ISIC_6782432.jpg,0.8603988885879517
ISIC_1510820.jpg,ISIC_6788736.jpg,0.8016316890716553
ISIC_1510820.jpg,ISIC_6789406.jpg,0.42033547163009644
ISIC_1510820.jpg,ISIC_6793148.jpg,0.5386847257614136
ISIC_1510820.jpg,ISIC_6793377.jpg,0.46784335374832153
ISIC_1510820.jpg,ISIC_6793888.jpg,0.7037016749382019
ISIC_1510820.jpg,ISIC_6795412.jpg,0.7956830859184265
ISIC_1510820.jpg,ISIC_6795855.jpg,0.15570935606956482
ISIC_1510820.jpg,ISIC_6797452.jpg,0.4673134386539459
ISIC_1510820.jpg,ISIC_6797664.jpg,0.565152108669281
ISIC_1510820.jpg,ISIC_6802138.jpg,0.6755077838897705
ISIC_1510820.jpg,ISIC_6805686.jpg,0.3120962083339691
ISIC_1510820.jpg,ISIC_6810659.jpg,0.6194173693656921
ISIC_1510820.jpg,ISIC_6811237.jpg,0.5221100449562073
ISIC_1510820.jpg,ISIC_6811416.jpg,0.6171282529830933
ISIC_1510820.jpg,ISIC_6813530.jpg,0.8827444911003113
ISIC_1510820.jpg,ISIC_6813763.jpg,0.31085118651390076
ISIC_1510820.jpg,ISIC_6814727.jpg,0.10420304536819458
ISIC_1510820.jpg,ISIC_6815865.jpg,0.21943554282188416
ISIC_1510820.jpg,ISIC_6819277.jpg,0.9017773270606995
ISIC_1510820.jpg,ISIC_6821845.jpg,0.4969356060028076
ISIC_1510820.jpg,ISIC_6822272.jpg,0.14638444781303406
ISIC_1510820.jpg,ISIC_6825910.jpg,0.47735199332237244
ISIC_1510820.jpg,ISIC_6826117.jpg,0.9040647745132446
ISIC_1510820.jpg,ISIC_6827668.jpg,0.6789675951004028
ISIC_1510820.jpg,ISIC_6828354.jpg,0.7092835307121277
ISIC_1510820.jpg,ISIC_6831983.jpg,0.8727814555168152
ISIC_1510820.jpg,ISIC_6835703.jpg,0.7046025395393372
ISIC_1510820.jpg,ISIC_6836798.jpg,0.8938365578651428
ISIC_1510820.jpg,ISIC_6837581.jpg,0.8024874925613403
ISIC_1510820.jpg,ISIC_6839259.jpg,0.7410279512405396
ISIC_1510820.jpg,ISIC_6840007.jpg,0.5825332403182983
ISIC_1510820.jpg,ISIC_6843228.jpg,0.8718637824058533
ISIC_1510820.jpg,ISIC_6844611.jpg,0.5331246852874756
ISIC_1510820.jpg,ISIC_6845523.jpg,0.9021775126457214
ISIC_1510820.jpg,ISIC_6850984.jpg,0.7296028733253479
ISIC_1510820.jpg,ISIC_6852747.jpg,0.4773087799549103
ISIC_1510820.jpg,ISIC_6853184.jpg,0.7222312092781067
ISIC_1510820.jpg,ISIC_6853620.jpg,0.4498966336250305
ISIC_1510820.jpg,ISIC_6855256.jpg,0.6448168158531189
ISIC_1510820.jpg,ISIC_6857184.jpg,0.46462440490722656
ISIC_1510820.jpg,ISIC_6857576.jpg,0.5755513310432434
ISIC_1510820.jpg,ISIC_6858056.jpg,0.31297561526298523
ISIC_1510820.jpg,ISIC_6862118.jpg,0.22605380415916443
ISIC_1510820.jpg,ISIC_6867311.jpg,0.8659762740135193
ISIC_1510820.jpg,ISIC_6867950.jpg,0.7543816566467285
ISIC_1510820.jpg,ISIC_6870521.jpg,0.575939953327179
ISIC_1510820.jpg,ISIC_6870887.jpg,0.3327580690383911
ISIC_1510820.jpg,ISIC_6875383.jpg,0.8837150931358337
ISIC_1510820.jpg,ISIC_6875932.jpg,0.7451844215393066
ISIC_1510820.jpg,ISIC_6876145.jpg,0.8368992209434509
ISIC_1510820.jpg,ISIC_6876493.jpg,0.35260647535324097
ISIC_1510820.jpg,ISIC_6877005.jpg,0.3831261396408081
ISIC_1510820.jpg,ISIC_6877629.jpg,0.7836900949478149
ISIC_1510820.jpg,ISIC_6880676.jpg,0.43870535492897034
ISIC_1510820.jpg,ISIC_6880871.jpg,0.6099967956542969
ISIC_1510820.jpg,ISIC_6881441.jpg,0.7051296234130859
ISIC_1510820.jpg,ISIC_6881924.jpg,0.7276238203048706
ISIC_1510820.jpg,ISIC_6883060.jpg,0.17680029571056366
ISIC_1510820.jpg,ISIC_6883104.jpg,0.8308244943618774
ISIC_1510820.jpg,ISIC_6883430.jpg,0.755683958530426
ISIC_1510820.jpg,ISIC_6883524.jpg,0.7566635608673096
ISIC_1510820.jpg,ISIC_6885218.jpg,0.7842434048652649
ISIC_1510820.jpg,ISIC_6885654.jpg,0.46186086535453796
ISIC_1510820.jpg,ISIC_6887266.jpg,0.7853336930274963
ISIC_1510820.jpg,ISIC_6894377.jpg,0.6657665371894836
ISIC_1510820.jpg,ISIC_6897661.jpg,0.47013354301452637
ISIC_1510820.jpg,ISIC_6897793.jpg,0.8050310015678406
ISIC_1510820.jpg,ISIC_6898013.jpg,0.6530901789665222
ISIC_1510820.jpg,ISIC_6898290.jpg,0.7181654572486877
ISIC_1510820.jpg,ISIC_6899150.jpg,0.4667915403842926
ISIC_1510820.jpg,ISIC_6900078.jpg,0.6419532299041748
ISIC_1510820.jpg,ISIC_6901140.jpg,0.57131028175354
ISIC_1510820.jpg,ISIC_6902302.jpg,0.15548428893089294
ISIC_1510820.jpg,ISIC_6902548.jpg,0.3775618374347687
ISIC_1510820.jpg,ISIC_6903486.jpg,0.4287355840206146
ISIC_1510820.jpg,ISIC_6903770.jpg,0.19756463170051575
ISIC_1510820.jpg,ISIC_6903816.jpg,0.8345170617103577
ISIC_1510820.jpg,ISIC_6903971.jpg,0.7858050465583801
ISIC_1510820.jpg,ISIC_6905379.jpg,0.7967157959938049
ISIC_1510820.jpg,ISIC_6905962.jpg,0.8061366677284241
ISIC_1510820.jpg,ISIC_6911199.jpg,0.8707036375999451
ISIC_1510820.jpg,ISIC_6911963.jpg,0.1216159388422966
ISIC_1510820.jpg,ISIC_6913320.jpg,0.8092716336250305
ISIC_1510820.jpg,ISIC_6913600.jpg,0.8766477108001709
ISIC_1510820.jpg,ISIC_6913983.jpg,0.7756369709968567
ISIC_1510820.jpg,ISIC_6917374.jpg,0.8884888291358948
ISIC_1510820.jpg,ISIC_6917597.jpg,0.3630918264389038
ISIC_1510820.jpg,ISIC_6918208.jpg,0.49521538615226746
ISIC_1510820.jpg,ISIC_6919598.jpg,0.6536716818809509
ISIC_1510820.jpg,ISIC_6919934.jpg,0.4735156297683716
ISIC_1510820.jpg,ISIC_6920450.jpg,0.787040650844574
ISIC_1510820.jpg,ISIC_6920596.jpg,0.7733280658721924
ISIC_1510820.jpg,ISIC_6920609.jpg,0.5354605317115784
ISIC_1510820.jpg,ISIC_6925576.jpg,0.725614070892334
ISIC_1510820.jpg,ISIC_6926294.jpg,0.42452478408813477
ISIC_1510820.jpg,ISIC_6929794.jpg,0.7740946412086487
ISIC_1510820.jpg,ISIC_6931246.jpg,0.7378537058830261
ISIC_1510820.jpg,ISIC_6932354.jpg,0.8138880133628845
ISIC_1510820.jpg,ISIC_6934272.jpg,0.7915980219841003
ISIC_1510820.jpg,ISIC_6935489.jpg,0.43085822463035583
ISIC_1510820.jpg,ISIC_6936286.jpg,0.6400773525238037
ISIC_1510820.jpg,ISIC_6937025.jpg,0.16073021292686462
ISIC_1510820.jpg,ISIC_6939698.jpg,0.7999765276908875
ISIC_1510820.jpg,ISIC_6940742.jpg,0.19167910516262054
ISIC_1510820.jpg,ISIC_6941854.jpg,0.7643994092941284
ISIC_1510820.jpg,ISIC_6942800.jpg,0.34450796246528625
ISIC_1510820.jpg,ISIC_6942995.jpg,0.7714482545852661
ISIC_1510820.jpg,ISIC_6946895.jpg,0.2745715379714966
ISIC_1510820.jpg,ISIC_6948933.jpg,0.5843455195426941
ISIC_1510820.jpg,ISIC_6950754.jpg,0.7838960289955139
ISIC_1510820.jpg,ISIC_6951279.jpg,0.41054272651672363
ISIC_1510820.jpg,ISIC_6952190.jpg,0.15798360109329224
ISIC_1510820.jpg,ISIC_6952589.jpg,0.8300670981407166
ISIC_1510820.jpg,ISIC_6954370.jpg,0.6981947422027588
ISIC_1510820.jpg,ISIC_6954625.jpg,0.9101356267929077
ISIC_1510820.jpg,ISIC_6955630.jpg,0.5723200440406799
ISIC_1510820.jpg,ISIC_6955637.jpg,0.6399580240249634
ISIC_1510820.jpg,ISIC_6955838.jpg,0.7827804684638977
ISIC_1510820.jpg,ISIC_6955962.jpg,0.7001758217811584
ISIC_1510820.jpg,ISIC_6958771.jpg,0.4985584020614624
ISIC_1510820.jpg,ISIC_6958842.jpg,0.7109934091567993
ISIC_1510820.jpg,ISIC_6961265.jpg,0.824422299861908
ISIC_1510820.jpg,ISIC_6961583.jpg,0.4674498438835144
ISIC_1510820.jpg,ISIC_6961770.jpg,0.533825159072876
ISIC_1510820.jpg,ISIC_6963944.jpg,0.7035866975784302
ISIC_1510820.jpg,ISIC_6965271.jpg,0.6763563752174377
ISIC_1510820.jpg,ISIC_6967784.jpg,0.8176597952842712
ISIC_1510820.jpg,ISIC_6972434.jpg,0.26079076528549194
ISIC_1510820.jpg,ISIC_6975236.jpg,0.756712794303894
ISIC_1510820.jpg,ISIC_6975486.jpg,0.8331249952316284
ISIC_1510820.jpg,ISIC_6976452.jpg,0.834862470626831
ISIC_1510820.jpg,ISIC_6977473.jpg,0.6309353113174438
ISIC_1510820.jpg,ISIC_6977916.jpg,0.2986755967140198
ISIC_1510820.jpg,ISIC_6978556.jpg,0.6235238909721375
ISIC_1510820.jpg,ISIC_6981145.jpg,0.8003211617469788
ISIC_1510820.jpg,ISIC_6981516.jpg,0.41259637475013733
ISIC_1510820.jpg,ISIC_6982312.jpg,0.39271730184555054
ISIC_1510820.jpg,ISIC_6983099.jpg,0.8819025754928589
ISIC_1510820.jpg,ISIC_6983482.jpg,0.2469387799501419
ISIC_1510820.jpg,ISIC_6984644.jpg,0.8304857015609741
ISIC_1510820.jpg,ISIC_6984658.jpg,0.7399916648864746
ISIC_1510820.jpg,ISIC_6988163.jpg,0.7642410397529602
ISIC_1510820.jpg,ISIC_6988262.jpg,0.7098627686500549
ISIC_1510820.jpg,ISIC_6988497.jpg,0.6318305134773254
ISIC_1510820.jpg,ISIC_6990099.jpg,0.3442281186580658
ISIC_1510820.jpg,ISIC_6991088.jpg,0.8614099025726318
ISIC_1510820.jpg,ISIC_6993184.jpg,0.7817492485046387
ISIC_1510820.jpg,ISIC_6993349.jpg,0.8812505602836609
ISIC_1510820.jpg,ISIC_6993350.jpg,0.474637895822525
ISIC_1510820.jpg,ISIC_7001013.jpg,0.5454697608947754
ISIC_1510820.jpg,ISIC_7001504.jpg,0.5123577117919922
ISIC_1510820.jpg,ISIC_7001659.jpg,0.7428256273269653
ISIC_1510820.jpg,ISIC_7003908.jpg,0.8014971017837524
ISIC_1510820.jpg,ISIC_7004578.jpg,0.6792842745780945
ISIC_1510820.jpg,ISIC_7006251.jpg,0.8741620779037476
ISIC_1510820.jpg,ISIC_7007065.jpg,0.5669267773628235
ISIC_1510820.jpg,ISIC_7009636.jpg,0.600715696811676
ISIC_1510820.jpg,ISIC_7010755.jpg,0.7326388359069824
ISIC_1510820.jpg,ISIC_7011312.jpg,0.6853647232055664
ISIC_1510820.jpg,ISIC_7011852.jpg,0.4081346094608307
ISIC_1510820.jpg,ISIC_7013717.jpg,0.3334713578224182
ISIC_1510820.jpg,ISIC_7014635.jpg,0.4595351219177246
ISIC_1510820.jpg,ISIC_7016381.jpg,0.8969075679779053
ISIC_1510820.jpg,ISIC_7017459.jpg,0.6193783283233643
ISIC_1510820.jpg,ISIC_7018756.jpg,0.23557476699352264
ISIC_1510820.jpg,ISIC_7020654.jpg,0.4829535186290741
ISIC_1510820.jpg,ISIC_7022512.jpg,0.6945608258247375
ISIC_1510820.jpg,ISIC_7026533.jpg,0.5237263441085815
ISIC_1510820.jpg,ISIC_7029435.jpg,0.7344270348548889
ISIC_1510820.jpg,ISIC_7031413.jpg,0.694543182849884
ISIC_1510820.jpg,ISIC_7032767.jpg,0.6173021197319031
ISIC_1510820.jpg,ISIC_7034056.jpg,0.8798220753669739
ISIC_1510820.jpg,ISIC_7035208.jpg,0.7757480144500732
ISIC_1510820.jpg,ISIC_7036830.jpg,0.6964060664176941
ISIC_1510820.jpg,ISIC_7037702.jpg,0.7370775938034058
ISIC_1510820.jpg,ISIC_7039072.jpg,0.3531709909439087
ISIC_1510820.jpg,ISIC_7044408.jpg,0.6244574785232544
ISIC_1510820.jpg,ISIC_7049364.jpg,0.5922548770904541
ISIC_1510820.jpg,ISIC_7050025.jpg,0.6597927808761597
ISIC_1510820.jpg,ISIC_7052464.jpg,0.7613921165466309
ISIC_1510820.jpg,ISIC_7053272.jpg,0.8768974542617798
ISIC_1510820.jpg,ISIC_7054725.jpg,0.6440622210502625
ISIC_1510820.jpg,ISIC_7056434.jpg,0.6738202571868896
ISIC_1510820.jpg,ISIC_7056912.jpg,0.23668530583381653
ISIC_1510820.jpg,ISIC_7058873.jpg,0.547734260559082
ISIC_1510820.jpg,ISIC_7059105.jpg,0.33121487498283386
ISIC_1510820.jpg,ISIC_7061139.jpg,0.29136207699775696
ISIC_1510820.jpg,ISIC_7061494.jpg,0.6516158580780029
ISIC_1510820.jpg,ISIC_7062201.jpg,0.1752537041902542
ISIC_1510820.jpg,ISIC_7063177.jpg,0.8705781102180481
ISIC_1510820.jpg,ISIC_7064337.jpg,0.498814195394516
ISIC_1510820.jpg,ISIC_7064511.jpg,0.538628876209259
ISIC_1510820.jpg,ISIC_7064592.jpg,0.8249250650405884
ISIC_1510820.jpg,ISIC_7064704.jpg,0.7128902673721313
ISIC_1510820.jpg,ISIC_7068535.jpg,0.7475984692573547
ISIC_1510820.jpg,ISIC_7069639.jpg,0.7041006088256836
ISIC_1510820.jpg,ISIC_7074909.jpg,0.549585223197937
ISIC_1510820.jpg,ISIC_7075768.jpg,0.18957248330116272
ISIC_1510820.jpg,ISIC_7076194.jpg,0.7572557330131531
ISIC_1510820.jpg,ISIC_7076983.jpg,0.40870311856269836
ISIC_1510820.jpg,ISIC_7077024.jpg,0.48817285895347595
ISIC_1510820.jpg,ISIC_7078308.jpg,0.8650525808334351
ISIC_1510820.jpg,ISIC_7079491.jpg,0.7587878108024597
ISIC_1510820.jpg,ISIC_7080192.jpg,0.7906050086021423
ISIC_1510820.jpg,ISIC_7080469.jpg,0.6368393301963806
ISIC_1510820.jpg,ISIC_7080556.jpg,0.8930704593658447
ISIC_1510820.jpg,ISIC_7081220.jpg,0.7597517371177673
ISIC_1510820.jpg,ISIC_7081223.jpg,0.6127073168754578
ISIC_1510820.jpg,ISIC_7082609.jpg,0.5116705894470215
ISIC_1510820.jpg,ISIC_7084116.jpg,0.22881802916526794
ISIC_1510820.jpg,ISIC_7085260.jpg,0.6599090695381165
ISIC_1510820.jpg,ISIC_7087406.jpg,0.8193302750587463
ISIC_1510820.jpg,ISIC_7091133.jpg,0.5711275935173035
ISIC_1510820.jpg,ISIC_7092566.jpg,0.572422444820404
ISIC_1510820.jpg,ISIC_7094353.jpg,0.7591171860694885
ISIC_1510820.jpg,ISIC_7094448.jpg,0.8679078817367554
ISIC_1510820.jpg,ISIC_7095065.jpg,0.7526628971099854
ISIC_1510820.jpg,ISIC_7099778.jpg,0.8176551461219788
ISIC_1510820.jpg,ISIC_7101448.jpg,0.18984967470169067
ISIC_1510820.jpg,ISIC_7101450.jpg,0.802884578704834
ISIC_1510820.jpg,ISIC_7102106.jpg,0.6573267579078674
ISIC_1510820.jpg,ISIC_7102421.jpg,0.7711594104766846
ISIC_1510820.jpg,ISIC_7102450.jpg,0.5802080035209656
ISIC_1510820.jpg,ISIC_7103029.jpg,0.7691983580589294
ISIC_1510820.jpg,ISIC_7105259.jpg,0.5637873411178589
ISIC_1510820.jpg,ISIC_7105294.jpg,0.6549772620201111
ISIC_1510820.jpg,ISIC_7109036.jpg,0.7852944731712341
ISIC_1510820.jpg,ISIC_7110004.jpg,0.210876926779747
ISIC_1510820.jpg,ISIC_7112065.jpg,0.6027824878692627
ISIC_1510820.jpg,ISIC_7113087.jpg,0.456148624420166
ISIC_1510820.jpg,ISIC_7113110.jpg,0.5263764262199402
ISIC_1510820.jpg,ISIC_7113256.jpg,0.7806535363197327
ISIC_1510820.jpg,ISIC_7113418.jpg,0.8654532432556152
ISIC_1510820.jpg,ISIC_7113586.jpg,0.6300179362297058
ISIC_1510820.jpg,ISIC_7114023.jpg,0.6848479509353638
ISIC_1510820.jpg,ISIC_7114727.jpg,0.2737027108669281
ISIC_1510820.jpg,ISIC_7114912.jpg,0.7119223475456238
ISIC_1510820.jpg,ISIC_7115225.jpg,0.7815496921539307
ISIC_1510820.jpg,ISIC_7116294.jpg,0.5921895503997803
ISIC_1510820.jpg,ISIC_7116684.jpg,0.6586788892745972
ISIC_1510820.jpg,ISIC_7119932.jpg,0.6841075420379639
ISIC_1510820.jpg,ISIC_7120406.jpg,0.5138275623321533
ISIC_1510820.jpg,ISIC_7127226.jpg,0.4673251509666443
ISIC_1510820.jpg,ISIC_7129969.jpg,0.8372603058815002
ISIC_1510820.jpg,ISIC_7132534.jpg,0.25299960374832153
ISIC_1510820.jpg,ISIC_7132780.jpg,0.5116469264030457
ISIC_1510820.jpg,ISIC_7132896.jpg,0.673903226852417
ISIC_1510820.jpg,ISIC_7133530.jpg,0.8134012818336487
ISIC_1510820.jpg,ISIC_7135160.jpg,0.15723532438278198
ISIC_1510820.jpg,ISIC_7135304.jpg,0.3046432435512543
ISIC_1510820.jpg,ISIC_7139089.jpg,0.37438806891441345
ISIC_1510820.jpg,ISIC_7141412.jpg,0.8923743367195129
ISIC_1510820.jpg,ISIC_7142335.jpg,0.7558600902557373
ISIC_1510820.jpg,ISIC_7142471.jpg,0.688291609287262
ISIC_1510820.jpg,ISIC_7142776.jpg,0.7112898230552673
ISIC_1510820.jpg,ISIC_7142991.jpg,0.0975320041179657
ISIC_1510820.jpg,ISIC_7145784.jpg,0.7075253129005432
ISIC_1510820.jpg,ISIC_7146714.jpg,0.6739341616630554
ISIC_1510820.jpg,ISIC_7152033.jpg,0.5806728005409241
ISIC_1510820.jpg,ISIC_7152851.jpg,0.4520301818847656
ISIC_1510820.jpg,ISIC_7153281.jpg,0.38371527194976807
ISIC_1510820.jpg,ISIC_7154902.jpg,0.4627523422241211
ISIC_1510820.jpg,ISIC_7154992.jpg,0.558096706867218
ISIC_1510820.jpg,ISIC_7155184.jpg,0.8388375043869019
ISIC_1510820.jpg,ISIC_7158189.jpg,0.6893702745437622
ISIC_1510820.jpg,ISIC_7159168.jpg,0.6852298378944397
ISIC_1510820.jpg,ISIC_7159776.jpg,0.7064279317855835
ISIC_1510820.jpg,ISIC_7167759.jpg,0.25754567980766296
ISIC_1510820.jpg,ISIC_7168654.jpg,0.07474451512098312
ISIC_1510820.jpg,ISIC_7169582.jpg,0.8127307891845703
ISIC_1510820.jpg,ISIC_7170016.jpg,0.6126635074615479
ISIC_1510820.jpg,ISIC_7171310.jpg,0.47870826721191406
ISIC_1510820.jpg,ISIC_7171951.jpg,0.835301399230957
ISIC_1510820.jpg,ISIC_7174145.jpg,0.35432034730911255
ISIC_1510820.jpg,ISIC_7174811.jpg,0.5586979389190674
ISIC_1510820.jpg,ISIC_7175329.jpg,0.26101237535476685
ISIC_1510820.jpg,ISIC_7179756.jpg,0.7471791505813599
ISIC_1510820.jpg,ISIC_7180429.jpg,0.46818670630455017
ISIC_1510820.jpg,ISIC_7180740.jpg,0.7751035690307617
ISIC_1510820.jpg,ISIC_7184527.jpg,0.81907719373703
ISIC_1510820.jpg,ISIC_7185224.jpg,0.8702806234359741
ISIC_1510820.jpg,ISIC_7185618.jpg,0.7871058583259583
ISIC_1510820.jpg,ISIC_7188491.jpg,0.47826775908470154
ISIC_1510820.jpg,ISIC_7188780.jpg,0.651154637336731
ISIC_1510820.jpg,ISIC_7189518.jpg,0.7931357026100159
ISIC_1510820.jpg,ISIC_7190153.jpg,0.42303338646888733
ISIC_1510820.jpg,ISIC_7190671.jpg,0.35740891098976135
ISIC_1510820.jpg,ISIC_7191641.jpg,0.6916326284408569
ISIC_1510820.jpg,ISIC_7192464.jpg,0.5916605591773987
ISIC_1510820.jpg,ISIC_7192471.jpg,0.8302198052406311
ISIC_1510820.jpg,ISIC_7192748.jpg,0.6924641728401184
ISIC_1510820.jpg,ISIC_7193199.jpg,0.7967674136161804
ISIC_1510820.jpg,ISIC_7195248.jpg,0.5940220952033997
ISIC_1510820.jpg,ISIC_7195286.jpg,0.27070170640945435
ISIC_1510820.jpg,ISIC_7196620.jpg,0.8114739060401917
ISIC_1510820.jpg,ISIC_7198276.jpg,0.38114312291145325
ISIC_1510820.jpg,ISIC_7200910.jpg,0.35113057494163513
ISIC_1510820.jpg,ISIC_7200911.jpg,0.7206344604492188
ISIC_1510820.jpg,ISIC_7201379.jpg,0.8101434111595154
ISIC_1510820.jpg,ISIC_7202197.jpg,0.4330698549747467
ISIC_1510820.jpg,ISIC_7202841.jpg,0.29327845573425293
ISIC_1510820.jpg,ISIC_7205346.jpg,0.5456593632698059
ISIC_1510820.jpg,ISIC_7205470.jpg,0.8447221517562866
ISIC_1510820.jpg,ISIC_7206270.jpg,0.30108898878097534
ISIC_1510820.jpg,ISIC_7206758.jpg,0.8894848227500916
ISIC_1510820.jpg,ISIC_7207612.jpg,0.7868806719779968
ISIC_1510820.jpg,ISIC_7208438.jpg,0.54746013879776
ISIC_1510820.jpg,ISIC_7208452.jpg,0.3301405906677246
ISIC_1510820.jpg,ISIC_7209713.jpg,0.7041215300559998
ISIC_1510820.jpg,ISIC_7211673.jpg,0.7677068114280701
ISIC_1510820.jpg,ISIC_7213439.jpg,0.38087230920791626
ISIC_1510820.jpg,ISIC_7213459.jpg,0.5400631427764893
ISIC_1510820.jpg,ISIC_7216563.jpg,0.39179185032844543
ISIC_1510820.jpg,ISIC_7217280.jpg,0.21224240958690643
ISIC_1510820.jpg,ISIC_7217766.jpg,0.47391465306282043
ISIC_1510820.jpg,ISIC_7218038.jpg,0.7204989790916443
ISIC_1510820.jpg,ISIC_7218942.jpg,0.6296899914741516
ISIC_1510820.jpg,ISIC_7222316.jpg,0.8407642245292664
ISIC_1510820.jpg,ISIC_7223807.jpg,0.6630200743675232
ISIC_1510820.jpg,ISIC_7225062.jpg,0.6413804888725281
ISIC_1510820.jpg,ISIC_7227997.jpg,0.8642385005950928
ISIC_1510820.jpg,ISIC_7233451.jpg,0.2065548449754715
ISIC_1510820.jpg,ISIC_7233969.jpg,0.6724817752838135
ISIC_1510820.jpg,ISIC_7234089.jpg,0.2754337787628174
ISIC_1510820.jpg,ISIC_7235152.jpg,0.8772550821304321
ISIC_1510820.jpg,ISIC_7235719.jpg,0.7169380187988281
ISIC_1510820.jpg,ISIC_7236296.jpg,0.6833693385124207
ISIC_1510820.jpg,ISIC_7236531.jpg,0.8164077997207642
ISIC_1510820.jpg,ISIC_7237885.jpg,0.5757907032966614
ISIC_1510820.jpg,ISIC_7239806.jpg,0.7814579010009766
ISIC_1510820.jpg,ISIC_7240170.jpg,0.5528255701065063
ISIC_1510820.jpg,ISIC_7240964.jpg,0.5458753108978271
ISIC_1510820.jpg,ISIC_7244482.jpg,0.7787886261940002
ISIC_1510820.jpg,ISIC_7247219.jpg,0.8051509261131287
ISIC_1510820.jpg,ISIC_7248498.jpg,0.9119898676872253
ISIC_1510820.jpg,ISIC_7249001.jpg,0.4489178955554962
ISIC_1510820.jpg,ISIC_7251830.jpg,0.37335821986198425
ISIC_1510820.jpg,ISIC_7252720.jpg,0.5519957542419434
ISIC_1510820.jpg,ISIC_7252876.jpg,0.7832466959953308
ISIC_1510820.jpg,ISIC_7253599.jpg,0.7124138474464417
ISIC_1510820.jpg,ISIC_7253799.jpg,0.6627219319343567
ISIC_1510820.jpg,ISIC_7254179.jpg,0.8406473994255066
ISIC_1510820.jpg,ISIC_7256487.jpg,0.8461436629295349
ISIC_1510820.jpg,ISIC_7259222.jpg,0.5776923894882202
ISIC_1510820.jpg,ISIC_7259800.jpg,0.1994726061820984
ISIC_1510820.jpg,ISIC_7261608.jpg,0.5855206847190857
ISIC_1510820.jpg,ISIC_7263763.jpg,0.8282128572463989
ISIC_1510820.jpg,ISIC_7264521.jpg,0.8152446150779724
ISIC_1510820.jpg,ISIC_7264689.jpg,0.49580687284469604
ISIC_1510820.jpg,ISIC_7264722.jpg,0.5219714641571045
ISIC_1510820.jpg,ISIC_7265782.jpg,0.7874506711959839
ISIC_1510820.jpg,ISIC_7266688.jpg,0.7455711364746094
ISIC_1510820.jpg,ISIC_7267148.jpg,0.28676122426986694
ISIC_1510820.jpg,ISIC_7267800.jpg,0.8555079698562622
ISIC_1510820.jpg,ISIC_7268291.jpg,0.26245394349098206
ISIC_1510820.jpg,ISIC_7268637.jpg,0.834479033946991
ISIC_1510820.jpg,ISIC_7280569.jpg,0.7697755694389343
ISIC_1510820.jpg,ISIC_7281152.jpg,0.7640387415885925
ISIC_1510820.jpg,ISIC_7281652.jpg,0.8288566470146179
ISIC_1510820.jpg,ISIC_7284217.jpg,0.7446506023406982
ISIC_1510820.jpg,ISIC_7285430.jpg,0.5149852633476257
ISIC_1510820.jpg,ISIC_7289947.jpg,0.4079147279262543
ISIC_1510820.jpg,ISIC_7352675.jpg,0.5641757249832153
ISIC_1510820.jpg,ISIC_7362188.jpg,0.7770103216171265
ISIC_1510820.jpg,ISIC_7366427.jpg,0.8564614057540894
ISIC_1510820.jpg,ISIC_7367079.jpg,0.8945713043212891
ISIC_1510820.jpg,ISIC_7367641.jpg,0.8210469484329224
ISIC_1510820.jpg,ISIC_7373084.jpg,0.49838221073150635
ISIC_1510820.jpg,ISIC_7373877.jpg,0.4518798887729645
ISIC_1510820.jpg,ISIC_7374271.jpg,0.5546790957450867
ISIC_1510820.jpg,ISIC_7375926.jpg,0.5276759266853333
ISIC_1510820.jpg,ISIC_7379934.jpg,0.4715336561203003
ISIC_1510820.jpg,ISIC_7382419.jpg,0.7227979302406311
ISIC_1510820.jpg,ISIC_7383713.jpg,0.5024322867393494
ISIC_1510820.jpg,ISIC_7384016.jpg,0.332720547914505
ISIC_1510820.jpg,ISIC_7384826.jpg,0.4596835970878601
ISIC_1510820.jpg,ISIC_7385553.jpg,0.24016356468200684
ISIC_1510820.jpg,ISIC_7392354.jpg,0.7475427985191345
ISIC_1510820.jpg,ISIC_7394850.jpg,0.4656754732131958
ISIC_1510820.jpg,ISIC_7397275.jpg,0.8923645615577698
ISIC_1510820.jpg,ISIC_7398705.jpg,0.7925503253936768
ISIC_1510820.jpg,ISIC_7399356.jpg,0.45772624015808105
ISIC_1510820.jpg,ISIC_7401344.jpg,0.2790801227092743
ISIC_1510820.jpg,ISIC_7401900.jpg,0.8545168042182922
ISIC_1510820.jpg,ISIC_7405314.jpg,0.7364518046379089
ISIC_1510820.jpg,ISIC_7409499.jpg,0.49916645884513855
ISIC_1510820.jpg,ISIC_7413080.jpg,0.8560539484024048
ISIC_1510820.jpg,ISIC_7413622.jpg,0.3884443938732147
ISIC_1510820.jpg,ISIC_7415965.jpg,0.6900876760482788
ISIC_1510820.jpg,ISIC_7416462.jpg,0.6670551300048828
ISIC_1510820.jpg,ISIC_7418191.jpg,0.40087395906448364
ISIC_1510820.jpg,ISIC_7418611.jpg,0.903719961643219
ISIC_1510820.jpg,ISIC_7419326.jpg,0.755831778049469
ISIC_1510820.jpg,ISIC_7420003.jpg,0.7595092058181763
ISIC_1510820.jpg,ISIC_7420156.jpg,0.7608348727226257
ISIC_1510820.jpg,ISIC_7425333.jpg,0.7317306995391846
ISIC_1510820.jpg,ISIC_7426756.jpg,0.8719899654388428
ISIC_1510820.jpg,ISIC_7431726.jpg,0.40804699063301086
ISIC_1510820.jpg,ISIC_7433838.jpg,0.38931843638420105
ISIC_1510820.jpg,ISIC_7436486.jpg,0.7778476476669312
ISIC_1510820.jpg,ISIC_7436513.jpg,0.2968542277812958
ISIC_1510820.jpg,ISIC_7437829.jpg,0.5039494633674622
ISIC_1510820.jpg,ISIC_7438856.jpg,0.6186143755912781
ISIC_1510820.jpg,ISIC_7440908.jpg,0.8689326643943787
ISIC_1510820.jpg,ISIC_7442694.jpg,0.12403611093759537
ISIC_1510820.jpg,ISIC_7443279.jpg,0.1967862844467163
ISIC_1510820.jpg,ISIC_7445432.jpg,0.6882951259613037
ISIC_1510820.jpg,ISIC_7445535.jpg,0.6436578035354614
ISIC_1510820.jpg,ISIC_7445753.jpg,0.447694331407547
ISIC_1510820.jpg,ISIC_7446208.jpg,0.8397961854934692
ISIC_1510820.jpg,ISIC_7448043.jpg,0.7411637306213379
ISIC_1510820.jpg,ISIC_7450400.jpg,0.6924511790275574
ISIC_1510820.jpg,ISIC_7451544.jpg,0.7693036198616028
ISIC_1510820.jpg,ISIC_7452111.jpg,0.7016648054122925
ISIC_1510820.jpg,ISIC_7452361.jpg,0.7573510408401489
ISIC_1510820.jpg,ISIC_7452557.jpg,0.48509761691093445
ISIC_1510820.jpg,ISIC_7453678.jpg,0.296395868062973
ISIC_1510820.jpg,ISIC_7457700.jpg,0.2675664722919464
ISIC_1510820.jpg,ISIC_7458062.jpg,0.8292139172554016
ISIC_1510820.jpg,ISIC_7458366.jpg,0.7561940550804138
ISIC_1510820.jpg,ISIC_7460098.jpg,0.8047090768814087
ISIC_1510820.jpg,ISIC_7461873.jpg,0.38111597299575806
ISIC_1510820.jpg,ISIC_7463689.jpg,0.6620433330535889
ISIC_1510820.jpg,ISIC_7464332.jpg,0.72116619348526
ISIC_1510820.jpg,ISIC_7465205.jpg,0.8455677628517151
ISIC_1510820.jpg,ISIC_7466378.jpg,0.8802017569541931
ISIC_1510820.jpg,ISIC_7466714.jpg,0.6504107713699341
ISIC_1510820.jpg,ISIC_7469476.jpg,0.8183670043945312
ISIC_1510820.jpg,ISIC_7470317.jpg,0.5752754807472229
ISIC_1510820.jpg,ISIC_7471956.jpg,0.88709557056427
ISIC_1510820.jpg,ISIC_7472363.jpg,0.34983253479003906
ISIC_1510820.jpg,ISIC_7472702.jpg,0.9144807457923889
ISIC_1510820.jpg,ISIC_7475630.jpg,0.34884193539619446
ISIC_1510820.jpg,ISIC_7475644.jpg,0.06043485179543495
ISIC_1510820.jpg,ISIC_7476014.jpg,0.41385960578918457
ISIC_1510820.jpg,ISIC_7476093.jpg,0.7445260882377625
ISIC_1510820.jpg,ISIC_7480165.jpg,0.8846544027328491
ISIC_1510820.jpg,ISIC_7486739.jpg,0.4356161952018738
ISIC_1510820.jpg,ISIC_7486911.jpg,0.14037398993968964
ISIC_1510820.jpg,ISIC_7487858.jpg,0.7775434255599976
ISIC_1510820.jpg,ISIC_7488189.jpg,0.6781944036483765
ISIC_1510820.jpg,ISIC_7488192.jpg,0.7863441705703735
ISIC_1510820.jpg,ISIC_7488921.jpg,0.8300162553787231
ISIC_1510820.jpg,ISIC_7489203.jpg,0.5269216895103455
ISIC_1510820.jpg,ISIC_7490240.jpg,0.4597212076187134
ISIC_1510820.jpg,ISIC_7492542.jpg,0.45627298951148987
ISIC_1510820.jpg,ISIC_7495312.jpg,0.3848300576210022
ISIC_1510820.jpg,ISIC_7496557.jpg,0.5365648865699768
ISIC_1510820.jpg,ISIC_7497192.jpg,0.8952611088752747
ISIC_1510820.jpg,ISIC_7501669.jpg,0.836021900177002
ISIC_1510820.jpg,ISIC_7502317.jpg,0.5211225152015686
ISIC_1510820.jpg,ISIC_7502935.jpg,0.7257121801376343
ISIC_1510820.jpg,ISIC_7503199.jpg,0.6284093856811523
ISIC_1510820.jpg,ISIC_7504384.jpg,0.6964219212532043
ISIC_1510820.jpg,ISIC_7504825.jpg,0.5517675280570984
ISIC_1510820.jpg,ISIC_7505887.jpg,0.7428463101387024
ISIC_1510820.jpg,ISIC_7506745.jpg,0.656010091304779
ISIC_1510820.jpg,ISIC_7507905.jpg,0.7942029237747192
ISIC_1510820.jpg,ISIC_7511353.jpg,0.2604653537273407
ISIC_1510820.jpg,ISIC_7511434.jpg,0.8491365313529968
ISIC_1510820.jpg,ISIC_7511758.jpg,0.8166406750679016
ISIC_1510820.jpg,ISIC_7513617.jpg,0.7237275242805481
ISIC_1510820.jpg,ISIC_7513737.jpg,0.8305800557136536
ISIC_1510820.jpg,ISIC_7514527.jpg,0.321605920791626
ISIC_1510820.jpg,ISIC_7517764.jpg,0.7163301110267639
ISIC_1510820.jpg,ISIC_7518616.jpg,0.4563888609409332
ISIC_1510820.jpg,ISIC_7520133.jpg,0.6108590960502625
ISIC_1510820.jpg,ISIC_7522358.jpg,0.7160351872444153
ISIC_1510820.jpg,ISIC_7522632.jpg,0.39255034923553467
ISIC_1510820.jpg,ISIC_7522882.jpg,0.8795422911643982
ISIC_1510820.jpg,ISIC_7525904.jpg,0.8415970802307129
ISIC_1510820.jpg,ISIC_7526898.jpg,0.669434666633606
ISIC_1510820.jpg,ISIC_7526999.jpg,0.276335746049881
ISIC_1510820.jpg,ISIC_7527610.jpg,0.4109777510166168
ISIC_1510820.jpg,ISIC_7530370.jpg,0.35932570695877075
ISIC_1510820.jpg,ISIC_7533893.jpg,0.46723154187202454
ISIC_1510820.jpg,ISIC_7533998.jpg,0.7226575613021851
ISIC_1510820.jpg,ISIC_7536031.jpg,0.8880600333213806
ISIC_1510820.jpg,ISIC_7540410.jpg,0.6650527119636536
ISIC_1510820.jpg,ISIC_7540663.jpg,0.46112534403800964
ISIC_1510820.jpg,ISIC_7540893.jpg,0.30016475915908813
ISIC_1510820.jpg,ISIC_7541281.jpg,0.49350622296333313
ISIC_1510820.jpg,ISIC_7541564.jpg,0.8827898502349854
ISIC_1510820.jpg,ISIC_7549311.jpg,0.6936373114585876
ISIC_1510820.jpg,ISIC_7551036.jpg,0.3216419816017151
ISIC_1510820.jpg,ISIC_7551811.jpg,0.5008904933929443
ISIC_1510820.jpg,ISIC_7553223.jpg,0.6906131505966187
ISIC_1510820.jpg,ISIC_7553317.jpg,0.7034366130828857
ISIC_1510820.jpg,ISIC_7553987.jpg,0.3027861416339874
ISIC_1510820.jpg,ISIC_7554237.jpg,0.47976770997047424
ISIC_1510820.jpg,ISIC_7560441.jpg,0.36979734897613525
ISIC_1510820.jpg,ISIC_7562455.jpg,0.7541466951370239
ISIC_1510820.jpg,ISIC_7562805.jpg,0.6346419453620911
ISIC_1510820.jpg,ISIC_7563708.jpg,0.7056279182434082
ISIC_1510820.jpg,ISIC_7563835.jpg,0.4290767014026642
ISIC_1510820.jpg,ISIC_7566175.jpg,0.5346515774726868
ISIC_1510820.jpg,ISIC_7567821.jpg,0.48572951555252075
ISIC_1510820.jpg,ISIC_7570492.jpg,0.08525660634040833
ISIC_1510820.jpg,ISIC_7573213.jpg,0.7200788855552673
ISIC_1510820.jpg,ISIC_7573463.jpg,0.8209166526794434
ISIC_1510820.jpg,ISIC_7574085.jpg,0.41193124651908875
ISIC_1510820.jpg,ISIC_7575027.jpg,0.24288982152938843
ISIC_1510820.jpg,ISIC_7576311.jpg,0.6373596787452698
ISIC_1510820.jpg,ISIC_7577155.jpg,0.8768202662467957
ISIC_1510820.jpg,ISIC_7577303.jpg,0.6973695158958435
ISIC_1510820.jpg,ISIC_7578283.jpg,0.6734286546707153
ISIC_1510820.jpg,ISIC_7579848.jpg,0.5194985866546631
ISIC_1510820.jpg,ISIC_7581451.jpg,0.6391378045082092
ISIC_1510820.jpg,ISIC_7581494.jpg,0.885949432849884
ISIC_1510820.jpg,ISIC_7582923.jpg,0.7562732100486755
ISIC_1510820.jpg,ISIC_7584134.jpg,0.6098755598068237
ISIC_1510820.jpg,ISIC_7584926.jpg,0.3720453679561615
ISIC_1510820.jpg,ISIC_7585202.jpg,0.5943896174430847
ISIC_1510820.jpg,ISIC_7585351.jpg,0.5771477222442627
ISIC_1510820.jpg,ISIC_7586290.jpg,0.6365914344787598
ISIC_1510820.jpg,ISIC_7587095.jpg,0.8635630011558533
ISIC_1510820.jpg,ISIC_7587191.jpg,0.23462463915348053
ISIC_1510820.jpg,ISIC_7587476.jpg,0.821102499961853
ISIC_1510820.jpg,ISIC_7588607.jpg,0.6337149739265442
ISIC_1510820.jpg,ISIC_7589420.jpg,0.8174243569374084
ISIC_1510820.jpg,ISIC_7589828.jpg,0.43022024631500244
ISIC_1510820.jpg,ISIC_7590061.jpg,0.47405296564102173
ISIC_1510820.jpg,ISIC_7590800.jpg,0.8006839752197266
ISIC_1510820.jpg,ISIC_7591125.jpg,0.7261584997177124
ISIC_1510820.jpg,ISIC_7591683.jpg,0.2964561879634857
ISIC_1510820.jpg,ISIC_7592323.jpg,0.8083241581916809
ISIC_1510820.jpg,ISIC_7593089.jpg,0.7230319976806641
ISIC_1510820.jpg,ISIC_7593339.jpg,0.37777191400527954
ISIC_1510820.jpg,ISIC_7595646.jpg,0.5136591196060181
ISIC_1510820.jpg,ISIC_7595718.jpg,0.10006707161664963
ISIC_1510820.jpg,ISIC_7598211.jpg,0.7705941200256348
ISIC_1510820.jpg,ISIC_7599726.jpg,0.5013890266418457
ISIC_1510820.jpg,ISIC_7599730.jpg,0.828526496887207
ISIC_1510820.jpg,ISIC_7599734.jpg,0.7439971566200256
ISIC_1510820.jpg,ISIC_7599882.jpg,0.7881209254264832
ISIC_1510820.jpg,ISIC_7600077.jpg,0.2823128402233124
ISIC_1510820.jpg,ISIC_7600777.jpg,0.7897334694862366
ISIC_1510820.jpg,ISIC_7603453.jpg,0.477843314409256
ISIC_1510820.jpg,ISIC_7604683.jpg,0.2479834109544754
ISIC_1510820.jpg,ISIC_7610042.jpg,0.4766209125518799
ISIC_1510820.jpg,ISIC_7611037.jpg,0.690841555595398
ISIC_1510820.jpg,ISIC_7611734.jpg,0.5451577305793762
ISIC_1510820.jpg,ISIC_7613717.jpg,0.8478519916534424
ISIC_1510820.jpg,ISIC_7616219.jpg,0.67808598279953
ISIC_1510820.jpg,ISIC_7617371.jpg,0.8510919213294983
ISIC_1510820.jpg,ISIC_7617438.jpg,0.1882619708776474
ISIC_1510820.jpg,ISIC_7620523.jpg,0.7191818952560425
ISIC_1510820.jpg,ISIC_7622418.jpg,0.8171945214271545
ISIC_1510820.jpg,ISIC_7623074.jpg,0.589084804058075
ISIC_1510820.jpg,ISIC_7623848.jpg,0.8126301765441895
ISIC_1510820.jpg,ISIC_7626131.jpg,0.43566516041755676
ISIC_1510820.jpg,ISIC_7627502.jpg,0.25973212718963623
ISIC_1510820.jpg,ISIC_7627576.jpg,0.21104992926120758
ISIC_1510820.jpg,ISIC_7627778.jpg,0.7973913550376892
ISIC_1510820.jpg,ISIC_7630288.jpg,0.4670989215373993
ISIC_1510820.jpg,ISIC_7630611.jpg,0.6696718335151672
ISIC_1510820.jpg,ISIC_7635759.jpg,0.7847327589988708
ISIC_1510820.jpg,ISIC_7636162.jpg,0.23564821481704712
ISIC_1510820.jpg,ISIC_7636412.jpg,0.47740796208381653
ISIC_1510820.jpg,ISIC_7636842.jpg,0.574307382106781
ISIC_1510820.jpg,ISIC_7636930.jpg,0.6139855980873108
ISIC_1510820.jpg,ISIC_7637046.jpg,0.8407995700836182
ISIC_1510820.jpg,ISIC_7638072.jpg,0.7622970342636108
ISIC_1510820.jpg,ISIC_7638885.jpg,0.6304985284805298
ISIC_1510820.jpg,ISIC_7640239.jpg,0.7900341749191284
ISIC_1510820.jpg,ISIC_7644360.jpg,0.5120828151702881
ISIC_1510820.jpg,ISIC_7644866.jpg,0.5849615931510925
ISIC_1510820.jpg,ISIC_7649184.jpg,0.7987097501754761
ISIC_1510820.jpg,ISIC_7651538.jpg,0.9169511795043945
ISIC_1510820.jpg,ISIC_7651760.jpg,0.5232328772544861
ISIC_1510820.jpg,ISIC_7653328.jpg,0.7805984616279602
ISIC_1510820.jpg,ISIC_7654912.jpg,0.7443732619285583
ISIC_1510820.jpg,ISIC_7656837.jpg,0.20934507250785828
ISIC_1510820.jpg,ISIC_7656871.jpg,0.58061283826828
ISIC_1510820.jpg,ISIC_7657493.jpg,0.20392920076847076
ISIC_1510820.jpg,ISIC_7658312.jpg,0.32009798288345337
ISIC_1510820.jpg,ISIC_7660676.jpg,0.7013542056083679
ISIC_1510820.jpg,ISIC_7662282.jpg,0.40545564889907837
ISIC_1510820.jpg,ISIC_7663385.jpg,0.35029545426368713
ISIC_1510820.jpg,ISIC_7665759.jpg,0.4074667990207672
ISIC_1510820.jpg,ISIC_7667543.jpg,0.862797737121582
ISIC_1510820.jpg,ISIC_7667553.jpg,0.6846674084663391
ISIC_1510820.jpg,ISIC_7667909.jpg,0.8331068754196167
ISIC_1510820.jpg,ISIC_7668118.jpg,0.3410809636116028
ISIC_1510820.jpg,ISIC_7669867.jpg,0.6619923114776611
ISIC_1510820.jpg,ISIC_7671624.jpg,0.8381581902503967
ISIC_1510820.jpg,ISIC_7672975.jpg,0.6677874326705933
ISIC_1510820.jpg,ISIC_7673649.jpg,0.7495690584182739
ISIC_1510820.jpg,ISIC_7674913.jpg,0.26917383074760437
ISIC_1510820.jpg,ISIC_7679244.jpg,0.7526383399963379
ISIC_1510820.jpg,ISIC_7680807.jpg,0.8978917002677917
ISIC_1510820.jpg,ISIC_7682110.jpg,0.6541018486022949
ISIC_1510820.jpg,ISIC_7683015.jpg,0.6827324628829956
ISIC_1510820.jpg,ISIC_7684185.jpg,0.1901266872882843
ISIC_1510820.jpg,ISIC_7684478.jpg,0.39871546626091003
ISIC_1510820.jpg,ISIC_7685786.jpg,0.11293570697307587
ISIC_1510820.jpg,ISIC_7689193.jpg,0.5542019605636597
ISIC_1510820.jpg,ISIC_7692562.jpg,0.901450514793396
ISIC_1510820.jpg,ISIC_7695262.jpg,0.7396244406700134
ISIC_1510820.jpg,ISIC_7697239.jpg,0.7271665334701538
ISIC_1510820.jpg,ISIC_7697976.jpg,0.4374178647994995
ISIC_1510820.jpg,ISIC_7701922.jpg,0.7829114198684692
ISIC_1510820.jpg,ISIC_7704226.jpg,0.7651768922805786
ISIC_1510820.jpg,ISIC_7708303.jpg,0.814450740814209
ISIC_1510820.jpg,ISIC_7709533.jpg,0.8512347936630249
ISIC_1510820.jpg,ISIC_7710261.jpg,0.5975269675254822
ISIC_1510820.jpg,ISIC_7711587.jpg,0.3078056573867798
ISIC_1510820.jpg,ISIC_7713266.jpg,0.5535399317741394
ISIC_1510820.jpg,ISIC_7713989.jpg,0.8171890377998352
ISIC_1510820.jpg,ISIC_7716813.jpg,0.7412362098693848
ISIC_1510820.jpg,ISIC_7717659.jpg,0.8285400867462158
ISIC_1510820.jpg,ISIC_7718013.jpg,0.5577409863471985
ISIC_1510820.jpg,ISIC_7722840.jpg,0.7886396050453186
ISIC_1510820.jpg,ISIC_7723435.jpg,0.873145580291748
ISIC_1510820.jpg,ISIC_7724330.jpg,0.37575098872184753
ISIC_1510820.jpg,ISIC_7725016.jpg,0.41829511523246765
ISIC_1510820.jpg,ISIC_7725975.jpg,0.712260901927948
ISIC_1510820.jpg,ISIC_7727226.jpg,0.7232567071914673
ISIC_1510820.jpg,ISIC_7729587.jpg,0.8617239594459534
ISIC_1510820.jpg,ISIC_7731414.jpg,0.7581350803375244
ISIC_1510820.jpg,ISIC_7733324.jpg,0.8220804929733276
ISIC_1510820.jpg,ISIC_7733430.jpg,0.7064030170440674
ISIC_1510820.jpg,ISIC_7733738.jpg,0.5641815066337585
ISIC_1510820.jpg,ISIC_7733862.jpg,0.32942163944244385
ISIC_1510820.jpg,ISIC_7736823.jpg,0.8445055484771729
ISIC_1510820.jpg,ISIC_7737938.jpg,0.7386105060577393
ISIC_1510820.jpg,ISIC_7740348.jpg,0.4430996775627136
ISIC_1510820.jpg,ISIC_7743612.jpg,0.627350389957428
ISIC_1510820.jpg,ISIC_7744928.jpg,0.5958639979362488
ISIC_1510820.jpg,ISIC_7750466.jpg,0.8850288391113281
ISIC_1510820.jpg,ISIC_7750754.jpg,0.7985460162162781
ISIC_1510820.jpg,ISIC_7753184.jpg,0.7909929156303406
ISIC_1510820.jpg,ISIC_7753214.jpg,0.8989760279655457
ISIC_1510820.jpg,ISIC_7753758.jpg,0.5565171837806702
ISIC_1510820.jpg,ISIC_7754315.jpg,0.6509796380996704
ISIC_1510820.jpg,ISIC_7754398.jpg,0.7838736176490784
ISIC_1510820.jpg,ISIC_7756539.jpg,0.9021177291870117
ISIC_1510820.jpg,ISIC_7756930.jpg,0.738555908203125
ISIC_1510820.jpg,ISIC_7761552.jpg,0.24534562230110168
ISIC_1510820.jpg,ISIC_7764199.jpg,0.3922133445739746
ISIC_1510820.jpg,ISIC_7764660.jpg,0.24271750450134277
ISIC_1510820.jpg,ISIC_7766238.jpg,0.7540261745452881
ISIC_1510820.jpg,ISIC_7766708.jpg,0.8785833120346069
ISIC_1510820.jpg,ISIC_7769967.jpg,0.5275425910949707
ISIC_1510820.jpg,ISIC_7770700.jpg,0.6714655160903931
ISIC_1510820.jpg,ISIC_7773170.jpg,0.7210039496421814
ISIC_1510820.jpg,ISIC_7774245.jpg,0.6597223281860352
ISIC_1510820.jpg,ISIC_7775286.jpg,0.6763637661933899
ISIC_1510820.jpg,ISIC_7778585.jpg,0.4290512800216675
ISIC_1510820.jpg,ISIC_7779204.jpg,0.5135746598243713
ISIC_1510820.jpg,ISIC_7779819.jpg,0.3366764187812805
ISIC_1510820.jpg,ISIC_7779978.jpg,0.4127509295940399
ISIC_1510820.jpg,ISIC_7781376.jpg,0.2678437829017639
ISIC_1510820.jpg,ISIC_7781873.jpg,0.49417874217033386
ISIC_1510820.jpg,ISIC_7781890.jpg,0.7963669300079346
ISIC_1510820.jpg,ISIC_7784350.jpg,0.7524872422218323
ISIC_1510820.jpg,ISIC_7785749.jpg,0.7297198176383972
ISIC_1510820.jpg,ISIC_7788266.jpg,0.3426724374294281
ISIC_1510820.jpg,ISIC_7789951.jpg,0.9047399163246155
ISIC_1510820.jpg,ISIC_7791160.jpg,0.6186663508415222
ISIC_1510820.jpg,ISIC_7791220.jpg,0.7929137349128723
ISIC_1510820.jpg,ISIC_7794460.jpg,0.8076046705245972
ISIC_1510820.jpg,ISIC_7799170.jpg,0.25976040959358215
ISIC_1510820.jpg,ISIC_7800457.jpg,0.578195333480835
ISIC_1510820.jpg,ISIC_7800797.jpg,0.7399893403053284
ISIC_1510820.jpg,ISIC_7801187.jpg,0.5261725783348083
ISIC_1510820.jpg,ISIC_7803451.jpg,0.8726016879081726
ISIC_1510820.jpg,ISIC_7803555.jpg,0.7417770028114319
ISIC_1510820.jpg,ISIC_7804428.jpg,0.5278400778770447
ISIC_1510820.jpg,ISIC_7804487.jpg,0.6565335988998413
ISIC_1510820.jpg,ISIC_7804865.jpg,0.5131396055221558
ISIC_1510820.jpg,ISIC_7805224.jpg,0.7143993973731995
ISIC_1510820.jpg,ISIC_7805245.jpg,0.6580201387405396
ISIC_1510820.jpg,ISIC_7805593.jpg,0.4562903642654419
ISIC_1510820.jpg,ISIC_7806397.jpg,0.5711474418640137
ISIC_1510820.jpg,ISIC_7807204.jpg,0.672802746295929
ISIC_1510820.jpg,ISIC_7811647.jpg,0.848755955696106
ISIC_1510820.jpg,ISIC_7811700.jpg,0.739330530166626
ISIC_1510820.jpg,ISIC_7813650.jpg,0.8654390573501587
ISIC_1510820.jpg,ISIC_7813701.jpg,0.5879709720611572
ISIC_1510820.jpg,ISIC_7814337.jpg,0.5750503540039062
ISIC_1510820.jpg,ISIC_7816515.jpg,0.7364809513092041
ISIC_1510820.jpg,ISIC_7816675.jpg,0.2832966148853302
ISIC_1510820.jpg,ISIC_7817967.jpg,0.7595996260643005
ISIC_1510820.jpg,ISIC_7818146.jpg,0.3140611946582794
ISIC_1510820.jpg,ISIC_7824107.jpg,0.7080182433128357
ISIC_1510820.jpg,ISIC_7825185.jpg,0.7764850854873657
ISIC_1510820.jpg,ISIC_7827284.jpg,0.7544438242912292
ISIC_1510820.jpg,ISIC_7832143.jpg,0.2801944613456726
ISIC_1510820.jpg,ISIC_7833167.jpg,0.6765115261077881
ISIC_1510820.jpg,ISIC_7833479.jpg,0.2589143216609955
ISIC_1510820.jpg,ISIC_7834148.jpg,0.8281057476997375
ISIC_1510820.jpg,ISIC_7835022.jpg,0.8424551486968994
ISIC_1510820.jpg,ISIC_7835852.jpg,0.8037189841270447
ISIC_1510820.jpg,ISIC_7836684.jpg,0.15612448751926422
ISIC_1510820.jpg,ISIC_7837910.jpg,0.43318015336990356
ISIC_1510820.jpg,ISIC_7838894.jpg,0.6265650391578674
ISIC_1510820.jpg,ISIC_7841575.jpg,0.23836958408355713
ISIC_1510820.jpg,ISIC_7842633.jpg,0.4414733946323395
ISIC_1510820.jpg,ISIC_7842792.jpg,0.5071906447410583
ISIC_1510820.jpg,ISIC_7844469.jpg,0.43520599603652954
ISIC_1510820.jpg,ISIC_7844923.jpg,0.4569551944732666
ISIC_1510820.jpg,ISIC_7844958.jpg,0.822830080986023
ISIC_1510820.jpg,ISIC_7845902.jpg,0.8735988736152649
ISIC_1510820.jpg,ISIC_7846243.jpg,0.7121762037277222
ISIC_1510820.jpg,ISIC_7847120.jpg,0.7811241745948792
ISIC_1510820.jpg,ISIC_7847196.jpg,0.6729078888893127
ISIC_1510820.jpg,ISIC_7848111.jpg,0.8765154480934143
ISIC_1510820.jpg,ISIC_7849540.jpg,0.6123501062393188
ISIC_1510820.jpg,ISIC_7849547.jpg,0.19416089355945587
ISIC_1510820.jpg,ISIC_7851287.jpg,0.6102437376976013
ISIC_1510820.jpg,ISIC_7853900.jpg,0.35719290375709534
ISIC_1510820.jpg,ISIC_7857142.jpg,0.3481539487838745
ISIC_1510820.jpg,ISIC_7858885.jpg,0.7615190148353577
ISIC_1510820.jpg,ISIC_7860512.jpg,0.553632915019989
ISIC_1510820.jpg,ISIC_7861832.jpg,0.858059823513031
ISIC_1510820.jpg,ISIC_7862347.jpg,0.29622066020965576
ISIC_1510820.jpg,ISIC_7863452.jpg,0.7422873377799988
ISIC_1510820.jpg,ISIC_7863462.jpg,0.873325526714325
ISIC_1510820.jpg,ISIC_7863624.jpg,0.2610419690608978
ISIC_1510820.jpg,ISIC_7865262.jpg,0.8076967597007751
ISIC_1510820.jpg,ISIC_7866404.jpg,0.7201811671257019
ISIC_1510820.jpg,ISIC_7868581.jpg,0.8454570770263672
ISIC_1510820.jpg,ISIC_7872575.jpg,0.771870493888855
ISIC_1510820.jpg,ISIC_7873500.jpg,0.7564256191253662
ISIC_1510820.jpg,ISIC_7876012.jpg,0.5857636332511902
ISIC_1510820.jpg,ISIC_7876842.jpg,0.8009595274925232
ISIC_1510820.jpg,ISIC_7877822.jpg,0.2412889152765274
ISIC_1510820.jpg,ISIC_7880400.jpg,0.14440424740314484
ISIC_1510820.jpg,ISIC_7881142.jpg,0.7726749181747437
ISIC_1510820.jpg,ISIC_7881449.jpg,0.5680529475212097
ISIC_1510820.jpg,ISIC_7881583.jpg,0.7496509552001953
ISIC_1510820.jpg,ISIC_7883705.jpg,0.8218119740486145
ISIC_1510820.jpg,ISIC_7883929.jpg,0.7316798567771912
ISIC_1510820.jpg,ISIC_7884316.jpg,0.7308613061904907
ISIC_1510820.jpg,ISIC_7885342.jpg,0.36856594681739807
ISIC_1510820.jpg,ISIC_7888244.jpg,0.6400063633918762
ISIC_1510820.jpg,ISIC_7888355.jpg,0.16975350677967072
ISIC_1510820.jpg,ISIC_7889097.jpg,0.22619131207466125
ISIC_1510820.jpg,ISIC_7889482.jpg,0.7597743272781372
ISIC_1510820.jpg,ISIC_7889564.jpg,0.4268222749233246
ISIC_1510820.jpg,ISIC_7892693.jpg,0.8048060536384583
ISIC_1510820.jpg,ISIC_7896855.jpg,0.8508028984069824
ISIC_1510820.jpg,ISIC_7898290.jpg,0.8300397396087646
ISIC_1510820.jpg,ISIC_7901644.jpg,0.3579697906970978
ISIC_1510820.jpg,ISIC_7902499.jpg,0.8842459917068481
ISIC_1510820.jpg,ISIC_7903252.jpg,0.7544739246368408
ISIC_1510820.jpg,ISIC_7904453.jpg,0.7463648319244385
ISIC_1510820.jpg,ISIC_7904829.jpg,0.41443169116973877
ISIC_1510820.jpg,ISIC_7906425.jpg,0.29903072118759155
ISIC_1510820.jpg,ISIC_7907818.jpg,0.603560745716095
ISIC_1510820.jpg,ISIC_7910179.jpg,0.7396880388259888
ISIC_1510820.jpg,ISIC_7913461.jpg,0.6469964981079102
ISIC_1510820.jpg,ISIC_7916227.jpg,0.6829401254653931
ISIC_1510820.jpg,ISIC_7916312.jpg,0.7833263874053955
ISIC_1510820.jpg,ISIC_7916620.jpg,0.7792387008666992
ISIC_1510820.jpg,ISIC_7917687.jpg,0.23181721568107605
ISIC_1510820.jpg,ISIC_7918881.jpg,0.8331970572471619
ISIC_1510820.jpg,ISIC_7920594.jpg,0.7677564024925232
ISIC_1510820.jpg,ISIC_7921623.jpg,0.6199288964271545
ISIC_1510820.jpg,ISIC_7922587.jpg,0.5530902147293091
ISIC_1510820.jpg,ISIC_7923162.jpg,0.3081781566143036
ISIC_1510820.jpg,ISIC_7925249.jpg,0.7448784708976746
ISIC_1510820.jpg,ISIC_7926183.jpg,0.8403931856155396
ISIC_1510820.jpg,ISIC_7927194.jpg,0.8474847078323364
ISIC_1510820.jpg,ISIC_7927766.jpg,0.8577712178230286
ISIC_1510820.jpg,ISIC_7927872.jpg,0.28096550703048706
ISIC_1510820.jpg,ISIC_7933766.jpg,0.39771026372909546
ISIC_1510820.jpg,ISIC_7934933.jpg,0.8693524599075317
ISIC_1510820.jpg,ISIC_7937038.jpg,0.533103883266449
ISIC_1510820.jpg,ISIC_7939244.jpg,0.4266206622123718
ISIC_1510820.jpg,ISIC_7940557.jpg,0.14929595589637756
ISIC_1510820.jpg,ISIC_7941445.jpg,0.7833501100540161
ISIC_1510820.jpg,ISIC_7941553.jpg,0.1568486988544464
ISIC_1510820.jpg,ISIC_7941883.jpg,0.8545178771018982
ISIC_1510820.jpg,ISIC_7942433.jpg,0.49375423789024353
ISIC_1510820.jpg,ISIC_7945119.jpg,0.6945317983627319
ISIC_1510820.jpg,ISIC_7945724.jpg,0.6994108557701111
ISIC_1510820.jpg,ISIC_7946199.jpg,0.5509009957313538
ISIC_1510820.jpg,ISIC_7949118.jpg,0.4275490939617157
ISIC_1510820.jpg,ISIC_7949783.jpg,0.45028162002563477
ISIC_1510820.jpg,ISIC_7951953.jpg,0.8552819490432739
ISIC_1510820.jpg,ISIC_7953193.jpg,0.8226881623268127
ISIC_1510820.jpg,ISIC_7953713.jpg,0.823637843132019
ISIC_1510820.jpg,ISIC_7956211.jpg,0.2206646203994751
ISIC_1510820.jpg,ISIC_7956738.jpg,0.08551584184169769
ISIC_1510820.jpg,ISIC_7958352.jpg,0.5968980193138123
ISIC_1510820.jpg,ISIC_7958450.jpg,0.862835705280304
ISIC_1510820.jpg,ISIC_7960593.jpg,0.2642403542995453
ISIC_1510820.jpg,ISIC_7960890.jpg,0.7876008749008179
ISIC_1510820.jpg,ISIC_7965714.jpg,0.10671131312847137
ISIC_1510820.jpg,ISIC_7968234.jpg,0.4089604914188385
ISIC_1510820.jpg,ISIC_7969416.jpg,0.7654414772987366
ISIC_1510820.jpg,ISIC_7969975.jpg,0.6172266602516174
ISIC_1510820.jpg,ISIC_7974344.jpg,0.7220967411994934
ISIC_1510820.jpg,ISIC_7974685.jpg,0.21294787526130676
ISIC_1510820.jpg,ISIC_7974758.jpg,0.8573136329650879
ISIC_1510820.jpg,ISIC_7975018.jpg,0.6560046672821045
ISIC_1510820.jpg,ISIC_7991392.jpg,0.807807207107544
ISIC_1510820.jpg,ISIC_7991645.jpg,0.8469615578651428
ISIC_1510820.jpg,ISIC_8024498.jpg,0.5497480630874634
ISIC_1510820.jpg,ISIC_8031116.jpg,0.6476202011108398
ISIC_1510820.jpg,ISIC_8038522.jpg,0.10625418275594711
ISIC_1510820.jpg,ISIC_8039634.jpg,0.684760332107544
ISIC_1510820.jpg,ISIC_8039807.jpg,0.6136720776557922
ISIC_1510820.jpg,ISIC_8045425.jpg,0.23541340231895447
ISIC_1510820.jpg,ISIC_8074146.jpg,0.41448816657066345
ISIC_1510820.jpg,ISIC_8083476.jpg,0.8560746908187866
ISIC_1510820.jpg,ISIC_8105127.jpg,0.6595651507377625
ISIC_1510820.jpg,ISIC_8106490.jpg,0.4671928286552429
ISIC_1510820.jpg,ISIC_8108065.jpg,0.5076013207435608
ISIC_1510820.jpg,ISIC_8108132.jpg,0.7962126135826111
ISIC_1510820.jpg,ISIC_8109696.jpg,0.6905382871627808
ISIC_1510820.jpg,ISIC_8111571.jpg,0.6321472525596619
ISIC_1510820.jpg,ISIC_8111800.jpg,0.8295979499816895
ISIC_1510820.jpg,ISIC_8113829.jpg,0.49997127056121826
ISIC_1510820.jpg,ISIC_8115282.jpg,0.724768340587616
ISIC_1510820.jpg,ISIC_8119887.jpg,0.8502119183540344
ISIC_1510820.jpg,ISIC_8119925.jpg,0.7450239658355713
ISIC_1510820.jpg,ISIC_8120614.jpg,0.6102165579795837
ISIC_1510820.jpg,ISIC_8122278.jpg,0.7144332528114319
ISIC_1510820.jpg,ISIC_8122560.jpg,0.7811812162399292
ISIC_1510820.jpg,ISIC_8125150.jpg,0.727027416229248
ISIC_1510820.jpg,ISIC_8128662.jpg,0.6357212662696838
ISIC_1510820.jpg,ISIC_8128698.jpg,0.7512025237083435
ISIC_1510820.jpg,ISIC_8130168.jpg,0.6931908130645752
ISIC_1510820.jpg,ISIC_8130468.jpg,0.7155252695083618
ISIC_1510820.jpg,ISIC_8131069.jpg,0.6280084848403931
ISIC_1510820.jpg,ISIC_8131501.jpg,0.5677993297576904
ISIC_1510820.jpg,ISIC_8131838.jpg,0.8237601518630981
ISIC_1510820.jpg,ISIC_8134340.jpg,0.1421908736228943
ISIC_1510820.jpg,ISIC_8134560.jpg,0.7188034653663635
ISIC_1510820.jpg,ISIC_8135508.jpg,0.6226207613945007
ISIC_1510820.jpg,ISIC_8135585.jpg,0.6388167142868042
ISIC_1510820.jpg,ISIC_8136476.jpg,0.70305997133255
ISIC_1510820.jpg,ISIC_8136608.jpg,0.5963453650474548
ISIC_1510820.jpg,ISIC_8138606.jpg,0.8402941823005676
ISIC_1510820.jpg,ISIC_8139780.jpg,0.5637755393981934
ISIC_1510820.jpg,ISIC_8143813.jpg,0.6650151014328003
ISIC_1510820.jpg,ISIC_8143966.jpg,0.6772879958152771
ISIC_1510820.jpg,ISIC_8144137.jpg,0.8129485249519348
ISIC_1510820.jpg,ISIC_8145729.jpg,0.19454579055309296
ISIC_1510820.jpg,ISIC_8147475.jpg,0.4928341507911682
ISIC_1510820.jpg,ISIC_8149637.jpg,0.5622531175613403
ISIC_1510820.jpg,ISIC_8149766.jpg,0.8294072151184082
ISIC_1510820.jpg,ISIC_8151681.jpg,0.819428563117981
ISIC_1510820.jpg,ISIC_8154548.jpg,0.41135185956954956
ISIC_1510820.jpg,ISIC_8155289.jpg,0.21419522166252136
ISIC_1510820.jpg,ISIC_8157391.jpg,0.7472869157791138
ISIC_1510820.jpg,ISIC_8159613.jpg,0.2706011235713959
ISIC_1510820.jpg,ISIC_8160347.jpg,0.8593006134033203
ISIC_1510820.jpg,ISIC_8161072.jpg,0.634189784526825
ISIC_1510820.jpg,ISIC_8161707.jpg,0.8394418358802795
ISIC_1510820.jpg,ISIC_8163612.jpg,0.38572248816490173
ISIC_1510820.jpg,ISIC_8165385.jpg,0.8544470071792603
ISIC_1510820.jpg,ISIC_8166112.jpg,0.7058573961257935
ISIC_1510820.jpg,ISIC_8167408.jpg,0.27229437232017517
ISIC_1510820.jpg,ISIC_8168431.jpg,0.8558564782142639
ISIC_1510820.jpg,ISIC_8171556.jpg,0.19735760986804962
ISIC_1510820.jpg,ISIC_8172884.jpg,0.7076399922370911
ISIC_1510820.jpg,ISIC_8173513.jpg,0.4217345118522644
ISIC_1510820.jpg,ISIC_8173707.jpg,0.7738239169120789
ISIC_1510820.jpg,ISIC_8176711.jpg,0.762843906879425
ISIC_1510820.jpg,ISIC_8178489.jpg,0.45799151062965393
ISIC_1510820.jpg,ISIC_8178720.jpg,0.6373757719993591
ISIC_1510820.jpg,ISIC_8179466.jpg,0.7151752710342407
ISIC_1510820.jpg,ISIC_8179931.jpg,0.3473818004131317
ISIC_1510820.jpg,ISIC_8179996.jpg,0.8538578152656555
ISIC_1510820.jpg,ISIC_8182216.jpg,0.09975540637969971
ISIC_1510820.jpg,ISIC_8185342.jpg,0.38028618693351746
ISIC_1510820.jpg,ISIC_8187725.jpg,0.16376034915447235
ISIC_1510820.jpg,ISIC_8187908.jpg,0.7652900218963623
ISIC_1510820.jpg,ISIC_8188409.jpg,0.31700652837753296
ISIC_1510820.jpg,ISIC_8189421.jpg,0.7041239738464355
ISIC_1510820.jpg,ISIC_8190844.jpg,0.8009878396987915
ISIC_1510820.jpg,ISIC_8191278.jpg,0.7258546352386475
ISIC_1510820.jpg,ISIC_8194816.jpg,0.341133177280426
ISIC_1510820.jpg,ISIC_8195106.jpg,0.5778675079345703
ISIC_1510820.jpg,ISIC_8196059.jpg,0.23670239746570587
ISIC_1510820.jpg,ISIC_8196688.jpg,0.8244034647941589
ISIC_1510820.jpg,ISIC_8197106.jpg,0.6898158192634583
ISIC_1510820.jpg,ISIC_8199232.jpg,0.19734954833984375
ISIC_1510820.jpg,ISIC_8200009.jpg,0.7025622129440308
ISIC_1510820.jpg,ISIC_8200852.jpg,0.7625236511230469
ISIC_1510820.jpg,ISIC_8200860.jpg,0.7690282464027405
ISIC_1510820.jpg,ISIC_8202664.jpg,0.3486200273036957
ISIC_1510820.jpg,ISIC_8203599.jpg,0.7223663330078125
ISIC_1510820.jpg,ISIC_8205569.jpg,0.7955183982849121
ISIC_1510820.jpg,ISIC_8206728.jpg,0.32459986209869385
ISIC_1510820.jpg,ISIC_8207167.jpg,0.5908652544021606
ISIC_1510820.jpg,ISIC_8208627.jpg,0.49468693137168884
ISIC_1510820.jpg,ISIC_8209167.jpg,0.55660080909729
ISIC_1510820.jpg,ISIC_8209208.jpg,0.744633138179779
ISIC_1510820.jpg,ISIC_8211041.jpg,0.6601874232292175
ISIC_1510820.jpg,ISIC_8212176.jpg,0.30769670009613037
ISIC_1510820.jpg,ISIC_8216046.jpg,0.4310133755207062
ISIC_1510820.jpg,ISIC_8217534.jpg,0.7813218832015991
ISIC_1510820.jpg,ISIC_8218124.jpg,0.30075281858444214
ISIC_1510820.jpg,ISIC_8223262.jpg,0.8596996665000916
ISIC_1510820.jpg,ISIC_8224453.jpg,0.4510757029056549
ISIC_1510820.jpg,ISIC_8225764.jpg,0.8187516331672668
ISIC_1510820.jpg,ISIC_8232490.jpg,0.6645610928535461
ISIC_1510820.jpg,ISIC_8232642.jpg,0.4840219020843506
ISIC_1510820.jpg,ISIC_8234611.jpg,0.2386920303106308
ISIC_1510820.jpg,ISIC_8238434.jpg,0.31097984313964844
ISIC_1510820.jpg,ISIC_8238755.jpg,0.6276502013206482
ISIC_1510820.jpg,ISIC_8238831.jpg,0.23975136876106262
ISIC_1510820.jpg,ISIC_8239619.jpg,0.554324209690094
ISIC_1510820.jpg,ISIC_8240408.jpg,0.5327659249305725
ISIC_1510820.jpg,ISIC_8242793.jpg,0.5846754908561707
ISIC_1510820.jpg,ISIC_8243766.jpg,0.8748495578765869
ISIC_1510820.jpg,ISIC_8243811.jpg,0.35688522458076477
ISIC_1510820.jpg,ISIC_8244515.jpg,0.17951248586177826
ISIC_1510820.jpg,ISIC_8246087.jpg,0.5859163403511047
ISIC_1510820.jpg,ISIC_8247144.jpg,0.6528640389442444
ISIC_1510820.jpg,ISIC_8247638.jpg,0.6274021863937378
ISIC_1510820.jpg,ISIC_8250062.jpg,0.577459454536438
ISIC_1510820.jpg,ISIC_8251076.jpg,0.19186533987522125
ISIC_1510820.jpg,ISIC_8252760.jpg,0.42198890447616577
ISIC_1510820.jpg,ISIC_8253208.jpg,0.7996556162834167
ISIC_1510820.jpg,ISIC_8253521.jpg,0.38446083664894104
ISIC_1510820.jpg,ISIC_8256702.jpg,0.24573706090450287
ISIC_1510820.jpg,ISIC_8258916.jpg,0.6796906590461731
ISIC_1510820.jpg,ISIC_8259540.jpg,0.6466415524482727
ISIC_1510820.jpg,ISIC_8263010.jpg,0.7192333340644836
ISIC_1510820.jpg,ISIC_8263315.jpg,0.5403006672859192
ISIC_1510820.jpg,ISIC_8267340.jpg,0.11525452882051468
ISIC_1510820.jpg,ISIC_8267789.jpg,0.7438954710960388
ISIC_1510820.jpg,ISIC_8270879.jpg,0.5638619661331177
ISIC_1510820.jpg,ISIC_8274465.jpg,0.42170992493629456
ISIC_1510820.jpg,ISIC_8274649.jpg,0.5643445253372192
ISIC_1510820.jpg,ISIC_8276011.jpg,0.8115106821060181
ISIC_1510820.jpg,ISIC_8277903.jpg,0.8862743377685547
ISIC_1510820.jpg,ISIC_8278493.jpg,0.6197337508201599
ISIC_1510820.jpg,ISIC_8279605.jpg,0.8753712177276611
ISIC_1510820.jpg,ISIC_8280147.jpg,0.741124153137207
ISIC_1510820.jpg,ISIC_8280969.jpg,0.6921783685684204
ISIC_1510820.jpg,ISIC_8282150.jpg,0.7842347621917725
ISIC_1510820.jpg,ISIC_8283552.jpg,0.7678871154785156
ISIC_1510820.jpg,ISIC_8284060.jpg,0.46150290966033936
ISIC_1510820.jpg,ISIC_8285611.jpg,0.6548701524734497
ISIC_1510820.jpg,ISIC_8286820.jpg,0.2869868278503418
ISIC_1510820.jpg,ISIC_8290327.jpg,0.8439853191375732
ISIC_1510820.jpg,ISIC_8290815.jpg,0.5447932481765747
ISIC_1510820.jpg,ISIC_8293323.jpg,0.5724008083343506
ISIC_1510820.jpg,ISIC_8294494.jpg,0.63264000415802
ISIC_1510820.jpg,ISIC_8294587.jpg,0.7830700874328613
ISIC_1510820.jpg,ISIC_8296738.jpg,0.6520801186561584
ISIC_1510820.jpg,ISIC_8298051.jpg,0.7589444518089294
ISIC_1510820.jpg,ISIC_8299116.jpg,0.8493384718894958
ISIC_1510820.jpg,ISIC_8299739.jpg,0.7582077383995056
ISIC_1510820.jpg,ISIC_8301281.jpg,0.5817407369613647
ISIC_1510820.jpg,ISIC_8302863.jpg,0.7684386372566223
ISIC_1510820.jpg,ISIC_8305995.jpg,0.8715564608573914
ISIC_1510820.jpg,ISIC_8307265.jpg,0.6951217651367188
ISIC_1510820.jpg,ISIC_8310539.jpg,0.19660714268684387
ISIC_1510820.jpg,ISIC_8310711.jpg,0.8739442229270935
ISIC_1510820.jpg,ISIC_8312411.jpg,0.8001803159713745
ISIC_1510820.jpg,ISIC_8313489.jpg,0.5225571393966675
ISIC_1510820.jpg,ISIC_8313831.jpg,0.7706727981567383
ISIC_1510820.jpg,ISIC_8314801.jpg,0.6717655062675476
ISIC_1510820.jpg,ISIC_8318169.jpg,0.421099990606308
ISIC_1510820.jpg,ISIC_8319946.jpg,0.7745404839515686
ISIC_1510820.jpg,ISIC_8321575.jpg,0.5801690816879272
ISIC_1510820.jpg,ISIC_8323806.jpg,0.24936248362064362
ISIC_1510820.jpg,ISIC_8325595.jpg,0.8124200105667114
ISIC_1510820.jpg,ISIC_8327784.jpg,0.8357377052307129
ISIC_1510820.jpg,ISIC_8328232.jpg,0.6932525038719177
ISIC_1510820.jpg,ISIC_8331130.jpg,0.5690034627914429
ISIC_1510820.jpg,ISIC_8332176.jpg,0.7203888893127441
ISIC_1510820.jpg,ISIC_8332544.jpg,0.4980553090572357
ISIC_1510820.jpg,ISIC_8334170.jpg,0.7470988631248474
ISIC_1510820.jpg,ISIC_8334342.jpg,0.8229358196258545
ISIC_1510820.jpg,ISIC_8335421.jpg,0.8637880086898804
ISIC_1510820.jpg,ISIC_8336115.jpg,0.4411025643348694
ISIC_1510820.jpg,ISIC_8336838.jpg,0.8002164959907532
ISIC_1510820.jpg,ISIC_8338699.jpg,0.7445734143257141
ISIC_1510820.jpg,ISIC_8341368.jpg,0.8761442303657532
ISIC_1510820.jpg,ISIC_8341620.jpg,0.6423341631889343
ISIC_1510820.jpg,ISIC_8341922.jpg,0.8651329874992371
ISIC_1510820.jpg,ISIC_8344285.jpg,0.26919424533843994
ISIC_1510820.jpg,ISIC_8344755.jpg,0.21591275930404663
ISIC_1510820.jpg,ISIC_8345288.jpg,0.1449592262506485
ISIC_1510820.jpg,ISIC_8346281.jpg,0.6906253099441528
ISIC_1510820.jpg,ISIC_8350329.jpg,0.5028527975082397
ISIC_1510820.jpg,ISIC_8352015.jpg,0.8929175138473511
ISIC_1510820.jpg,ISIC_8352016.jpg,0.25489291548728943
ISIC_1510820.jpg,ISIC_8353253.jpg,0.8199915885925293
ISIC_1510820.jpg,ISIC_8354561.jpg,0.5000624060630798
ISIC_1510820.jpg,ISIC_8354874.jpg,0.8054601550102234
ISIC_1510820.jpg,ISIC_8357411.jpg,0.1781834065914154
ISIC_1510820.jpg,ISIC_8357923.jpg,0.5238307118415833
ISIC_1510820.jpg,ISIC_8363542.jpg,0.6915033459663391
ISIC_1510820.jpg,ISIC_8366946.jpg,0.6613706350326538
ISIC_1510820.jpg,ISIC_8368715.jpg,0.23572956025600433
ISIC_1510820.jpg,ISIC_8369268.jpg,0.8891379833221436
ISIC_1510820.jpg,ISIC_8370269.jpg,0.8178619742393494
ISIC_1510820.jpg,ISIC_8370736.jpg,0.859338641166687
ISIC_1510820.jpg,ISIC_8371546.jpg,0.6819980144500732
ISIC_1510820.jpg,ISIC_8372206.jpg,0.3790019452571869
ISIC_1510820.jpg,ISIC_8372452.jpg,0.7815687656402588
ISIC_1510820.jpg,ISIC_8373471.jpg,0.6964931488037109
ISIC_1510820.jpg,ISIC_8373691.jpg,0.8774290680885315
ISIC_1510820.jpg,ISIC_8374182.jpg,0.7575859427452087
ISIC_1510820.jpg,ISIC_8375281.jpg,0.4672389030456543
ISIC_1510820.jpg,ISIC_8375292.jpg,0.8489382863044739
ISIC_1510820.jpg,ISIC_8379889.jpg,0.8213700652122498
ISIC_1510820.jpg,ISIC_8380448.jpg,0.7058162689208984
ISIC_1510820.jpg,ISIC_8380991.jpg,0.8305748105049133
ISIC_1510820.jpg,ISIC_8384497.jpg,0.8320729732513428
ISIC_1510820.jpg,ISIC_8386329.jpg,0.5571194291114807
ISIC_1510820.jpg,ISIC_8386691.jpg,0.8125914931297302
ISIC_1510820.jpg,ISIC_8389896.jpg,0.8010473847389221
ISIC_1510820.jpg,ISIC_8390230.jpg,0.8729050755500793
ISIC_1510820.jpg,ISIC_8392134.jpg,0.7583944797515869
ISIC_1510820.jpg,ISIC_8393618.jpg,0.46226558089256287
ISIC_1510820.jpg,ISIC_8397422.jpg,0.3085441291332245
ISIC_1510820.jpg,ISIC_8397575.jpg,0.7724183797836304
ISIC_1510820.jpg,ISIC_8402252.jpg,0.7167596817016602
ISIC_1510820.jpg,ISIC_8402882.jpg,0.6902656555175781
ISIC_1510820.jpg,ISIC_8402960.jpg,0.7710624933242798
ISIC_1510820.jpg,ISIC_8404725.jpg,0.8115296363830566
ISIC_1510820.jpg,ISIC_8405160.jpg,0.2877252399921417
ISIC_1510820.jpg,ISIC_8405212.jpg,0.4892769455909729
ISIC_1510820.jpg,ISIC_8407148.jpg,0.21737931668758392
ISIC_1510820.jpg,ISIC_8408444.jpg,0.6327193379402161
ISIC_1510820.jpg,ISIC_8409612.jpg,0.7609750628471375
ISIC_1510820.jpg,ISIC_8409838.jpg,0.8796156048774719
ISIC_1510820.jpg,ISIC_8409913.jpg,0.4634626507759094
ISIC_1510820.jpg,ISIC_8412460.jpg,0.8036339282989502
ISIC_1510820.jpg,ISIC_8414455.jpg,0.5360972285270691
ISIC_1510820.jpg,ISIC_8415134.jpg,0.8834462761878967
ISIC_1510820.jpg,ISIC_8415934.jpg,0.8779694437980652
ISIC_1510820.jpg,ISIC_8416956.jpg,0.7117798924446106
ISIC_1510820.jpg,ISIC_8417195.jpg,0.22329501807689667
ISIC_1510820.jpg,ISIC_8419052.jpg,0.8975726366043091
ISIC_1510820.jpg,ISIC_8419210.jpg,0.6225663423538208
ISIC_1510820.jpg,ISIC_8423177.jpg,0.7343648076057434
ISIC_1510820.jpg,ISIC_8424579.jpg,0.37548452615737915
ISIC_1510820.jpg,ISIC_8424990.jpg,0.3159532845020294
ISIC_1510820.jpg,ISIC_8425779.jpg,0.20224687457084656
ISIC_1510820.jpg,ISIC_8429000.jpg,0.6939834356307983
ISIC_1510820.jpg,ISIC_8430333.jpg,0.6608099341392517
ISIC_1510820.jpg,ISIC_8430358.jpg,0.7618910670280457
ISIC_1510820.jpg,ISIC_8430720.jpg,0.30084970593452454
ISIC_1510820.jpg,ISIC_8435488.jpg,0.7384206056594849
ISIC_1510820.jpg,ISIC_8437178.jpg,0.30111122131347656
ISIC_1510820.jpg,ISIC_8439105.jpg,0.6513988971710205
ISIC_1510820.jpg,ISIC_8439124.jpg,0.8315764665603638
ISIC_1510820.jpg,ISIC_8439859.jpg,0.8542702794075012
ISIC_1510820.jpg,ISIC_8440465.jpg,0.6192319989204407
ISIC_1510820.jpg,ISIC_8441463.jpg,0.9340867400169373
ISIC_1510820.jpg,ISIC_8441864.jpg,0.4076721966266632
ISIC_1510820.jpg,ISIC_8443566.jpg,0.5235873460769653
ISIC_1510820.jpg,ISIC_8443707.jpg,0.7119519710540771
ISIC_1510820.jpg,ISIC_8443990.jpg,0.4556938707828522
ISIC_1510820.jpg,ISIC_8444333.jpg,0.6439462900161743
ISIC_1510820.jpg,ISIC_8444587.jpg,0.3506314158439636
ISIC_1510820.jpg,ISIC_8445938.jpg,0.5603348016738892
ISIC_1510820.jpg,ISIC_8446191.jpg,0.6927526593208313
ISIC_1510820.jpg,ISIC_8450504.jpg,0.4478977918624878
ISIC_1510820.jpg,ISIC_8451459.jpg,0.89873206615448
ISIC_1510820.jpg,ISIC_8451738.jpg,0.7825126647949219
ISIC_1510820.jpg,ISIC_8452182.jpg,0.7305893301963806
ISIC_1510820.jpg,ISIC_8453693.jpg,0.7273679971694946
ISIC_1510820.jpg,ISIC_8455665.jpg,0.3248118758201599
ISIC_1510820.jpg,ISIC_8456118.jpg,0.4740683436393738
ISIC_1510820.jpg,ISIC_8457788.jpg,0.8847126960754395
ISIC_1510820.jpg,ISIC_8459597.jpg,0.7468382716178894
ISIC_1510820.jpg,ISIC_8460973.jpg,0.5687814354896545
ISIC_1510820.jpg,ISIC_8461939.jpg,0.858906626701355
ISIC_1510820.jpg,ISIC_8466497.jpg,0.4837110638618469
ISIC_1510820.jpg,ISIC_8468029.jpg,0.8322349786758423
ISIC_1510820.jpg,ISIC_8469607.jpg,0.5514724850654602
ISIC_1510820.jpg,ISIC_8470330.jpg,0.6494945287704468
ISIC_1510820.jpg,ISIC_8471690.jpg,0.8269604444503784
ISIC_1510820.jpg,ISIC_8472353.jpg,0.5881313681602478
ISIC_1510820.jpg,ISIC_8472528.jpg,0.8479216694831848
ISIC_1510820.jpg,ISIC_8473523.jpg,0.8631581664085388
ISIC_1510820.jpg,ISIC_8474368.jpg,0.586679220199585
ISIC_1510820.jpg,ISIC_8474376.jpg,0.4747276306152344
ISIC_1510820.jpg,ISIC_8474980.jpg,0.883287250995636
ISIC_1510820.jpg,ISIC_8476628.jpg,0.8074964880943298
ISIC_1510820.jpg,ISIC_8477203.jpg,0.2789286673069
ISIC_1510820.jpg,ISIC_8477641.jpg,0.33260414004325867
ISIC_1510820.jpg,ISIC_8477949.jpg,0.8332928419113159
ISIC_1510820.jpg,ISIC_8478992.jpg,0.7080703973770142
ISIC_1510820.jpg,ISIC_8481618.jpg,0.6348481178283691
ISIC_1510820.jpg,ISIC_8482652.jpg,0.8304480910301208
ISIC_1510820.jpg,ISIC_8482659.jpg,0.8377999663352966
ISIC_1510820.jpg,ISIC_8483677.jpg,0.7625327706336975
ISIC_1510820.jpg,ISIC_8488103.jpg,0.6475406289100647
ISIC_1510820.jpg,ISIC_8488212.jpg,0.5058463215827942
ISIC_1510820.jpg,ISIC_8488326.jpg,0.6796406507492065
ISIC_1510820.jpg,ISIC_8493711.jpg,0.3809036314487457
ISIC_1510820.jpg,ISIC_8497203.jpg,0.5361886620521545
ISIC_1510820.jpg,ISIC_8497431.jpg,0.9170745015144348
ISIC_1510820.jpg,ISIC_8499885.jpg,0.528667151927948
ISIC_1510820.jpg,ISIC_8501183.jpg,0.5823625922203064
ISIC_1510820.jpg,ISIC_8502049.jpg,0.8692417740821838
ISIC_1510820.jpg,ISIC_8503349.jpg,0.8178154826164246
ISIC_1510820.jpg,ISIC_8503681.jpg,0.18075677752494812
ISIC_1510820.jpg,ISIC_8503714.jpg,0.6929343342781067
ISIC_1510820.jpg,ISIC_8506354.jpg,0.8577346801757812
ISIC_1510820.jpg,ISIC_8509539.jpg,0.6953597068786621
ISIC_1510820.jpg,ISIC_8509703.jpg,0.8819608092308044
ISIC_1510820.jpg,ISIC_8510555.jpg,0.8132951855659485
ISIC_1510820.jpg,ISIC_8511501.jpg,0.669061541557312
ISIC_1510820.jpg,ISIC_8511669.jpg,0.8034292459487915
ISIC_1510820.jpg,ISIC_8515579.jpg,0.8253130912780762
ISIC_1510820.jpg,ISIC_8515796.jpg,0.44590750336647034
ISIC_1510820.jpg,ISIC_8517129.jpg,0.7891054153442383
ISIC_1510820.jpg,ISIC_8517928.jpg,0.8239643573760986
ISIC_1510820.jpg,ISIC_8518143.jpg,0.8669492602348328
ISIC_1510820.jpg,ISIC_8520181.jpg,0.14216996729373932
ISIC_1510820.jpg,ISIC_8520278.jpg,0.8110063076019287
ISIC_1510820.jpg,ISIC_8521108.jpg,0.6670459508895874
ISIC_1510820.jpg,ISIC_8525942.jpg,0.8765543103218079
ISIC_1510820.jpg,ISIC_8526421.jpg,0.10021303594112396
ISIC_1510820.jpg,ISIC_8527595.jpg,0.6847525835037231
ISIC_1510820.jpg,ISIC_8529178.jpg,0.788144588470459
ISIC_1510820.jpg,ISIC_8531444.jpg,0.9200437068939209
ISIC_1510820.jpg,ISIC_8532318.jpg,0.8371054530143738
ISIC_1510820.jpg,ISIC_8532460.jpg,0.5666809678077698
ISIC_1510820.jpg,ISIC_8532615.jpg,0.6443862318992615
ISIC_1510820.jpg,ISIC_8533492.jpg,0.6616620421409607
ISIC_1510820.jpg,ISIC_8535552.jpg,0.7973677515983582
ISIC_1510820.jpg,ISIC_8537801.jpg,0.5479599833488464
ISIC_1510820.jpg,ISIC_8538346.jpg,0.6623132824897766
ISIC_1510820.jpg,ISIC_8538657.jpg,0.7555096745491028
ISIC_1510820.jpg,ISIC_8538920.jpg,0.8788192868232727
ISIC_1510820.jpg,ISIC_8539371.jpg,0.7086536288261414
ISIC_1510820.jpg,ISIC_8541427.jpg,0.7918341159820557
ISIC_1510820.jpg,ISIC_8542563.jpg,0.6674710512161255
ISIC_1510820.jpg,ISIC_8544906.jpg,0.5401630997657776
ISIC_1510820.jpg,ISIC_8546598.jpg,0.4113505780696869
ISIC_1510820.jpg,ISIC_8546808.jpg,0.3552325665950775
ISIC_1510820.jpg,ISIC_8553381.jpg,0.4239598214626312
ISIC_1510820.jpg,ISIC_8553859.jpg,0.8287293314933777
ISIC_1510820.jpg,ISIC_8554769.jpg,0.14096829295158386
ISIC_1510820.jpg,ISIC_8556045.jpg,0.7335043549537659
ISIC_1510820.jpg,ISIC_8556548.jpg,0.4985809326171875
ISIC_1510820.jpg,ISIC_8557216.jpg,0.8176780343055725
ISIC_1510820.jpg,ISIC_8559362.jpg,0.4882224500179291
ISIC_1510820.jpg,ISIC_8562955.jpg,0.7011231780052185
ISIC_1510820.jpg,ISIC_8569603.jpg,0.15558557212352753
ISIC_1510820.jpg,ISIC_8570212.jpg,0.2717024087905884
ISIC_1510820.jpg,ISIC_8570369.jpg,0.7770912051200867
ISIC_1510820.jpg,ISIC_8570643.jpg,0.38551196455955505
ISIC_1510820.jpg,ISIC_8570719.jpg,0.8449366688728333
ISIC_1510820.jpg,ISIC_8570923.jpg,0.8644059896469116
ISIC_1510820.jpg,ISIC_8572342.jpg,0.8467592597007751
ISIC_1510820.jpg,ISIC_8572576.jpg,0.7947309017181396
ISIC_1510820.jpg,ISIC_8573752.jpg,0.3278692662715912
ISIC_1510820.jpg,ISIC_8574381.jpg,0.643778383731842
ISIC_1510820.jpg,ISIC_8574400.jpg,0.8558675646781921
ISIC_1510820.jpg,ISIC_8576019.jpg,0.3965962827205658
ISIC_1510820.jpg,ISIC_8576575.jpg,0.7583553194999695
ISIC_1510820.jpg,ISIC_8578130.jpg,0.853575587272644
ISIC_1510820.jpg,ISIC_8581330.jpg,0.8170625567436218
ISIC_1510820.jpg,ISIC_8581411.jpg,0.1793358474969864
ISIC_1510820.jpg,ISIC_8583322.jpg,0.14493247866630554
ISIC_1510820.jpg,ISIC_8588789.jpg,0.4577687978744507
ISIC_1510820.jpg,ISIC_8590131.jpg,0.2759617567062378
ISIC_1510820.jpg,ISIC_8591728.jpg,0.7278674840927124
ISIC_1510820.jpg,ISIC_8592885.jpg,0.7873807549476624
ISIC_1510820.jpg,ISIC_8596085.jpg,0.4936009645462036
ISIC_1510820.jpg,ISIC_8600691.jpg,0.7413110136985779
ISIC_1510820.jpg,ISIC_8600924.jpg,0.7834989428520203
ISIC_1510820.jpg,ISIC_8601288.jpg,0.5271209478378296
ISIC_1510820.jpg,ISIC_8604723.jpg,0.36022046208381653
ISIC_1510820.jpg,ISIC_8605641.jpg,0.5159746408462524
ISIC_1510820.jpg,ISIC_8605723.jpg,0.75730299949646
ISIC_1510820.jpg,ISIC_8607491.jpg,0.5123944282531738
ISIC_1510820.jpg,ISIC_8609145.jpg,0.18294420838356018
ISIC_1510820.jpg,ISIC_8611354.jpg,0.10674143582582474
ISIC_1510820.jpg,ISIC_8612112.jpg,0.22993382811546326
ISIC_1510820.jpg,ISIC_8612981.jpg,0.2859117090702057
ISIC_1510820.jpg,ISIC_8613602.jpg,0.7531391382217407
ISIC_1510820.jpg,ISIC_8613848.jpg,0.22839096188545227
ISIC_1510820.jpg,ISIC_8615435.jpg,0.6985196471214294
ISIC_1510820.jpg,ISIC_8616497.jpg,0.6673955917358398
ISIC_1510820.jpg,ISIC_8616859.jpg,0.8258584141731262
ISIC_1510820.jpg,ISIC_8618676.jpg,0.6087448596954346
ISIC_1510820.jpg,ISIC_8620474.jpg,0.5633779764175415
ISIC_1510820.jpg,ISIC_8620516.jpg,0.1573866456747055
ISIC_1510820.jpg,ISIC_8622019.jpg,0.7486841678619385
ISIC_1510820.jpg,ISIC_8623375.jpg,0.7402116060256958
ISIC_1510820.jpg,ISIC_8623387.jpg,0.7326588034629822
ISIC_1510820.jpg,ISIC_8626011.jpg,0.8685336709022522
ISIC_1510820.jpg,ISIC_8626442.jpg,0.8818214535713196
ISIC_1510820.jpg,ISIC_8627702.jpg,0.804382860660553
ISIC_1510820.jpg,ISIC_8627791.jpg,0.49562835693359375
ISIC_1510820.jpg,ISIC_8630965.jpg,0.4084450304508209
ISIC_1510820.jpg,ISIC_8630968.jpg,0.7968684434890747
ISIC_1510820.jpg,ISIC_8631345.jpg,0.6417303085327148
ISIC_1510820.jpg,ISIC_8632205.jpg,0.6366355419158936
ISIC_1510820.jpg,ISIC_8632904.jpg,0.1784130185842514
ISIC_1510820.jpg,ISIC_8634773.jpg,0.7712863087654114
ISIC_1510820.jpg,ISIC_8636180.jpg,0.8532071113586426
ISIC_1510820.jpg,ISIC_8636351.jpg,0.7832960486412048
ISIC_1510820.jpg,ISIC_8637657.jpg,0.7309454083442688
ISIC_1510820.jpg,ISIC_8638834.jpg,0.47979217767715454
ISIC_1510820.jpg,ISIC_8640384.jpg,0.8178961873054504
ISIC_1510820.jpg,ISIC_8641097.jpg,0.5940547585487366
ISIC_1510820.jpg,ISIC_8641927.jpg,0.6751474142074585
ISIC_1510820.jpg,ISIC_8642588.jpg,0.3664151728153229
ISIC_1510820.jpg,ISIC_8643238.jpg,0.6767730116844177
ISIC_1510820.jpg,ISIC_8645931.jpg,0.8017857670783997
ISIC_1510820.jpg,ISIC_8648668.jpg,0.6332747340202332
ISIC_1510820.jpg,ISIC_8649904.jpg,0.5900737643241882
ISIC_1510820.jpg,ISIC_8650022.jpg,0.8172829151153564
ISIC_1510820.jpg,ISIC_8651294.jpg,0.4410504400730133
ISIC_1510820.jpg,ISIC_8651681.jpg,0.8049923777580261
ISIC_1510820.jpg,ISIC_8652577.jpg,0.883365273475647
ISIC_1510820.jpg,ISIC_8652658.jpg,0.16504645347595215
ISIC_1510820.jpg,ISIC_8652723.jpg,0.7373984456062317
ISIC_1510820.jpg,ISIC_8654232.jpg,0.6201359033584595
ISIC_1510820.jpg,ISIC_8655348.jpg,0.14376571774482727
ISIC_1510820.jpg,ISIC_8655397.jpg,0.340061753988266
ISIC_1510820.jpg,ISIC_8655515.jpg,0.7904217839241028
ISIC_1510820.jpg,ISIC_8655808.jpg,0.553536593914032
ISIC_1510820.jpg,ISIC_8656544.jpg,0.7975771427154541
ISIC_1510820.jpg,ISIC_8657008.jpg,0.6902393102645874
ISIC_1510820.jpg,ISIC_8658727.jpg,0.3372458219528198
ISIC_1510820.jpg,ISIC_8660499.jpg,0.8747425675392151
ISIC_1510820.jpg,ISIC_8662209.jpg,0.7515368461608887
ISIC_1510820.jpg,ISIC_8663772.jpg,0.8596867322921753
ISIC_1510820.jpg,ISIC_8664024.jpg,0.769762396812439
ISIC_1510820.jpg,ISIC_8664078.jpg,0.6454960107803345
ISIC_1510820.jpg,ISIC_8664210.jpg,0.8283973336219788
ISIC_1510820.jpg,ISIC_8664687.jpg,0.8591521978378296
ISIC_1510820.jpg,ISIC_8664911.jpg,0.4437815845012665
ISIC_1510820.jpg,ISIC_8668157.jpg,0.20186445116996765
ISIC_1510820.jpg,ISIC_8670486.jpg,0.7744593620300293
ISIC_1510820.jpg,ISIC_8671883.jpg,0.7934370636940002
ISIC_1510820.jpg,ISIC_8675845.jpg,0.42238277196884155
ISIC_1510820.jpg,ISIC_8676919.jpg,0.8458974957466125
ISIC_1510820.jpg,ISIC_8677397.jpg,0.3666248917579651
ISIC_1510820.jpg,ISIC_8679128.jpg,0.809393048286438
ISIC_1510820.jpg,ISIC_8679619.jpg,0.6045266389846802
ISIC_1510820.jpg,ISIC_8682592.jpg,0.24749426543712616
ISIC_1510820.jpg,ISIC_8683202.jpg,0.7446210384368896
ISIC_1510820.jpg,ISIC_8683473.jpg,0.6434983015060425
ISIC_1510820.jpg,ISIC_8684658.jpg,0.7636056542396545
ISIC_1510820.jpg,ISIC_8685059.jpg,0.6162004470825195
ISIC_1510820.jpg,ISIC_8688128.jpg,0.7270066142082214
ISIC_1510820.jpg,ISIC_8688992.jpg,0.7099428772926331
ISIC_1510820.jpg,ISIC_8690265.jpg,0.7941701412200928
ISIC_1510820.jpg,ISIC_8691320.jpg,0.7657749056816101
ISIC_1510820.jpg,ISIC_8693147.jpg,0.8137685060501099
ISIC_1510820.jpg,ISIC_8696087.jpg,0.6100488305091858
ISIC_1510820.jpg,ISIC_8699871.jpg,0.5039879083633423
ISIC_1510820.jpg,ISIC_8703136.jpg,0.8019698858261108
ISIC_1510820.jpg,ISIC_8705042.jpg,0.2954199016094208
ISIC_1510820.jpg,ISIC_8705723.jpg,0.5913621187210083
ISIC_1510820.jpg,ISIC_8707911.jpg,0.7787403464317322
ISIC_1510820.jpg,ISIC_8709476.jpg,0.6958575248718262
ISIC_1510820.jpg,ISIC_8711172.jpg,0.827441930770874
ISIC_1510820.jpg,ISIC_8712678.jpg,0.7514503598213196
ISIC_1510820.jpg,ISIC_8713613.jpg,0.8490110635757446
ISIC_1510820.jpg,ISIC_8714050.jpg,0.6695206165313721
ISIC_1510820.jpg,ISIC_8715037.jpg,0.6318867802619934
ISIC_1510820.jpg,ISIC_8715813.jpg,0.21139921247959137
ISIC_1510820.jpg,ISIC_8718545.jpg,0.6075818538665771
ISIC_1510820.jpg,ISIC_8723928.jpg,0.85710608959198
ISIC_1510820.jpg,ISIC_8724607.jpg,0.8686569333076477
ISIC_1510820.jpg,ISIC_8724813.jpg,0.6774170994758606
ISIC_1510820.jpg,ISIC_8725020.jpg,0.48985978960990906
ISIC_1510820.jpg,ISIC_8728322.jpg,0.5311383008956909
ISIC_1510820.jpg,ISIC_8729639.jpg,0.35845381021499634
ISIC_1510820.jpg,ISIC_8731126.jpg,0.5766465663909912
ISIC_1510820.jpg,ISIC_8732496.jpg,0.7717434763908386
ISIC_1510820.jpg,ISIC_8732904.jpg,0.7593871355056763
ISIC_1510820.jpg,ISIC_8733176.jpg,0.6087278127670288
ISIC_1510820.jpg,ISIC_8733507.jpg,0.8774581551551819
ISIC_1510820.jpg,ISIC_8733834.jpg,0.8076024055480957
ISIC_1510820.jpg,ISIC_8737280.jpg,0.6355848908424377
ISIC_1510820.jpg,ISIC_8739480.jpg,0.7442997694015503
ISIC_1510820.jpg,ISIC_8741719.jpg,0.6692710518836975
ISIC_1510820.jpg,ISIC_8741900.jpg,0.8698569536209106
ISIC_1510820.jpg,ISIC_8744510.jpg,0.7857924699783325
ISIC_1510820.jpg,ISIC_8747198.jpg,0.9082320928573608
ISIC_1510820.jpg,ISIC_8748275.jpg,0.4488449990749359
ISIC_1510820.jpg,ISIC_8749499.jpg,0.2788155972957611
ISIC_1510820.jpg,ISIC_8749647.jpg,0.6080251336097717
ISIC_1510820.jpg,ISIC_8754299.jpg,0.3756580352783203
ISIC_1510820.jpg,ISIC_8754331.jpg,0.7867164015769958
ISIC_1510820.jpg,ISIC_8754753.jpg,0.17628203332424164
ISIC_1510820.jpg,ISIC_8755413.jpg,0.2109646201133728
ISIC_1510820.jpg,ISIC_8755702.jpg,0.5425100922584534
ISIC_1510820.jpg,ISIC_8755717.jpg,0.38079550862312317
ISIC_1510820.jpg,ISIC_8755718.jpg,0.8164856433868408
ISIC_1510820.jpg,ISIC_8756106.jpg,0.8832862377166748
ISIC_1510820.jpg,ISIC_8757232.jpg,0.6567098498344421
ISIC_1510820.jpg,ISIC_8758219.jpg,0.6003865599632263
ISIC_1510820.jpg,ISIC_8758404.jpg,0.6603831648826599
ISIC_1510820.jpg,ISIC_8758498.jpg,0.8282064199447632
ISIC_1510820.jpg,ISIC_8758652.jpg,0.5188068151473999
ISIC_1510820.jpg,ISIC_8759013.jpg,0.6954395771026611
ISIC_1510820.jpg,ISIC_8759397.jpg,0.23042987287044525
ISIC_1510820.jpg,ISIC_8759537.jpg,0.35972917079925537
ISIC_1510820.jpg,ISIC_8760258.jpg,0.801774799823761
ISIC_1510820.jpg,ISIC_8760915.jpg,0.5576193332672119
ISIC_1510820.jpg,ISIC_8762162.jpg,0.794144332408905
ISIC_1510820.jpg,ISIC_8763593.jpg,0.3434358835220337
ISIC_1510820.jpg,ISIC_8764178.jpg,0.8475679755210876
ISIC_1510820.jpg,ISIC_8765861.jpg,0.6065836548805237
ISIC_1510820.jpg,ISIC_8767904.jpg,0.22916804254055023
ISIC_1510820.jpg,ISIC_8768167.jpg,0.5712446570396423
ISIC_1510820.jpg,ISIC_8768857.jpg,0.193118155002594
ISIC_1510820.jpg,ISIC_8769458.jpg,0.7692062258720398
ISIC_1510820.jpg,ISIC_8773197.jpg,0.8141650557518005
ISIC_1510820.jpg,ISIC_8774910.jpg,0.5654965043067932
ISIC_1510820.jpg,ISIC_8780817.jpg,0.617189347743988
ISIC_1510820.jpg,ISIC_8783748.jpg,0.7090365290641785
ISIC_1510820.jpg,ISIC_8784137.jpg,0.37150654196739197
ISIC_1510820.jpg,ISIC_8785587.jpg,0.6160251498222351
ISIC_1510820.jpg,ISIC_8785816.jpg,0.3357681930065155
ISIC_1510820.jpg,ISIC_8787227.jpg,0.800722599029541
ISIC_1510820.jpg,ISIC_8787842.jpg,0.4341123402118683
ISIC_1510820.jpg,ISIC_8789502.jpg,0.4580572247505188
ISIC_1510820.jpg,ISIC_8790782.jpg,0.08168064057826996
ISIC_1510820.jpg,ISIC_8794737.jpg,0.2777499854564667
ISIC_1510820.jpg,ISIC_8795995.jpg,0.8391368985176086
ISIC_1510820.jpg,ISIC_8798037.jpg,0.8455855846405029
ISIC_1510820.jpg,ISIC_8799403.jpg,0.3150484263896942
ISIC_1510820.jpg,ISIC_8800182.jpg,0.6433718800544739
ISIC_1510820.jpg,ISIC_8802849.jpg,0.713714063167572
ISIC_1510820.jpg,ISIC_8806466.jpg,0.7627071142196655
ISIC_1510820.jpg,ISIC_8807139.jpg,0.5425692796707153
ISIC_1510820.jpg,ISIC_8808618.jpg,0.503862202167511
ISIC_1510820.jpg,ISIC_8810056.jpg,0.7778347134590149
ISIC_1510820.jpg,ISIC_8812635.jpg,0.6067673563957214
ISIC_1510820.jpg,ISIC_8812840.jpg,0.8255701065063477
ISIC_1510820.jpg,ISIC_8814160.jpg,0.11869025975465775
ISIC_1510820.jpg,ISIC_8815184.jpg,0.23215574026107788
ISIC_1510820.jpg,ISIC_8817234.jpg,0.7532435655593872
ISIC_1510820.jpg,ISIC_8817936.jpg,0.7610925436019897
ISIC_1510820.jpg,ISIC_8818310.jpg,0.4582652151584625
ISIC_1510820.jpg,ISIC_8818534.jpg,0.8274306654930115
ISIC_1510820.jpg,ISIC_8821039.jpg,0.5002886056900024
ISIC_1510820.jpg,ISIC_8823822.jpg,0.7045909762382507
ISIC_1510820.jpg,ISIC_8824409.jpg,0.7711260914802551
ISIC_1510820.jpg,ISIC_8826064.jpg,0.7363336086273193
ISIC_1510820.jpg,ISIC_8829327.jpg,0.5048416256904602
ISIC_1510820.jpg,ISIC_8829628.jpg,0.22477200627326965
ISIC_1510820.jpg,ISIC_8830409.jpg,0.6475629210472107
ISIC_1510820.jpg,ISIC_8832128.jpg,0.40539121627807617
ISIC_1510820.jpg,ISIC_8832183.jpg,0.6632515788078308
ISIC_1510820.jpg,ISIC_8833575.jpg,0.12722337245941162
ISIC_1510820.jpg,ISIC_8834954.jpg,0.8481571674346924
ISIC_1510820.jpg,ISIC_8838823.jpg,0.7181860208511353
ISIC_1510820.jpg,ISIC_8839128.jpg,0.7330557703971863
ISIC_1510820.jpg,ISIC_8841828.jpg,0.15228520333766937
ISIC_1510820.jpg,ISIC_8842675.jpg,0.7776734232902527
ISIC_1510820.jpg,ISIC_8845382.jpg,0.683259904384613
ISIC_1510820.jpg,ISIC_8847751.jpg,0.4200562536716461
ISIC_1510820.jpg,ISIC_8848544.jpg,0.32949885725975037
ISIC_1510820.jpg,ISIC_8848924.jpg,0.8093932271003723
ISIC_1510820.jpg,ISIC_8849561.jpg,0.8413466215133667
ISIC_1510820.jpg,ISIC_8850011.jpg,0.2948930859565735
ISIC_1510820.jpg,ISIC_8854304.jpg,0.6166322827339172
ISIC_1510820.jpg,ISIC_8854658.jpg,0.8887911438941956
ISIC_1510820.jpg,ISIC_8855370.jpg,0.7626199722290039
ISIC_1510820.jpg,ISIC_8856035.jpg,0.8110683560371399
ISIC_1510820.jpg,ISIC_8856127.jpg,0.6560798287391663
ISIC_1510820.jpg,ISIC_8857430.jpg,0.4231922924518585
ISIC_1510820.jpg,ISIC_8858828.jpg,0.5460605025291443
ISIC_1510820.jpg,ISIC_8860494.jpg,0.7297236919403076
ISIC_1510820.jpg,ISIC_8862994.jpg,0.500445544719696
ISIC_1510820.jpg,ISIC_8863347.jpg,0.7783710956573486
ISIC_1510820.jpg,ISIC_8866881.jpg,0.756584107875824
ISIC_1510820.jpg,ISIC_8866925.jpg,0.8142774105072021
ISIC_1510820.jpg,ISIC_8872191.jpg,0.7530577182769775
ISIC_1510820.jpg,ISIC_8872520.jpg,0.707801342010498
ISIC_1510820.jpg,ISIC_8872567.jpg,0.6909723877906799
ISIC_1510820.jpg,ISIC_8875139.jpg,0.4161006808280945
ISIC_1510820.jpg,ISIC_8876322.jpg,0.30922505259513855
ISIC_1510820.jpg,ISIC_8876387.jpg,0.7103806734085083
ISIC_1510820.jpg,ISIC_8877773.jpg,0.8237456679344177
ISIC_1510820.jpg,ISIC_8878727.jpg,0.8449058532714844
ISIC_1510820.jpg,ISIC_8882478.jpg,0.4990212917327881
ISIC_1510820.jpg,ISIC_8882896.jpg,0.3019975423812866
ISIC_1510820.jpg,ISIC_8883090.jpg,0.7427466511726379
ISIC_1510820.jpg,ISIC_8883894.jpg,0.7640471458435059
ISIC_1510820.jpg,ISIC_8885123.jpg,0.374200701713562
ISIC_1510820.jpg,ISIC_8886139.jpg,0.7544615268707275
ISIC_1510820.jpg,ISIC_8890526.jpg,0.3427104651927948
ISIC_1510820.jpg,ISIC_8890530.jpg,0.46530014276504517
ISIC_1510820.jpg,ISIC_8891438.jpg,0.24315539002418518
ISIC_1510820.jpg,ISIC_8891943.jpg,0.673443615436554
ISIC_1510820.jpg,ISIC_8891951.jpg,0.7811078429222107
ISIC_1510820.jpg,ISIC_8894662.jpg,0.6651654839515686
ISIC_1510820.jpg,ISIC_8895569.jpg,0.20653429627418518
ISIC_1510820.jpg,ISIC_8897880.jpg,0.31432411074638367
ISIC_1510820.jpg,ISIC_8899172.jpg,0.7583773732185364
ISIC_1510820.jpg,ISIC_8900885.jpg,0.7639611959457397
ISIC_1510820.jpg,ISIC_8901241.jpg,0.8729347586631775
ISIC_1510820.jpg,ISIC_8902792.jpg,0.8869178891181946
ISIC_1510820.jpg,ISIC_8903911.jpg,0.46734586358070374
ISIC_1510820.jpg,ISIC_8904119.jpg,0.784400224685669
ISIC_1510820.jpg,ISIC_8909153.jpg,0.6012709140777588
ISIC_1510820.jpg,ISIC_8910224.jpg,0.5702959299087524
ISIC_1510820.jpg,ISIC_8910785.jpg,0.8734633326530457
ISIC_1510820.jpg,ISIC_8912651.jpg,0.5165954828262329
ISIC_1510820.jpg,ISIC_8913315.jpg,0.9295851588249207
ISIC_1510820.jpg,ISIC_8913327.jpg,0.20387138426303864
ISIC_1510820.jpg,ISIC_8913346.jpg,0.820278525352478
ISIC_1510820.jpg,ISIC_8914743.jpg,0.6564351320266724
ISIC_1510820.jpg,ISIC_8914803.jpg,0.8078463673591614
ISIC_1510820.jpg,ISIC_8915548.jpg,0.6815224885940552
ISIC_1510820.jpg,ISIC_8916523.jpg,0.8134812712669373
ISIC_1510820.jpg,ISIC_8916845.jpg,0.5869649052619934
ISIC_1510820.jpg,ISIC_8917277.jpg,0.8719421029090881
ISIC_1510820.jpg,ISIC_8917520.jpg,0.6050313711166382
ISIC_1510820.jpg,ISIC_8919030.jpg,0.6831998229026794
ISIC_1510820.jpg,ISIC_8921222.jpg,0.6064826250076294
ISIC_1510820.jpg,ISIC_8921308.jpg,0.4369613826274872
ISIC_1510820.jpg,ISIC_8921417.jpg,0.641793429851532
ISIC_1510820.jpg,ISIC_8923222.jpg,0.14230020344257355
ISIC_1510820.jpg,ISIC_8924679.jpg,0.8692975044250488
ISIC_1510820.jpg,ISIC_8926785.jpg,0.9170787930488586
ISIC_1510820.jpg,ISIC_8928109.jpg,0.7673119306564331
ISIC_1510820.jpg,ISIC_8928203.jpg,0.7811304926872253
ISIC_1510820.jpg,ISIC_8928254.jpg,0.7722908854484558
ISIC_1510820.jpg,ISIC_8929017.jpg,0.24168455600738525
ISIC_1510820.jpg,ISIC_8929362.jpg,0.6442641615867615
ISIC_1510820.jpg,ISIC_8929405.jpg,0.7449736595153809
ISIC_1510820.jpg,ISIC_8931482.jpg,0.3418184220790863
ISIC_1510820.jpg,ISIC_8932951.jpg,0.23856164515018463
ISIC_1510820.jpg,ISIC_8935177.jpg,0.7407556772232056
ISIC_1510820.jpg,ISIC_8936821.jpg,0.7650930285453796
ISIC_1510820.jpg,ISIC_8938888.jpg,0.3629258871078491
ISIC_1510820.jpg,ISIC_8941830.jpg,0.6781070828437805
ISIC_1510820.jpg,ISIC_8942163.jpg,0.7230541110038757
ISIC_1510820.jpg,ISIC_8942427.jpg,0.5642873048782349
ISIC_1510820.jpg,ISIC_8942790.jpg,0.5485932230949402
ISIC_1510820.jpg,ISIC_8943817.jpg,0.7145110368728638
ISIC_1510820.jpg,ISIC_8945286.jpg,0.8296096324920654
ISIC_1510820.jpg,ISIC_8946926.jpg,0.6665633916854858
ISIC_1510820.jpg,ISIC_8947444.jpg,0.7433125376701355
ISIC_1510820.jpg,ISIC_8948314.jpg,0.8114319443702698
ISIC_1510820.jpg,ISIC_8949833.jpg,0.4229550063610077
ISIC_1510820.jpg,ISIC_8950567.jpg,0.32819974422454834
ISIC_1510820.jpg,ISIC_8951672.jpg,0.6283078193664551
ISIC_1510820.jpg,ISIC_8951943.jpg,0.7566045522689819
ISIC_1510820.jpg,ISIC_8952876.jpg,0.3055802881717682
ISIC_1510820.jpg,ISIC_8953808.jpg,0.39082416892051697
ISIC_1510820.jpg,ISIC_8954491.jpg,0.8051519989967346
ISIC_1510820.jpg,ISIC_8954775.jpg,0.6176831126213074
ISIC_1510820.jpg,ISIC_8958259.jpg,0.7536210417747498
ISIC_1510820.jpg,ISIC_8958344.jpg,0.8550835251808167
ISIC_1510820.jpg,ISIC_8959686.jpg,0.6657907962799072
ISIC_1510820.jpg,ISIC_8961647.jpg,0.31637170910835266
ISIC_1510820.jpg,ISIC_8962905.jpg,0.3550097644329071
ISIC_1510820.jpg,ISIC_8964189.jpg,0.8200365304946899
ISIC_1510820.jpg,ISIC_8964270.jpg,0.5745460391044617
ISIC_1510820.jpg,ISIC_8964604.jpg,0.5943266749382019
ISIC_1510820.jpg,ISIC_8964676.jpg,0.5194495916366577
ISIC_1510820.jpg,ISIC_8965024.jpg,0.43313050270080566
ISIC_1510820.jpg,ISIC_8966656.jpg,0.62626713514328
ISIC_1510820.jpg,ISIC_8969962.jpg,0.7543485760688782
ISIC_1510820.jpg,ISIC_8971006.jpg,0.8310170769691467
ISIC_1510820.jpg,ISIC_8971245.jpg,0.8590226769447327
ISIC_1510820.jpg,ISIC_8972367.jpg,0.7500512003898621
ISIC_1510820.jpg,ISIC_8974538.jpg,0.7793740630149841
ISIC_1510820.jpg,ISIC_8976229.jpg,0.7407217025756836
ISIC_1510820.jpg,ISIC_8980146.jpg,0.6122755408287048
ISIC_1510820.jpg,ISIC_8980733.jpg,0.6799131631851196
ISIC_1510820.jpg,ISIC_8980995.jpg,0.6465361714363098
ISIC_1510820.jpg,ISIC_8983743.jpg,0.5865194797515869
ISIC_1510820.jpg,ISIC_8984115.jpg,0.8582826256752014
ISIC_1510820.jpg,ISIC_8984864.jpg,0.7998034954071045
ISIC_1510820.jpg,ISIC_8985582.jpg,0.2566455900669098
ISIC_1510820.jpg,ISIC_8987790.jpg,0.8027015924453735
ISIC_1510820.jpg,ISIC_8987816.jpg,0.7395237684249878
ISIC_1510820.jpg,ISIC_8987944.jpg,0.633609414100647
ISIC_1510820.jpg,ISIC_8988074.jpg,0.8203772306442261
ISIC_1510820.jpg,ISIC_8988125.jpg,0.5887098908424377
ISIC_1510820.jpg,ISIC_8989246.jpg,0.09846692532300949
ISIC_1510820.jpg,ISIC_8989674.jpg,0.7483614683151245
ISIC_1510820.jpg,ISIC_8990534.jpg,0.20058739185333252
ISIC_1510820.jpg,ISIC_8991162.jpg,0.6170924305915833
ISIC_1510820.jpg,ISIC_8994705.jpg,0.8456684350967407
ISIC_1510820.jpg,ISIC_8998656.jpg,0.8280414342880249
ISIC_1510820.jpg,ISIC_8999365.jpg,0.758442759513855
ISIC_1510820.jpg,ISIC_9002130.jpg,0.7641076445579529
ISIC_1510820.jpg,ISIC_9002755.jpg,0.807421863079071
ISIC_1510820.jpg,ISIC_9003624.jpg,0.4654685854911804
ISIC_1510820.jpg,ISIC_9005237.jpg,0.639385461807251
ISIC_1510820.jpg,ISIC_9006649.jpg,0.5646482706069946
ISIC_1510820.jpg,ISIC_9008398.jpg,0.8557894229888916
ISIC_1510820.jpg,ISIC_9009245.jpg,0.4077187478542328
ISIC_1510820.jpg,ISIC_9010905.jpg,0.7901396751403809
ISIC_1510820.jpg,ISIC_9013687.jpg,0.7649259567260742
ISIC_1510820.jpg,ISIC_9013692.jpg,0.6247190237045288
ISIC_1510820.jpg,ISIC_9013834.jpg,0.5535244941711426
ISIC_1510820.jpg,ISIC_9017571.jpg,0.7115859985351562
ISIC_1510820.jpg,ISIC_9018217.jpg,0.6571847200393677
ISIC_1510820.jpg,ISIC_9018830.jpg,0.6093195080757141
ISIC_1510820.jpg,ISIC_9019607.jpg,0.7712230086326599
ISIC_1510820.jpg,ISIC_9020555.jpg,0.8131764531135559
ISIC_1510820.jpg,ISIC_9021401.jpg,0.4721999764442444
ISIC_1510820.jpg,ISIC_9022771.jpg,0.4637805223464966
ISIC_1510820.jpg,ISIC_9025314.jpg,0.8432509899139404
ISIC_1510820.jpg,ISIC_9027197.jpg,0.54908287525177
ISIC_1510820.jpg,ISIC_9031778.jpg,0.517445981502533
ISIC_1510820.jpg,ISIC_9034421.jpg,0.502475380897522
ISIC_1510820.jpg,ISIC_9034553.jpg,0.771868109703064
ISIC_1510820.jpg,ISIC_9034965.jpg,0.702153742313385
ISIC_1510820.jpg,ISIC_9035628.jpg,0.4525778293609619
ISIC_1510820.jpg,ISIC_9036933.jpg,0.6428138613700867
ISIC_1510820.jpg,ISIC_9039512.jpg,0.8617321252822876
ISIC_1510820.jpg,ISIC_9040585.jpg,0.7305158376693726
ISIC_1510820.jpg,ISIC_9042020.jpg,0.7544983625411987
ISIC_1510820.jpg,ISIC_9042055.jpg,0.2324700653553009
ISIC_1510820.jpg,ISIC_9046624.jpg,0.723541259765625
ISIC_1510820.jpg,ISIC_9047445.jpg,0.40218132734298706
ISIC_1510820.jpg,ISIC_9048634.jpg,0.46126216650009155
ISIC_1510820.jpg,ISIC_9049820.jpg,0.8248729109764099
ISIC_1510820.jpg,ISIC_9050193.jpg,0.7348489761352539
ISIC_1510820.jpg,ISIC_9055320.jpg,0.21972563862800598
ISIC_1510820.jpg,ISIC_9057036.jpg,0.8053543567657471
ISIC_1510820.jpg,ISIC_9058971.jpg,0.8293681740760803
ISIC_1510820.jpg,ISIC_9059207.jpg,0.7573725581169128
ISIC_1510820.jpg,ISIC_9060254.jpg,0.7733725309371948
ISIC_1510820.jpg,ISIC_9061798.jpg,0.47687169909477234
ISIC_1510820.jpg,ISIC_9063375.jpg,0.7221543192863464
ISIC_1510820.jpg,ISIC_9063657.jpg,0.2728802561759949
ISIC_1510820.jpg,ISIC_9065092.jpg,0.7396272420883179
ISIC_1510820.jpg,ISIC_9066369.jpg,0.4779294431209564
ISIC_1510820.jpg,ISIC_9067229.jpg,0.3700254559516907
ISIC_1510820.jpg,ISIC_9068075.jpg,0.7647168636322021
ISIC_1510820.jpg,ISIC_9073521.jpg,0.7708751559257507
ISIC_1510820.jpg,ISIC_9073812.jpg,0.3517933189868927
ISIC_1510820.jpg,ISIC_9074443.jpg,0.7250339984893799
ISIC_1510820.jpg,ISIC_9075192.jpg,0.6853358149528503
ISIC_1510820.jpg,ISIC_9076973.jpg,0.20413893461227417
ISIC_1510820.jpg,ISIC_9078802.jpg,0.37205395102500916
ISIC_1510820.jpg,ISIC_9079297.jpg,0.43587255477905273
ISIC_1510820.jpg,ISIC_9080885.jpg,0.6239688992500305
ISIC_1510820.jpg,ISIC_9083661.jpg,0.6868782639503479
ISIC_1510820.jpg,ISIC_9084283.jpg,0.6434983015060425
ISIC_1510820.jpg,ISIC_9086006.jpg,0.5848984122276306
ISIC_1510820.jpg,ISIC_9087762.jpg,0.7204219698905945
ISIC_1510820.jpg,ISIC_9091107.jpg,0.7629649639129639
ISIC_1510820.jpg,ISIC_9091217.jpg,0.6815808415412903
ISIC_1510820.jpg,ISIC_9092837.jpg,0.624111533164978
ISIC_1510820.jpg,ISIC_9093052.jpg,0.6004776358604431
ISIC_1510820.jpg,ISIC_9093252.jpg,0.24683138728141785
ISIC_1510820.jpg,ISIC_9093510.jpg,0.2745439112186432
ISIC_1510820.jpg,ISIC_9097422.jpg,0.7968687415122986
ISIC_1510820.jpg,ISIC_9097649.jpg,0.6632508635520935
ISIC_1510820.jpg,ISIC_9100035.jpg,0.6907979846000671
ISIC_1510820.jpg,ISIC_9100455.jpg,0.1427198201417923
ISIC_1510820.jpg,ISIC_9101004.jpg,0.4336495101451874
ISIC_1510820.jpg,ISIC_9101048.jpg,0.7516785860061646
ISIC_1510820.jpg,ISIC_9101762.jpg,0.465690940618515
ISIC_1510820.jpg,ISIC_9101868.jpg,0.33389607071876526
ISIC_1510820.jpg,ISIC_9102112.jpg,0.7774694561958313
ISIC_1510820.jpg,ISIC_9105385.jpg,0.16949543356895447
ISIC_1510820.jpg,ISIC_9105386.jpg,0.30073079466819763
ISIC_1510820.jpg,ISIC_9105772.jpg,0.2279704362154007
ISIC_1510820.jpg,ISIC_9107177.jpg,0.799574077129364
ISIC_1510820.jpg,ISIC_9107651.jpg,0.7471737861633301
ISIC_1510820.jpg,ISIC_9107678.jpg,0.34392139315605164
ISIC_1510820.jpg,ISIC_9108482.jpg,0.8871222734451294
ISIC_1510820.jpg,ISIC_9108838.jpg,0.5473027229309082
ISIC_1510820.jpg,ISIC_9109293.jpg,0.7883654236793518
ISIC_1510820.jpg,ISIC_9112240.jpg,0.7135733962059021
ISIC_1510820.jpg,ISIC_9114248.jpg,0.1827692985534668
ISIC_1510820.jpg,ISIC_9122069.jpg,0.6914318799972534
ISIC_1510820.jpg,ISIC_9124451.jpg,0.7324851751327515
ISIC_1510820.jpg,ISIC_9124728.jpg,0.7274782061576843
ISIC_1510820.jpg,ISIC_9125989.jpg,0.762528657913208
ISIC_1510820.jpg,ISIC_9126660.jpg,0.3386736512184143
ISIC_1510820.jpg,ISIC_9131529.jpg,0.7488780617713928
ISIC_1510820.jpg,ISIC_9131769.jpg,0.7984501719474792
ISIC_1510820.jpg,ISIC_9132494.jpg,0.7849695086479187
ISIC_1510820.jpg,ISIC_9135550.jpg,0.32461199164390564
ISIC_1510820.jpg,ISIC_9135940.jpg,0.23860354721546173
ISIC_1510820.jpg,ISIC_9136878.jpg,0.6219182014465332
ISIC_1510820.jpg,ISIC_9140624.jpg,0.5714970231056213
ISIC_1510820.jpg,ISIC_9140839.jpg,0.6564691066741943
ISIC_1510820.jpg,ISIC_9140847.jpg,0.8187968134880066
ISIC_1510820.jpg,ISIC_9141993.jpg,0.3695119321346283
ISIC_1510820.jpg,ISIC_9142163.jpg,0.6819506883621216
ISIC_1510820.jpg,ISIC_9142737.jpg,0.6751633882522583
ISIC_1510820.jpg,ISIC_9142988.jpg,0.4569537937641144
ISIC_1510820.jpg,ISIC_9145307.jpg,0.7546939849853516
ISIC_1510820.jpg,ISIC_9148590.jpg,0.4552522301673889
ISIC_1510820.jpg,ISIC_9149390.jpg,0.6368632912635803
ISIC_1510820.jpg,ISIC_9149497.jpg,0.8551812767982483
ISIC_1510820.jpg,ISIC_9151043.jpg,0.7679906487464905
ISIC_1510820.jpg,ISIC_9151798.jpg,0.69704270362854
ISIC_1510820.jpg,ISIC_9151820.jpg,0.6408770084381104
ISIC_1510820.jpg,ISIC_9156895.jpg,0.7868800759315491
ISIC_1510820.jpg,ISIC_9156944.jpg,0.6433466672897339
ISIC_1510820.jpg,ISIC_9157640.jpg,0.8185190558433533
ISIC_1510820.jpg,ISIC_9158342.jpg,0.43298831582069397
ISIC_1510820.jpg,ISIC_9161496.jpg,0.5483464002609253
ISIC_1510820.jpg,ISIC_9162488.jpg,0.8359481692314148
ISIC_1510820.jpg,ISIC_9163528.jpg,0.8431888818740845
ISIC_1510820.jpg,ISIC_9164605.jpg,0.4082478880882263
ISIC_1510820.jpg,ISIC_9167543.jpg,0.8572326898574829
ISIC_1510820.jpg,ISIC_9167607.jpg,0.5486721396446228
ISIC_1510820.jpg,ISIC_9168537.jpg,0.7675821781158447
ISIC_1510820.jpg,ISIC_9168740.jpg,0.6271055340766907
ISIC_1510820.jpg,ISIC_9169910.jpg,0.24115926027297974
ISIC_1510820.jpg,ISIC_9170035.jpg,0.6693592667579651
ISIC_1510820.jpg,ISIC_9171223.jpg,0.817215085029602
ISIC_1510820.jpg,ISIC_9172945.jpg,0.7948799133300781
ISIC_1510820.jpg,ISIC_9173786.jpg,0.6169878840446472
ISIC_1510820.jpg,ISIC_9174152.jpg,0.6803596615791321
ISIC_1510820.jpg,ISIC_9174552.jpg,0.7469470500946045
ISIC_1510820.jpg,ISIC_9175873.jpg,0.8605518937110901
ISIC_1510820.jpg,ISIC_9180287.jpg,0.8990877270698547
ISIC_1510820.jpg,ISIC_9181340.jpg,0.374297171831131
ISIC_1510820.jpg,ISIC_9181743.jpg,0.6618068218231201
ISIC_1510820.jpg,ISIC_9182942.jpg,0.8729070425033569
ISIC_1510820.jpg,ISIC_9183084.jpg,0.4331205487251282
ISIC_1510820.jpg,ISIC_9184615.jpg,0.4982897937297821
ISIC_1510820.jpg,ISIC_9185938.jpg,0.7378125786781311
ISIC_1510820.jpg,ISIC_9186721.jpg,0.5183348059654236
ISIC_1510820.jpg,ISIC_9187566.jpg,0.1854613572359085
ISIC_1510820.jpg,ISIC_9187921.jpg,0.5082889199256897
ISIC_1510820.jpg,ISIC_9188862.jpg,0.7795884013175964
ISIC_1510820.jpg,ISIC_9192257.jpg,0.734419047832489
ISIC_1510820.jpg,ISIC_9192659.jpg,0.7644152641296387
ISIC_1510820.jpg,ISIC_9194284.jpg,0.3496963381767273
ISIC_1510820.jpg,ISIC_9194658.jpg,0.9098812341690063
ISIC_1510820.jpg,ISIC_9195184.jpg,0.7083158493041992
ISIC_1510820.jpg,ISIC_9197861.jpg,0.6863671541213989
ISIC_1510820.jpg,ISIC_9198651.jpg,0.7025340795516968
ISIC_1510820.jpg,ISIC_9199792.jpg,0.7193055748939514
ISIC_1510820.jpg,ISIC_9203162.jpg,0.7253119349479675
ISIC_1510820.jpg,ISIC_9203929.jpg,0.3481244742870331
ISIC_1510820.jpg,ISIC_9207339.jpg,0.36831164360046387
ISIC_1510820.jpg,ISIC_9207601.jpg,0.8471648097038269
ISIC_1510820.jpg,ISIC_9211310.jpg,0.3043380677700043
ISIC_1510820.jpg,ISIC_9211681.jpg,0.14691680669784546
ISIC_1510820.jpg,ISIC_9214715.jpg,0.4022037088871002
ISIC_1510820.jpg,ISIC_9215680.jpg,0.2915153503417969
ISIC_1510820.jpg,ISIC_9216693.jpg,0.44169798493385315
ISIC_1510820.jpg,ISIC_9218660.jpg,0.6964007019996643
ISIC_1510820.jpg,ISIC_9218956.jpg,0.4884178042411804
ISIC_1510820.jpg,ISIC_9220014.jpg,0.5064060091972351
ISIC_1510820.jpg,ISIC_9221947.jpg,0.8723409175872803
ISIC_1510820.jpg,ISIC_9224692.jpg,0.8954963088035583
ISIC_1510820.jpg,ISIC_9224823.jpg,0.8703916668891907
ISIC_1510820.jpg,ISIC_9225102.jpg,0.6943650841712952
ISIC_1510820.jpg,ISIC_9228022.jpg,0.608718991279602
ISIC_1510820.jpg,ISIC_9233285.jpg,0.5473942756652832
ISIC_1510820.jpg,ISIC_9234032.jpg,0.8504217863082886
ISIC_1510820.jpg,ISIC_9234969.jpg,0.6101086139678955
ISIC_1510820.jpg,ISIC_9235283.jpg,0.4866909980773926
ISIC_1510820.jpg,ISIC_9235659.jpg,0.7403204441070557
ISIC_1510820.jpg,ISIC_9237549.jpg,0.8021863698959351
ISIC_1510820.jpg,ISIC_9237660.jpg,0.7955681085586548
ISIC_1510820.jpg,ISIC_9239212.jpg,0.8073296546936035
ISIC_1510820.jpg,ISIC_9240897.jpg,0.781218945980072
ISIC_1510820.jpg,ISIC_9241147.jpg,0.7943896055221558
ISIC_1510820.jpg,ISIC_9242278.jpg,0.5997093319892883
ISIC_1510820.jpg,ISIC_9242758.jpg,0.6686674356460571
ISIC_1510820.jpg,ISIC_9243223.jpg,0.8809301257133484
ISIC_1510820.jpg,ISIC_9243861.jpg,0.8741652965545654
ISIC_1510820.jpg,ISIC_9246598.jpg,0.8498995304107666
ISIC_1510820.jpg,ISIC_9249558.jpg,0.8043643236160278
ISIC_1510820.jpg,ISIC_9250246.jpg,0.8514900207519531
ISIC_1510820.jpg,ISIC_9251197.jpg,0.5958248972892761
ISIC_1510820.jpg,ISIC_9252742.jpg,0.8292850255966187
ISIC_1510820.jpg,ISIC_9254796.jpg,0.418010950088501
ISIC_1510820.jpg,ISIC_9258565.jpg,0.8158453106880188
ISIC_1510820.jpg,ISIC_9259972.jpg,0.708661675453186
ISIC_1510820.jpg,ISIC_9262161.jpg,0.5084542036056519
ISIC_1510820.jpg,ISIC_9265002.jpg,0.8488882184028625
ISIC_1510820.jpg,ISIC_9265385.jpg,0.7379962205886841
ISIC_1510820.jpg,ISIC_9269637.jpg,0.7011369466781616
ISIC_1510820.jpg,ISIC_9272530.jpg,0.7326078414916992
ISIC_1510820.jpg,ISIC_9272888.jpg,0.45736873149871826
ISIC_1510820.jpg,ISIC_9273234.jpg,0.4135378897190094
ISIC_1510820.jpg,ISIC_9274269.jpg,0.5609419345855713
ISIC_1510820.jpg,ISIC_9275700.jpg,0.7355273962020874
ISIC_1510820.jpg,ISIC_9277130.jpg,0.8089892268180847
ISIC_1510820.jpg,ISIC_9280090.jpg,0.6890425086021423
ISIC_1510820.jpg,ISIC_9280462.jpg,0.5645584464073181
ISIC_1510820.jpg,ISIC_9280822.jpg,0.5197468996047974
ISIC_1510820.jpg,ISIC_9282097.jpg,0.7693007588386536
ISIC_1510820.jpg,ISIC_9286333.jpg,0.621019184589386
ISIC_1510820.jpg,ISIC_9286553.jpg,0.5459641218185425
ISIC_1510820.jpg,ISIC_9286642.jpg,0.811163604259491
ISIC_1510820.jpg,ISIC_9286788.jpg,0.7179952263832092
ISIC_1510820.jpg,ISIC_9287804.jpg,0.8709364533424377
ISIC_1510820.jpg,ISIC_9289075.jpg,0.8430063128471375
ISIC_1510820.jpg,ISIC_9289090.jpg,0.8080312013626099
ISIC_1510820.jpg,ISIC_9289197.jpg,0.8582020401954651
ISIC_1510820.jpg,ISIC_9291596.jpg,0.2879447340965271
ISIC_1510820.jpg,ISIC_9291828.jpg,0.42795321345329285
ISIC_1510820.jpg,ISIC_9295328.jpg,0.8541143536567688
ISIC_1510820.jpg,ISIC_9296170.jpg,0.8261585235595703
ISIC_1510820.jpg,ISIC_9299316.jpg,0.3025893568992615
ISIC_1510820.jpg,ISIC_9303631.jpg,0.6894616484642029
ISIC_1510820.jpg,ISIC_9306623.jpg,0.2236187607049942
ISIC_1510820.jpg,ISIC_9306935.jpg,0.7398737072944641
ISIC_1510820.jpg,ISIC_9307335.jpg,0.6026387214660645
ISIC_1510820.jpg,ISIC_9307630.jpg,0.6705144047737122
ISIC_1510820.jpg,ISIC_9308141.jpg,0.7323070764541626
ISIC_1510820.jpg,ISIC_9308692.jpg,0.5253697037696838
ISIC_1510820.jpg,ISIC_9308958.jpg,0.7650972604751587
ISIC_1510820.jpg,ISIC_9309879.jpg,0.5414593815803528
ISIC_1510820.jpg,ISIC_9310576.jpg,0.5970442891120911
ISIC_1510820.jpg,ISIC_9310591.jpg,0.353219598531723
ISIC_1510820.jpg,ISIC_9312065.jpg,0.20588238537311554
ISIC_1510820.jpg,ISIC_9313535.jpg,0.4893067181110382
ISIC_1510820.jpg,ISIC_9317637.jpg,0.5285496711730957
ISIC_1510820.jpg,ISIC_9318490.jpg,0.3159483075141907
ISIC_1510820.jpg,ISIC_9318565.jpg,0.8606694936752319
ISIC_1510820.jpg,ISIC_9320994.jpg,0.7300041317939758
ISIC_1510820.jpg,ISIC_9322605.jpg,0.2412886917591095
ISIC_1510820.jpg,ISIC_9323866.jpg,0.8666187524795532
ISIC_1510820.jpg,ISIC_9325387.jpg,0.19268453121185303
ISIC_1510820.jpg,ISIC_9326230.jpg,0.7865307927131653
ISIC_1510820.jpg,ISIC_9327290.jpg,0.68814617395401
ISIC_1510820.jpg,ISIC_9332396.jpg,0.2272338569164276
ISIC_1510820.jpg,ISIC_9335018.jpg,0.7973448634147644
ISIC_1510820.jpg,ISIC_9336332.jpg,0.2714386284351349
ISIC_1510820.jpg,ISIC_9337556.jpg,0.9225714206695557
ISIC_1510820.jpg,ISIC_9340537.jpg,0.41365617513656616
ISIC_1510820.jpg,ISIC_9341159.jpg,0.4530048072338104
ISIC_1510820.jpg,ISIC_9341631.jpg,0.23390813171863556
ISIC_1510820.jpg,ISIC_9341718.jpg,0.838745653629303
ISIC_1510820.jpg,ISIC_9342419.jpg,0.46836981177330017
ISIC_1510820.jpg,ISIC_9342809.jpg,0.3544020652770996
ISIC_1510820.jpg,ISIC_9343272.jpg,0.38217249512672424
ISIC_1510820.jpg,ISIC_9345094.jpg,0.7630111575126648
ISIC_1510820.jpg,ISIC_9346529.jpg,0.7136074900627136
ISIC_1510820.jpg,ISIC_9347323.jpg,0.3948156535625458
ISIC_1510820.jpg,ISIC_9350250.jpg,0.8906583786010742
ISIC_1510820.jpg,ISIC_9351693.jpg,0.8429953455924988
ISIC_1510820.jpg,ISIC_9353360.jpg,0.1512458175420761
ISIC_1510820.jpg,ISIC_9354346.jpg,0.5345600247383118
ISIC_1510820.jpg,ISIC_9358108.jpg,0.8606470227241516
ISIC_1510820.jpg,ISIC_9358483.jpg,0.622761070728302
ISIC_1510820.jpg,ISIC_9359141.jpg,0.6976337432861328
ISIC_1510820.jpg,ISIC_9362634.jpg,0.6352051496505737
ISIC_1510820.jpg,ISIC_9363884.jpg,0.8651458621025085
ISIC_1510820.jpg,ISIC_9364759.jpg,0.5962013006210327
ISIC_1510820.jpg,ISIC_9367956.jpg,0.3342380225658417
ISIC_1510820.jpg,ISIC_9368385.jpg,0.12147783488035202
ISIC_1510820.jpg,ISIC_9369230.jpg,0.5203179121017456
ISIC_1510820.jpg,ISIC_9369302.jpg,0.8405582308769226
ISIC_1510820.jpg,ISIC_9372129.jpg,0.6967343688011169
ISIC_1510820.jpg,ISIC_9372173.jpg,0.49847498536109924
ISIC_1510820.jpg,ISIC_9374581.jpg,0.378467321395874
ISIC_1510820.jpg,ISIC_9374689.jpg,0.8996394276618958
ISIC_1510820.jpg,ISIC_9376658.jpg,0.13247789442539215
ISIC_1510820.jpg,ISIC_9381475.jpg,0.5379936099052429
ISIC_1510820.jpg,ISIC_9381492.jpg,0.6950287818908691
ISIC_1510820.jpg,ISIC_9381773.jpg,0.7831617593765259
ISIC_1510820.jpg,ISIC_9381977.jpg,0.8308084607124329
ISIC_1510820.jpg,ISIC_9383016.jpg,0.6699196100234985
ISIC_1510820.jpg,ISIC_9388406.jpg,0.4875231385231018
ISIC_1510820.jpg,ISIC_9390336.jpg,0.8846778869628906
ISIC_1510820.jpg,ISIC_9390440.jpg,0.8630814552307129
ISIC_1510820.jpg,ISIC_9391523.jpg,0.7837023138999939
ISIC_1510820.jpg,ISIC_9391983.jpg,0.4563272297382355
ISIC_1510820.jpg,ISIC_9393653.jpg,0.5087621212005615
ISIC_1510820.jpg,ISIC_9398826.jpg,0.22792558372020721
ISIC_1510820.jpg,ISIC_9400341.jpg,0.6935184001922607
ISIC_1510820.jpg,ISIC_9400786.jpg,0.2960529327392578
ISIC_1510820.jpg,ISIC_9404212.jpg,0.7367138266563416
ISIC_1510820.jpg,ISIC_9405195.jpg,0.8557796478271484
ISIC_1510820.jpg,ISIC_9405386.jpg,0.7266477942466736
ISIC_1510820.jpg,ISIC_9407352.jpg,0.7846991419792175
ISIC_1510820.jpg,ISIC_9411047.jpg,0.6761334538459778
ISIC_1510820.jpg,ISIC_9411778.jpg,0.6077403426170349
ISIC_1510820.jpg,ISIC_9411850.jpg,0.8835976123809814
ISIC_1510820.jpg,ISIC_9414296.jpg,0.6427783370018005
ISIC_1510820.jpg,ISIC_9415087.jpg,0.7916234135627747
ISIC_1510820.jpg,ISIC_9415347.jpg,0.8538981080055237
ISIC_1510820.jpg,ISIC_9416647.jpg,0.5289818048477173
ISIC_1510820.jpg,ISIC_9416839.jpg,0.5476778149604797
ISIC_1510820.jpg,ISIC_9419168.jpg,0.7659451365470886
ISIC_1510820.jpg,ISIC_9420623.jpg,0.8194056749343872
ISIC_1510820.jpg,ISIC_9422657.jpg,0.7533062100410461
ISIC_1510820.jpg,ISIC_9424112.jpg,0.8567565679550171
ISIC_1510820.jpg,ISIC_9424470.jpg,0.3509606420993805
ISIC_1510820.jpg,ISIC_9425285.jpg,0.7832432985305786
ISIC_1510820.jpg,ISIC_9425501.jpg,0.35553184151649475
ISIC_1510820.jpg,ISIC_9428732.jpg,0.7507487535476685
ISIC_1510820.jpg,ISIC_9429943.jpg,0.3145458400249481
ISIC_1510820.jpg,ISIC_9430171.jpg,0.6636234521865845
ISIC_1510820.jpg,ISIC_9431076.jpg,0.5723121762275696
ISIC_1510820.jpg,ISIC_9431437.jpg,0.8114668726921082
ISIC_1510820.jpg,ISIC_9432288.jpg,0.43864938616752625
ISIC_1510820.jpg,ISIC_9433769.jpg,0.8444745540618896
ISIC_1510820.jpg,ISIC_9434018.jpg,0.7936646342277527
ISIC_1510820.jpg,ISIC_9436771.jpg,0.7820491790771484
ISIC_1510820.jpg,ISIC_9438854.jpg,0.7622780203819275
ISIC_1510820.jpg,ISIC_9439231.jpg,0.4994778037071228
ISIC_1510820.jpg,ISIC_9439244.jpg,0.20322377979755402
ISIC_1510820.jpg,ISIC_9439908.jpg,0.3858828544616699
ISIC_1510820.jpg,ISIC_9440851.jpg,0.6175053119659424
ISIC_1510820.jpg,ISIC_9440902.jpg,0.14517155289649963
ISIC_1510820.jpg,ISIC_9443862.jpg,0.7889515161514282
ISIC_1510820.jpg,ISIC_9448856.jpg,0.826088011264801
ISIC_1510820.jpg,ISIC_9450189.jpg,0.5093615055084229
ISIC_1510820.jpg,ISIC_9451161.jpg,0.8558545708656311
ISIC_1510820.jpg,ISIC_9454520.jpg,0.6524873971939087
ISIC_1510820.jpg,ISIC_9454633.jpg,0.7824155688285828
ISIC_1510820.jpg,ISIC_9455202.jpg,0.631695032119751
ISIC_1510820.jpg,ISIC_9455280.jpg,0.40482425689697266
ISIC_1510820.jpg,ISIC_9456779.jpg,0.23886902630329132
ISIC_1510820.jpg,ISIC_9458416.jpg,0.590327799320221
ISIC_1510820.jpg,ISIC_9458964.jpg,0.45969319343566895
ISIC_1510820.jpg,ISIC_9462823.jpg,0.6463199853897095
ISIC_1510820.jpg,ISIC_9464286.jpg,0.5244483351707458
ISIC_1510820.jpg,ISIC_9465938.jpg,0.7850397825241089
ISIC_1510820.jpg,ISIC_9467877.jpg,0.8500199317932129
ISIC_1510820.jpg,ISIC_9471010.jpg,0.8544666171073914
ISIC_1510820.jpg,ISIC_9471866.jpg,0.8186970353126526
ISIC_1510820.jpg,ISIC_9472514.jpg,0.6948990821838379
ISIC_1510820.jpg,ISIC_9472708.jpg,0.7648485898971558
ISIC_1510820.jpg,ISIC_9472856.jpg,0.7444513440132141
ISIC_1510820.jpg,ISIC_9473192.jpg,0.8136857151985168
ISIC_1510820.jpg,ISIC_9473581.jpg,0.7781577706336975
ISIC_1510820.jpg,ISIC_9474385.jpg,0.8979546427726746
ISIC_1510820.jpg,ISIC_9476269.jpg,0.7626019716262817
ISIC_1510820.jpg,ISIC_9476938.jpg,0.8232384324073792
ISIC_1510820.jpg,ISIC_9478088.jpg,0.22571729123592377
ISIC_1510820.jpg,ISIC_9480050.jpg,0.7157889008522034
ISIC_1510820.jpg,ISIC_9480897.jpg,0.6653204560279846
ISIC_1510820.jpg,ISIC_9483222.jpg,0.3097626864910126
ISIC_1510820.jpg,ISIC_9484827.jpg,0.4482133984565735
ISIC_1510820.jpg,ISIC_9486077.jpg,0.8528465628623962
ISIC_1510820.jpg,ISIC_9487545.jpg,0.39667224884033203
ISIC_1510820.jpg,ISIC_9490517.jpg,0.4070031940937042
ISIC_1510820.jpg,ISIC_9495534.jpg,0.12821336090564728
ISIC_1510820.jpg,ISIC_9496437.jpg,0.815523087978363
ISIC_1510820.jpg,ISIC_9497933.jpg,0.4711555540561676
ISIC_1510820.jpg,ISIC_9498081.jpg,0.7090274095535278
ISIC_1510820.jpg,ISIC_9499578.jpg,0.38235434889793396
ISIC_1510820.jpg,ISIC_9502233.jpg,0.813055157661438
ISIC_1510820.jpg,ISIC_9502846.jpg,0.5211621522903442
ISIC_1510820.jpg,ISIC_9503665.jpg,0.3014363944530487
ISIC_1510820.jpg,ISIC_9504668.jpg,0.7848860621452332
ISIC_1510820.jpg,ISIC_9505721.jpg,0.7865307331085205
ISIC_1510820.jpg,ISIC_9506089.jpg,0.5736165642738342
ISIC_1510820.jpg,ISIC_9508507.jpg,0.7360295057296753
ISIC_1510820.jpg,ISIC_9508816.jpg,0.7586601376533508
ISIC_1510820.jpg,ISIC_9509950.jpg,0.7759042382240295
ISIC_1510820.jpg,ISIC_9511982.jpg,0.3430047035217285
ISIC_1510820.jpg,ISIC_9512059.jpg,0.8273030519485474
ISIC_1510820.jpg,ISIC_9515324.jpg,0.2500402629375458
ISIC_1510820.jpg,ISIC_9516799.jpg,0.8308885097503662
ISIC_1510820.jpg,ISIC_9519092.jpg,0.8285753726959229
ISIC_1510820.jpg,ISIC_9519270.jpg,0.244329571723938
ISIC_1510820.jpg,ISIC_9520761.jpg,0.7494231462478638
ISIC_1510820.jpg,ISIC_9521732.jpg,0.7284024953842163
ISIC_1510820.jpg,ISIC_9522771.jpg,0.6509559154510498
ISIC_1510820.jpg,ISIC_9523755.jpg,0.8605340123176575
ISIC_1510820.jpg,ISIC_9526357.jpg,0.8857650756835938
ISIC_1510820.jpg,ISIC_9528336.jpg,0.8337002992630005
ISIC_1510820.jpg,ISIC_9528425.jpg,0.825143039226532
ISIC_1510820.jpg,ISIC_9531727.jpg,0.8088334202766418
ISIC_1510820.jpg,ISIC_9532428.jpg,0.7125874757766724
ISIC_1510820.jpg,ISIC_9537778.jpg,0.9028005599975586
ISIC_1510820.jpg,ISIC_9539153.jpg,0.5316615700721741
ISIC_1510820.jpg,ISIC_9539564.jpg,0.6247387528419495
ISIC_1510820.jpg,ISIC_9540894.jpg,0.8977515697479248
ISIC_1510820.jpg,ISIC_9543891.jpg,0.8047881722450256
ISIC_1510820.jpg,ISIC_9544045.jpg,0.8591103553771973
ISIC_1510820.jpg,ISIC_9545152.jpg,0.7387953400611877
ISIC_1510820.jpg,ISIC_9547337.jpg,0.7547605633735657
ISIC_1510820.jpg,ISIC_9550350.jpg,0.8051806092262268
ISIC_1510820.jpg,ISIC_9552129.jpg,0.3918822407722473
ISIC_1510820.jpg,ISIC_9552986.jpg,0.46205899119377136
ISIC_1510820.jpg,ISIC_9553857.jpg,0.7875605225563049
ISIC_1510820.jpg,ISIC_9554478.jpg,0.9124124646186829
ISIC_1510820.jpg,ISIC_9554637.jpg,0.8348411321640015
ISIC_1510820.jpg,ISIC_9555049.jpg,0.8760036826133728
ISIC_1510820.jpg,ISIC_9555226.jpg,0.6498197913169861
ISIC_1510820.jpg,ISIC_9557584.jpg,0.4593668282032013
ISIC_1510820.jpg,ISIC_9557753.jpg,0.6499248743057251
ISIC_1510820.jpg,ISIC_9558797.jpg,0.4095616042613983
ISIC_1510820.jpg,ISIC_9558823.jpg,0.7773551940917969
ISIC_1510820.jpg,ISIC_9559734.jpg,0.46626389026641846
ISIC_1510820.jpg,ISIC_9562557.jpg,0.7623111009597778
ISIC_1510820.jpg,ISIC_9563612.jpg,0.3597404658794403
ISIC_1510820.jpg,ISIC_9565009.jpg,0.5889955163002014
ISIC_1510820.jpg,ISIC_9565522.jpg,0.11400505900382996
ISIC_1510820.jpg,ISIC_9565834.jpg,0.7998916506767273
ISIC_1510820.jpg,ISIC_9566153.jpg,0.7199332118034363
ISIC_1510820.jpg,ISIC_9566781.jpg,0.7281113862991333
ISIC_1510820.jpg,ISIC_9566869.jpg,0.7882867455482483
ISIC_1510820.jpg,ISIC_9566995.jpg,0.40976575016975403
ISIC_1510820.jpg,ISIC_9567086.jpg,0.7533204555511475
ISIC_1510820.jpg,ISIC_9568052.jpg,0.18412992358207703
ISIC_1510820.jpg,ISIC_9570510.jpg,0.3985152542591095
ISIC_1510820.jpg,ISIC_9572182.jpg,0.8166276216506958
ISIC_1510820.jpg,ISIC_9572206.jpg,0.8047220706939697
ISIC_1510820.jpg,ISIC_9575100.jpg,0.351020872592926
ISIC_1510820.jpg,ISIC_9576017.jpg,0.6758700609207153
ISIC_1510820.jpg,ISIC_9576872.jpg,0.13894888758659363
ISIC_1510820.jpg,ISIC_9576983.jpg,0.7305693626403809
ISIC_1510820.jpg,ISIC_9578201.jpg,0.7707866430282593
ISIC_1510820.jpg,ISIC_9581438.jpg,0.7226004004478455
ISIC_1510820.jpg,ISIC_9582219.jpg,0.8126715421676636
ISIC_1510820.jpg,ISIC_9582272.jpg,0.30445581674575806
ISIC_1510820.jpg,ISIC_9585872.jpg,0.7476975321769714
ISIC_1510820.jpg,ISIC_9586848.jpg,0.879840075969696
ISIC_1510820.jpg,ISIC_9586945.jpg,0.8709929585456848
ISIC_1510820.jpg,ISIC_9593129.jpg,0.5826497673988342
ISIC_1510820.jpg,ISIC_9594594.jpg,0.2688137888908386
ISIC_1510820.jpg,ISIC_9595936.jpg,0.7592847943305969
ISIC_1510820.jpg,ISIC_9597559.jpg,0.6634915471076965
ISIC_1510820.jpg,ISIC_9597570.jpg,0.5505557656288147
ISIC_1510820.jpg,ISIC_9598408.jpg,0.09450571238994598
ISIC_1510820.jpg,ISIC_9598745.jpg,0.5153902173042297
ISIC_1510820.jpg,ISIC_9601410.jpg,0.8388857841491699
ISIC_1510820.jpg,ISIC_9603620.jpg,0.5916270017623901
ISIC_1510820.jpg,ISIC_9604611.jpg,0.6516568064689636
ISIC_1510820.jpg,ISIC_9605223.jpg,0.7260125279426575
ISIC_1510820.jpg,ISIC_9610143.jpg,0.5928080677986145
ISIC_1510820.jpg,ISIC_9610738.jpg,0.5983065962791443
ISIC_1510820.jpg,ISIC_9610783.jpg,0.825335681438446
ISIC_1510820.jpg,ISIC_9610931.jpg,0.3804013729095459
ISIC_1510820.jpg,ISIC_9610986.jpg,0.6064779758453369
ISIC_1510820.jpg,ISIC_9611096.jpg,0.4726582467556
ISIC_1510820.jpg,ISIC_9612009.jpg,0.3817734718322754
ISIC_1510820.jpg,ISIC_9612128.jpg,0.8192124962806702
ISIC_1510820.jpg,ISIC_9613406.jpg,0.7303886413574219
ISIC_1510820.jpg,ISIC_9614732.jpg,0.7941548228263855
ISIC_1510820.jpg,ISIC_9615309.jpg,0.7623113989830017
ISIC_1510820.jpg,ISIC_9622423.jpg,0.6692261099815369
ISIC_1510820.jpg,ISIC_9622814.jpg,0.6805489659309387
ISIC_1510820.jpg,ISIC_9624902.jpg,0.6549598574638367
ISIC_1510820.jpg,ISIC_9626060.jpg,0.7730492353439331
ISIC_1510820.jpg,ISIC_9626654.jpg,0.7123614549636841
ISIC_1510820.jpg,ISIC_9630631.jpg,0.7046064734458923
ISIC_1510820.jpg,ISIC_9632466.jpg,0.7114251255989075
ISIC_1510820.jpg,ISIC_9633578.jpg,0.7320896983146667
ISIC_1510820.jpg,ISIC_9634301.jpg,0.29478344321250916
ISIC_1510820.jpg,ISIC_9634338.jpg,0.7117008566856384
ISIC_1510820.jpg,ISIC_9634605.jpg,0.4015089273452759
ISIC_1510820.jpg,ISIC_9635714.jpg,0.3158438801765442
ISIC_1510820.jpg,ISIC_9636985.jpg,0.6119166612625122
ISIC_1510820.jpg,ISIC_9638086.jpg,0.8187903761863708
ISIC_1510820.jpg,ISIC_9638464.jpg,0.47984039783477783
ISIC_1510820.jpg,ISIC_9640394.jpg,0.3045887351036072
ISIC_1510820.jpg,ISIC_9641213.jpg,0.7526369094848633
ISIC_1510820.jpg,ISIC_9643133.jpg,0.5920436978340149
ISIC_1510820.jpg,ISIC_9643232.jpg,0.8213307857513428
ISIC_1510820.jpg,ISIC_9647724.jpg,0.7095655798912048
ISIC_1510820.jpg,ISIC_9648810.jpg,0.8492594957351685
ISIC_1510820.jpg,ISIC_9649315.jpg,0.8603196740150452
ISIC_1510820.jpg,ISIC_9649614.jpg,0.8431050181388855
ISIC_1510820.jpg,ISIC_9650416.jpg,0.8635289072990417
ISIC_1510820.jpg,ISIC_9650954.jpg,0.3989453613758087
ISIC_1510820.jpg,ISIC_9652852.jpg,0.6361387968063354
ISIC_1510820.jpg,ISIC_9654373.jpg,0.75115966796875
ISIC_1510820.jpg,ISIC_9656902.jpg,0.7324524521827698
ISIC_1510820.jpg,ISIC_9657093.jpg,0.38275742530822754
ISIC_1510820.jpg,ISIC_9661048.jpg,0.7595886588096619
ISIC_1510820.jpg,ISIC_9661408.jpg,0.6587843298912048
ISIC_1510820.jpg,ISIC_9661960.jpg,0.649070680141449
ISIC_1510820.jpg,ISIC_9662365.jpg,0.5341243743896484
ISIC_1510820.jpg,ISIC_9662621.jpg,0.48400846123695374
ISIC_1510820.jpg,ISIC_9664555.jpg,0.8918634653091431
ISIC_1510820.jpg,ISIC_9668427.jpg,0.5651395916938782
ISIC_1510820.jpg,ISIC_9668890.jpg,0.6828879714012146
ISIC_1510820.jpg,ISIC_9669609.jpg,0.7522796392440796
ISIC_1510820.jpg,ISIC_9669857.jpg,0.8668397665023804
ISIC_1510820.jpg,ISIC_9671653.jpg,0.4400363266468048
ISIC_1510820.jpg,ISIC_9672112.jpg,0.8897324204444885
ISIC_1510820.jpg,ISIC_9676047.jpg,0.5166231393814087
ISIC_1510820.jpg,ISIC_9676644.jpg,0.532211184501648
ISIC_1510820.jpg,ISIC_9677559.jpg,0.7078612446784973
ISIC_1510820.jpg,ISIC_9677935.jpg,0.4826357066631317
ISIC_1510820.jpg,ISIC_9679360.jpg,0.8531728386878967
ISIC_1510820.jpg,ISIC_9681414.jpg,0.6140228509902954
ISIC_1510820.jpg,ISIC_9681634.jpg,0.7161437273025513
ISIC_1510820.jpg,ISIC_9684090.jpg,0.5977649092674255
ISIC_1510820.jpg,ISIC_9684470.jpg,0.6662907004356384
ISIC_1510820.jpg,ISIC_9685490.jpg,0.6435074210166931
ISIC_1510820.jpg,ISIC_9686337.jpg,0.7041723728179932
ISIC_1510820.jpg,ISIC_9688400.jpg,0.6141024231910706
ISIC_1510820.jpg,ISIC_9690651.jpg,0.5563610196113586
ISIC_1510820.jpg,ISIC_9691681.jpg,0.5758717060089111
ISIC_1510820.jpg,ISIC_9695660.jpg,0.49554169178009033
ISIC_1510820.jpg,ISIC_9697692.jpg,0.8368114233016968
ISIC_1510820.jpg,ISIC_9700357.jpg,0.6174786686897278
ISIC_1510820.jpg,ISIC_9700398.jpg,0.8292273283004761
ISIC_1510820.jpg,ISIC_9702840.jpg,0.6802675724029541
ISIC_1510820.jpg,ISIC_9703604.jpg,0.5450522303581238
ISIC_1510820.jpg,ISIC_9705000.jpg,0.4096164107322693
ISIC_1510820.jpg,ISIC_9705679.jpg,0.859642505645752
ISIC_1510820.jpg,ISIC_9705839.jpg,0.7819096446037292
ISIC_1510820.jpg,ISIC_9708816.jpg,0.7574514150619507
ISIC_1510820.jpg,ISIC_9708917.jpg,0.6932892799377441
ISIC_1510820.jpg,ISIC_9710645.jpg,0.8983707427978516
ISIC_1510820.jpg,ISIC_9711522.jpg,0.7507892847061157
ISIC_1510820.jpg,ISIC_9715108.jpg,0.7705958485603333
ISIC_1510820.jpg,ISIC_9715397.jpg,0.7599369287490845
ISIC_1510820.jpg,ISIC_9716246.jpg,0.8686662316322327
ISIC_1510820.jpg,ISIC_9718279.jpg,0.8764587640762329
ISIC_1510820.jpg,ISIC_9718744.jpg,0.7758971452713013
ISIC_1510820.jpg,ISIC_9719597.jpg,0.5487719178199768
ISIC_1510820.jpg,ISIC_9721106.jpg,0.8960365056991577
ISIC_1510820.jpg,ISIC_9722578.jpg,0.4192427396774292
ISIC_1510820.jpg,ISIC_9722875.jpg,0.8416951298713684
ISIC_1510820.jpg,ISIC_9723994.jpg,0.8752713799476624
ISIC_1510820.jpg,ISIC_9729042.jpg,0.14045174419879913
ISIC_1510820.jpg,ISIC_9729470.jpg,0.7584202289581299
ISIC_1510820.jpg,ISIC_9729657.jpg,0.3714445233345032
ISIC_1510820.jpg,ISIC_9730582.jpg,0.7736282348632812
ISIC_1510820.jpg,ISIC_9730892.jpg,0.7689099311828613
ISIC_1510820.jpg,ISIC_9731733.jpg,0.7331746816635132
ISIC_1510820.jpg,ISIC_9732518.jpg,0.7948752641677856
ISIC_1510820.jpg,ISIC_9733455.jpg,0.6414803862571716
ISIC_1510820.jpg,ISIC_9734753.jpg,0.38193514943122864
ISIC_1510820.jpg,ISIC_9735478.jpg,0.13368649780750275
ISIC_1510820.jpg,ISIC_9737755.jpg,0.41413354873657227
ISIC_1510820.jpg,ISIC_9737799.jpg,0.3222838342189789
ISIC_1510820.jpg,ISIC_9737914.jpg,0.700140655040741
ISIC_1510820.jpg,ISIC_9738859.jpg,0.5071191191673279
ISIC_1510820.jpg,ISIC_9739400.jpg,0.8784075975418091
ISIC_1510820.jpg,ISIC_9740139.jpg,0.804297149181366
ISIC_1510820.jpg,ISIC_9740435.jpg,0.5563649535179138
ISIC_1510820.jpg,ISIC_9741760.jpg,0.8202332258224487
ISIC_1510820.jpg,ISIC_9742031.jpg,0.8045554161071777
ISIC_1510820.jpg,ISIC_9742572.jpg,0.5012972950935364
ISIC_1510820.jpg,ISIC_9743234.jpg,0.7781816124916077
ISIC_1510820.jpg,ISIC_9744808.jpg,0.5558129549026489
ISIC_1510820.jpg,ISIC_9746585.jpg,0.4157848060131073
ISIC_1510820.jpg,ISIC_9747254.jpg,0.18675385415554047
ISIC_1510820.jpg,ISIC_9750982.jpg,0.7412207722663879
ISIC_1510820.jpg,ISIC_9751225.jpg,0.22173334658145905
ISIC_1510820.jpg,ISIC_9751559.jpg,0.36126935482025146
ISIC_1510820.jpg,ISIC_9751666.jpg,0.26300308108329773
ISIC_1510820.jpg,ISIC_9752088.jpg,0.4084209203720093
ISIC_1510820.jpg,ISIC_9752704.jpg,0.6414197683334351
ISIC_1510820.jpg,ISIC_9752812.jpg,0.8626909255981445
ISIC_1510820.jpg,ISIC_9754437.jpg,0.7036895751953125
ISIC_1510820.jpg,ISIC_9756144.jpg,0.7680540680885315
ISIC_1510820.jpg,ISIC_9757672.jpg,0.7247402667999268
ISIC_1510820.jpg,ISIC_9758068.jpg,0.5684680342674255
ISIC_1510820.jpg,ISIC_9760396.jpg,0.577166736125946
ISIC_1510820.jpg,ISIC_9760502.jpg,0.7801076173782349
ISIC_1510820.jpg,ISIC_9760777.jpg,0.7316117286682129
ISIC_1510820.jpg,ISIC_9762076.jpg,0.712234616279602
ISIC_1510820.jpg,ISIC_9762786.jpg,0.6010361313819885
ISIC_1510820.jpg,ISIC_9764424.jpg,0.702235996723175
ISIC_1510820.jpg,ISIC_9765963.jpg,0.5570959448814392
ISIC_1510820.jpg,ISIC_9767158.jpg,0.819756031036377
ISIC_1510820.jpg,ISIC_9769594.jpg,0.43869149684906006
ISIC_1510820.jpg,ISIC_9769723.jpg,0.722881555557251
ISIC_1510820.jpg,ISIC_9771418.jpg,0.4966655671596527
ISIC_1510820.jpg,ISIC_9771565.jpg,0.3065706193447113
ISIC_1510820.jpg,ISIC_9774915.jpg,0.4237683415412903
ISIC_1510820.jpg,ISIC_9775373.jpg,0.5321454405784607
ISIC_1510820.jpg,ISIC_9776988.jpg,0.7316303253173828
ISIC_1510820.jpg,ISIC_9777743.jpg,0.8396382331848145
ISIC_1510820.jpg,ISIC_9780160.jpg,0.6219903826713562
ISIC_1510820.jpg,ISIC_9780161.jpg,0.8465254902839661
ISIC_1510820.jpg,ISIC_9780991.jpg,0.8015901446342468
ISIC_1510820.jpg,ISIC_9781447.jpg,0.890869140625
ISIC_1510820.jpg,ISIC_9781886.jpg,0.8031491637229919
ISIC_1510820.jpg,ISIC_9782592.jpg,0.7273078560829163
ISIC_1510820.jpg,ISIC_9783961.jpg,0.8595304489135742
ISIC_1510820.jpg,ISIC_9785592.jpg,0.8587353825569153
ISIC_1510820.jpg,ISIC_9786035.jpg,0.5933362245559692
ISIC_1510820.jpg,ISIC_9786628.jpg,0.2736896276473999
ISIC_1510820.jpg,ISIC_9787314.jpg,0.14862386882305145
ISIC_1510820.jpg,ISIC_9787513.jpg,0.3870333731174469
ISIC_1510820.jpg,ISIC_9788810.jpg,0.6319490671157837
ISIC_1510820.jpg,ISIC_9789324.jpg,0.3847479820251465
ISIC_1510820.jpg,ISIC_9790934.jpg,0.7898972630500793
ISIC_1510820.jpg,ISIC_9792406.jpg,0.3833145201206207
ISIC_1510820.jpg,ISIC_9793946.jpg,0.7480919361114502
ISIC_1510820.jpg,ISIC_9797245.jpg,0.7260270714759827
ISIC_1510820.jpg,ISIC_9798583.jpg,0.7860034704208374
ISIC_1510820.jpg,ISIC_9802201.jpg,0.4384624660015106
ISIC_1510820.jpg,ISIC_9805149.jpg,0.7178345918655396
ISIC_1510820.jpg,ISIC_9806516.jpg,0.8416917324066162
ISIC_1510820.jpg,ISIC_9806811.jpg,0.6179761290550232
ISIC_1510820.jpg,ISIC_9808390.jpg,0.8576446175575256
ISIC_1510820.jpg,ISIC_9808824(1).jpg,0.41950440406799316
ISIC_1510820.jpg,ISIC_9808824.jpg,0.41950440406799316
ISIC_1510820.jpg,ISIC_9812833(1).jpg,0.8216487169265747
ISIC_1510820.jpg,ISIC_9812833.jpg,0.8216487169265747
ISIC_1510820.jpg,ISIC_9813807(1).jpg,0.8186031579971313
ISIC_1510820.jpg,ISIC_9813807.jpg,0.8186031579971313
ISIC_1510820.jpg,ISIC_9814124.jpg,0.23819400370121002
ISIC_1510820.jpg,ISIC_9814134.jpg,0.18033982813358307
ISIC_1510820.jpg,ISIC_9816232.jpg,0.7744974493980408
ISIC_1510820.jpg,ISIC_9819477(1).jpg,0.7909825444221497
ISIC_1510820.jpg,ISIC_9819477.jpg,0.7909825444221497
ISIC_1510820.jpg,ISIC_9821590.jpg,0.6737808585166931
ISIC_1510820.jpg,ISIC_9821912.jpg,0.6709955334663391
ISIC_1510820.jpg,ISIC_9828652.jpg,0.45190662145614624
ISIC_1510820.jpg,ISIC_9829355(1).jpg,0.6421750783920288
ISIC_1510820.jpg,ISIC_9829355.jpg,0.6421750783920288
ISIC_1510820.jpg,ISIC_9830086.jpg,0.6305224895477295
ISIC_1510820.jpg,ISIC_9835307.jpg,0.8543160557746887
ISIC_1510820.jpg,ISIC_9838627.jpg,0.710041880607605
ISIC_1510820.jpg,ISIC_9839024.jpg,0.29879605770111084
ISIC_1510820.jpg,ISIC_9839094.jpg,0.3106958270072937
ISIC_1510820.jpg,ISIC_9839916.jpg,0.7157920598983765
ISIC_1510820.jpg,ISIC_9842982.jpg,0.20140893757343292
ISIC_1510820.jpg,ISIC_9843071.jpg,0.7148206830024719
ISIC_1510820.jpg,ISIC_9843964.jpg,0.7216874957084656
ISIC_1510820.jpg,ISIC_9843995.jpg,0.58182293176651
ISIC_1510820.jpg,ISIC_9844548.jpg,0.8794079422950745
ISIC_1510820.jpg,ISIC_9845561.jpg,0.8997483849525452
ISIC_1510820.jpg,ISIC_9845867.jpg,0.14176508784294128
ISIC_1510820.jpg,ISIC_9846010.jpg,0.38862091302871704
ISIC_1510820.jpg,ISIC_9846074.jpg,0.8100959062576294
ISIC_1510820.jpg,ISIC_9846473.jpg,0.3046388328075409
ISIC_1510820.jpg,ISIC_9848140.jpg,0.6864251494407654
ISIC_1510820.jpg,ISIC_9849474.jpg,0.878908634185791
ISIC_1510820.jpg,ISIC_9849915.jpg,0.884058952331543
ISIC_1510820.jpg,ISIC_9850411.jpg,0.2796095907688141
ISIC_1510820.jpg,ISIC_9850663.jpg,0.564979612827301
ISIC_1510820.jpg,ISIC_9851570.jpg,0.8022406697273254
ISIC_1510820.jpg,ISIC_9852671.jpg,0.6961577534675598
ISIC_1510820.jpg,ISIC_9853298.jpg,0.8223748803138733
ISIC_1510820.jpg,ISIC_9854060.jpg,0.8759174346923828
ISIC_1510820.jpg,ISIC_9855157.jpg,0.7631436586380005
ISIC_1510820.jpg,ISIC_9858719.jpg,0.7364632487297058
ISIC_1510820.jpg,ISIC_9862104.jpg,0.6439244151115417
ISIC_1510820.jpg,ISIC_9866896.jpg,0.4255353808403015
ISIC_1510820.jpg,ISIC_9868655.jpg,0.8491489291191101
ISIC_1510820.jpg,ISIC_9870231.jpg,0.48149168491363525
ISIC_1510820.jpg,ISIC_9871669.jpg,0.5447341203689575
ISIC_1510820.jpg,ISIC_9873208.jpg,0.8304401636123657
ISIC_1510820.jpg,ISIC_9875614.jpg,0.54212886095047
ISIC_1510820.jpg,ISIC_9877452.jpg,0.4825340807437897
ISIC_1510820.jpg,ISIC_9882513.jpg,0.6860508322715759
ISIC_1510820.jpg,ISIC_9882710.jpg,0.40325137972831726
ISIC_1510820.jpg,ISIC_9887854.jpg,0.5615517497062683
ISIC_1510820.jpg,ISIC_9890091.jpg,0.8726548552513123
ISIC_1510820.jpg,ISIC_9895171.jpg,0.5138186812400818
ISIC_1510820.jpg,ISIC_9897022.jpg,0.5923455357551575
ISIC_1510820.jpg,ISIC_9899809.jpg,0.6196913719177246
ISIC_1510820.jpg,ISIC_9903236.jpg,0.7393677830696106
ISIC_1510820.jpg,ISIC_9910831.jpg,0.8477913737297058
ISIC_1510820.jpg,ISIC_9911183.jpg,0.7822241187095642
ISIC_1510820.jpg,ISIC_9911568.jpg,0.8249515295028687
ISIC_1510820.jpg,ISIC_9911882.jpg,0.6914328932762146
ISIC_1510820.jpg,ISIC_9912997.jpg,0.7469531297683716
ISIC_1510820.jpg,ISIC_9916252.jpg,0.4773285388946533
ISIC_1510820.jpg,ISIC_9916306.jpg,0.7731971144676208
ISIC_1510820.jpg,ISIC_9918495.jpg,0.26330769062042236
ISIC_1510820.jpg,ISIC_9921046.jpg,0.7115232944488525
ISIC_1510820.jpg,ISIC_9922988.jpg,0.7662988901138306
ISIC_1510820.jpg,ISIC_9925177.jpg,0.46549224853515625
ISIC_1510820.jpg,ISIC_9926395.jpg,0.8012586832046509
ISIC_1510820.jpg,ISIC_9927447.jpg,0.7277751564979553
ISIC_1510820.jpg,ISIC_9927724.jpg,0.5144190192222595
ISIC_1510820.jpg,ISIC_9927852.jpg,0.623677670955658
ISIC_1510820.jpg,ISIC_9928214.jpg,0.5890525579452515
ISIC_1510820.jpg,ISIC_9928802.jpg,0.6246219873428345
ISIC_1510820.jpg,ISIC_9929302.jpg,0.750499963760376
ISIC_1510820.jpg,ISIC_9930189.jpg,0.6668741703033447
ISIC_1510820.jpg,ISIC_9930607.jpg,0.7209790349006653
ISIC_1510820.jpg,ISIC_9931481.jpg,0.4683881998062134
ISIC_1510820.jpg,ISIC_9932650.jpg,0.7994782328605652
ISIC_1510820.jpg,ISIC_9932714.jpg,0.34933042526245117
ISIC_1510820.jpg,ISIC_9935338.jpg,0.8340989947319031
ISIC_1510820.jpg,ISIC_9936277.jpg,0.7746062278747559
ISIC_1510820.jpg,ISIC_9937461.jpg,0.19471414387226105
ISIC_1510820.jpg,ISIC_9937768.jpg,0.4371654987335205
ISIC_1510820.jpg,ISIC_9938017.jpg,0.10246702283620834
ISIC_1510820.jpg,ISIC_9940478.jpg,0.5788174271583557
ISIC_1510820.jpg,ISIC_9941030.jpg,0.7950748205184937
ISIC_1510820.jpg,ISIC_9941424.jpg,0.3958524763584137
ISIC_1510820.jpg,ISIC_9941666.jpg,0.8398526906967163
ISIC_1510820.jpg,ISIC_9944611.jpg,0.7987106442451477
ISIC_1510820.jpg,ISIC_9951368.jpg,0.8523809909820557
ISIC_1510820.jpg,ISIC_9952355.jpg,0.17048442363739014
ISIC_1510820.jpg,ISIC_9952818.jpg,0.6410365104675293
ISIC_1510820.jpg,ISIC_9955410.jpg,0.15442511439323425
ISIC_1510820.jpg,ISIC_9956468.jpg,0.8049149513244629
ISIC_1510820.jpg,ISIC_9957341.jpg,0.751251757144928
ISIC_1510820.jpg,ISIC_9957368.jpg,0.23219384253025055
ISIC_1510820.jpg,ISIC_9960485.jpg,0.6385820508003235
ISIC_1510820.jpg,ISIC_9960583.jpg,0.17288826406002045
ISIC_1510820.jpg,ISIC_9960678.jpg,0.8771446347236633
ISIC_1510820.jpg,ISIC_9960693.jpg,0.7249284386634827
ISIC_1510820.jpg,ISIC_9961370.jpg,0.6058680415153503
ISIC_1510820.jpg,ISIC_9962990.jpg,0.4707396626472473
ISIC_1510820.jpg,ISIC_9963289.jpg,0.5868546962738037
ISIC_1510820.jpg,ISIC_9967412.jpg,0.8749129772186279
ISIC_1510820.jpg,ISIC_9968023.jpg,0.7697781324386597
ISIC_1510820.jpg,ISIC_9968928.jpg,0.4421509802341461
ISIC_1510820.jpg,ISIC_9969308.jpg,0.6423861384391785
ISIC_1510820.jpg,ISIC_9969800.jpg,0.8247072696685791
ISIC_1510820.jpg,ISIC_9972828.jpg,0.2023540437221527
ISIC_1510820.jpg,ISIC_9975957.jpg,0.7512996792793274
ISIC_1510820.jpg,ISIC_9976054.jpg,0.7506837844848633
ISIC_1510820.jpg,ISIC_9976538.jpg,0.643908679485321
ISIC_1510820.jpg,ISIC_9978346.jpg,0.2588076889514923
ISIC_1510820.jpg,ISIC_9979369.jpg,0.3631053864955902
ISIC_1510820.jpg,ISIC_9979673.jpg,0.7847851514816284
ISIC_1510820.jpg,ISIC_9980216.jpg,0.41236791014671326
ISIC_1510820.jpg,ISIC_9980453.jpg,0.7491271495819092
ISIC_1510820.jpg,ISIC_9982814.jpg,0.7429586052894592
ISIC_1510820.jpg,ISIC_9983015.jpg,0.3750499486923218
ISIC_1510820.jpg,ISIC_9983147.jpg,0.7561075091362
ISIC_1510820.jpg,ISIC_9983668.jpg,0.8395522832870483
ISIC_1510820.jpg,ISIC_9986023.jpg,0.7257708311080933
ISIC_1510820.jpg,ISIC_9987035.jpg,0.3664019703865051
ISIC_1510820.jpg,ISIC_9987545.jpg,0.5830820202827454
ISIC_1510820.jpg,ISIC_9989537.jpg,0.4362894892692566
ISIC_1510820.jpg,ISIC_9990202.jpg,0.6422058939933777
ISIC_1510820.jpg,ISIC_9990629.jpg,0.7842889428138733
ISIC_1510820.jpg,ISIC_9991958.jpg,0.8143483996391296
ISIC_1510820.jpg,ISIC_9992226.jpg,0.4674246311187744
ISIC_1510820.jpg,ISIC_9992485.jpg,0.8537302017211914
ISIC_1510820.jpg,ISIC_9996992.jpg,0.5665542483329773
ISIC_1510820.jpg,ISIC_9997917.jpg,0.21081387996673584
ISIC_1510820.jpg,ISIC_9999302.jpg,0.5944859981536865
